0
No
0
Yes
0 0
0 1
0 2
0 3
0 4
0 5
0 6
0 7
0 8
1 0
1 3
1 4
1 7
2 0
2 3
0
Yes
0 19
0 20
0 21
0 22
0 23
0 24
0 25
0 26
0 27
1 18
1 19
1 20
1 21
1 22
1 23
1 24
1 25
1 26
1 27
2 18
2 19
2 20
2 21
2 22
2 23
2 24
2 25
2 26
2 27
3 18
3 19
3 20
3 21
3 22
3 23
3 24
3 25
3 26
3 27
4 19
4 20
4 21
4 22
4 23
4 24
4 25
4 26
4 27
5 18
5 19
5 20
5 21
5 22
5 23
5 24
5 25
5 26
5 27
6 19
6 20
6 21
6 22
6 23
6 24
6 25
6 26
6 27
7 19
7 20
7 21
7 22
7 23
7 24
7 25
7 26
7 27
8 19
8 20
8 21
8 22
0
Yes
0 28
0 29
0 30
0 31
0 32
0 33
0 34
1 28
1 29
1 30
1 31
1 32
1 33
1 34
2 28
2 29
2 30
2 31
2 32
2 33
2 34
3 28
3 29
3 30
3 31
3 32
3 33
3 34
4 28
4 29
4 30
4 31
4 32
4 33
4 34
5 28
5 29
5 30
5 31
5 32
5 33
5 34
6 28
0
Yes
0 0
0 1
0 2
0 3
0 4
0 5
0 6
0 7
0 8
1 0
1 3
1 4
1 7
2 0
2 3
2 7
2 8
3 8
3 9
4 8
4 9
0
Yes
0 35
0 36
1 35
1 36
0
Yes
0 37
0 38
0 39
0 40
0 41
0 42
0 43
0 44
0 45
1 37
1 38
1 39
1 40
1 41
1 42
1 43
1 44
1 45
2 35
2 36
2 37
2 38
2 39
2 40
2 41
2 42
2 43
2 44
2 45
3 35
3 36
3 37
3 38
3 39
3 40
3 41
3 42
3 43
3 44
3 45
4 35
4 36
4 37
4 38
4 39
4 40
4 41
4 42
4 43
4 44
4 45
5 35
5 36
5 37
5 38
5 39
5 40
5 41
5 42
5 43
5 44
5 45
6 35
6 36
6 37
6 38
6 39
6 40
6 41
6 42
6 43
6 44
6 45
7 35
7 36
7 37
7 38
7 39
7 40
7 41
7 42
7 43
8 37
0
Yes
0 19
0 20
0 21
0 22
0 23
0 24
1 18
1 19
1 20
1 21
1 22
1 23
1 24
2 18
2 19
2 20
2 21
2 22
2 23
2 24
3 18
3 19
3 20
3 21
3 22
3 23
3 24
4 19
4 20
4 21
4 22
4 23
4 24
5 19
5 20
5 21
5 22
0
Yes
0 25
0 26
0 27
1 25
1 26
1 27
2 25
2 26
2 27
3 25
3 26
3 27
4 25
4 26
4 27
5 24
5 25
5 26
5 27
6 23
6 24
6 25
6 26
6 27
7 24
7 25
7 26
7 27
0
Yes
3 10
4 10
5 8
5 9
5 10
5 11
6 5
6 6
6 7
6 8
6 9
6 10
6 11
6 19
6 20
6 21
7 7
7 8
7 9
7 10
7 11
7 13
7 19
7 20
7 21
8 5
8 6
8 7
8 8
8 9
8 10
8 11
8 12
8 13
8 14
8 16
8 17
8 18
8 19
8 20
8 21
9 7
9 8
9 9
9 10
9 11
9 12
9 13
9 14
9 15
9 16
9 17
9 18
9 19
9 20
9 21
10 5
10 6
10 7
10 8
10 9
10 10
10 11
10 15
10 16
10 17
10 18
10 19
10 20
10 21
11 5
11 6
11 7
11 8
11 9
11 10
11 16
11 17
12 5
12 6
12 7
12 8
12 9
13 5
13 6
13 7
13 8
13 9
13 10
14 9
0
Yes
6 22
6 30
6 31
6 32
6 33
7 22
7 28
7 29
7 30
7 31
7 32
7 33
8 22
8 23
8 24
8 25
8 26
8 27
8 28
8 29
8 30
8 31
8 32
8 33
9 22
9 23
9 24
9 25
9 26
9 27
9 28
9 29
9 30
9 31
9 32
9 33
10 22
10 23
10 24
10 25
10 26
10 27
10 28
10 29
10 30
10 31
10 32
10 33
11 19
11 20
11 21
11 22
11 23
11 24
11 25
11 26
11 27
11 28
11 29
11 30
11 31
11 32
11 33
12 17
12 18
12 19
12 20
12 21
12 22
12 23
12 24
12 25
12 26
12 27
12 28
12 29
12 30
12 31
12 32
12 33
13 17
13 18
13 19
13 20
13 21
13 22
13 23
13 24
13 25
13 26
13 27
13 28
13 29
13 30
13 31
13 32
13 33
14 17
14 18
14 19
14 20
14 21
14 22
14 23
14 24
14 25
14 26
14 27
14 28
14 29
14 30
14 31
14 32
14 33
15 19
15 20
15 21
15 22
15 23
15 24
15 25
15 26
15 27
15 28
15 29
15 30
15 31
15 32
15 33
16 19
16 20
16 21
16 22
16 23
16 24
16 25
16 26
16 27
16 28
16 29
16 30
16 31
16 32
16 33
0
Yes
0 0
0 1
0 2
0 3
0 4
0 5
0 6
0 7
0 8
1 0
1 3
1 4
1 7
2 0
2 3
2 7
2 8
3 8
0
Yes
6 22
6 30
6 31
7 22
7 28
7 29
7 30
7 31
8 22
8 23
8 24
8 25
8 26
8 27
8 28
8 29
8 30
8 31
9 22
9 23
9 24
9 25
9 26
9 27
9 28
9 29
9 30
9 31
10 22
10 23
10 24
10 25
10 26
10 27
10 28
10 29
10 30
10 31
11 19
11 20
11 21
11 22
11 23
11 24
11 25
11 26
11 27
11 28
11 29
11 30
11 31
12 19
12 20
12 21
12 22
12 23
12 24
12 25
12 26
12 27
12 28
12 29
12 30
12 31
13 19
13 20
13 21
13 22
13 23
13 24
13 25
13 26
13 27
13 28
13 29
13 30
13 31
14 19
14 20
14 21
14 22
14 23
14 24
14 25
14 26
14 27
14 28
14 29
14 30
14 31
0
Yes
0 46
0 47
0 48
0 49
1 46
1 47
1 48
1 49
2 46
2 47
2 48
2 49
3 46
3 47
3 48
3 49
4 46
4 47
4 48
4 49
5 46
5 47
5 48
5 49
6 46
6 47
6 48
6 49
7 46
7 47
7 48
7 49
8 46
8 47
8 48
8 49
9 47
0
Yes
6 32
6 33
6 34
7 32
7 33
7 34
8 32
8 33
8 34
8 35
9 32
9 33
9 34
9 35
9 36
9 37
9 38
10 32
10 33
10 34
10 35
10 36
10 37
10 38
10 39
11 32
11 33
11 34
11 35
11 36
11 37
11 38
12 32
12 33
12 34
12 35
12 36
12 37
12 38
13 32
13 33
13 34
13 35
13 36
13 37
13 38
14 32
14 33
14 34
14 35
14 36
14 37
14 38
15 30
15 31
15 32
15 33
15 34
15 35
15 36
15 37
15 38
16 30
16 31
16 32
16 33
16 34
16 35
16 36
16 37
16 38
17 30
17 31
17 32
17 33
17 34
17 35
17 36
0
Yes
0 19
0 20
0 21
0 22
0 23
0 24
1 18
1 19
1 20
1 21
1 22
1 23
1 24
2 18
2 19
2 20
2 21
2 22
2 23
3 18
3 19
3 20
3 21
3 22
3 23
4 19
4 20
4 21
4 22
4 23
0
Yes
10 0
10 1
11 0
11 1
12 0
12 1
0
Yes
10 3
11 2
11 3
12 2
12 3
13 0
13 1
13 2
13 3
13 4
14 0
14 1
14 2
14 3
14 4
14 5
14 6
14 7
15 0
15 1
15 2
15 3
15 4
15 5
15 6
16 0
16 1
16 2
16 3
16 4
16 5
16 6
17 0
17 1
17 2
17 3
17 4
17 5
18 0
18 1
18 2
18 3
18 4
19 0
19 1
19 2
19 3
19 4
20 0
20 1
20 2
20 3
20 4
20 5
21 0
21 1
21 2
21 3
21 4
21 5
22 0
22 1
22 2
22 3
22 4
22 5
22 7
23 0
23 1
23 2
23 3
23 4
23 5
23 6
23 7
24 0
24 1
24 2
24 3
24 4
24 5
24 6
24 7
25 0
25 1
25 2
25 3
25 4
25 5
25 6
25 7
26 0
26 1
26 2
26 3
26 4
26 5
26 6
26 7
0
Yes
11 45
12 41
12 45
13 40
13 41
13 43
13 44
13 45
14 40
14 41
14 42
14 43
14 44
14 45
14 46
15 41
15 42
15 43
15 44
15 45
15 46
15 47
16 45
16 46
16 47
0
Yes
12 39
13 39
14 39
15 39
16 39
16 40
16 41
17 38
17 39
17 40
18 31
18 32
18 33
18 34
18 35
18 36
18 37
18 38
18 39
18 40
19 32
19 33
19 34
19 35
19 36
19 37
19 38
19 39
19 40
19 41
19 42
19 43
20 32
20 33
20 34
20 35
20 36
20 37
20 38
20 39
20 41
20 42
21 32
21 33
21 34
21 35
21 36
21 37
21 38
21 39
21 41
21 42
22 32
22 33
22 34
22 35
22 36
22 37
22 38
22 39
23 33
23 34
23 35
23 36
23 37
23 38
23 39
23 40
24 33
24 34
24 35
24 36
24 37
24 38
24 39
24 40
25 35
25 36
25 37
25 38
25 39
25 40
0
Yes
15 19
15 20
15 21
15 22
15 23
15 24
15 25
15 26
15 27
15 28
16 19
16 20
16 21
16 22
16 23
16 24
16 25
16 26
16 27
16 28
17 19
17 20
17 21
17 22
17 23
17 24
17 25
17 26
17 27
17 28
18 18
18 19
18 20
18 21
18 22
18 23
18 24
18 25
18 26
18 27
18 28
19 19
19 20
19 21
19 22
19 23
19 24
19 25
19 26
19 27
19 28
20 20
20 21
20 22
20 23
20 24
20 25
20 26
20 27
20 28
21 21
21 22
21 23
21 24
21 25
21 26
21 27
22 20
22 21
22 22
22 23
22 24
22 25
22 26
22 27
23 19
23 20
23 21
23 22
23 23
23 24
23 25
23 26
23 27
24 19
24 20
24 21
24 22
24 23
24 24
0
Yes
19 10
20 8
20 9
20 10
21 8
21 9
21 10
22 8
22 9
22 10
22 11
23 8
23 9
23 10
24 8
24 9
24 10
24 11
25 8
25 9
25 10
25 11
25 12
26 8
26 9
26 10
26 11
26 12
26 13
27 5
27 6
27 7
27 8
27 9
27 10
27 11
28 5
28 6
28 7
28 8
28 9
28 10
28 11
28 12
29 5
29 6
29 7
29 8
29 9
29 10
29 11
30 5
30 6
30 7
30 8
30 9
30 10
30 11
31 5
31 6
31 7
31 8
31 9
31 10
31 11
32 5
32 6
32 7
32 8
32 9
32 10
32 11
0
No
0
Yes
22 28
23 28
23 29
24 26
24 27
24 28
24 29
25 21
25 22
25 23
25 24
25 25
25 26
25 27
25 28
25 29
26 21
26 22
26 23
26 24
26 25
26 26
26 27
26 28
26 29
26 30
27 22
27 23
27 24
27 25
27 26
27 27
27 28
27 29
27 30
28 22
28 23
28 24
28 25
28 26
28 27
28 28
28 29
29 22
29 23
29 24
29 25
29 26
29 27
29 28
29 29
29 30
30 22
30 23
30 24
30 25
30 26
30 27
30 28
30 29
30 30
31 22
31 23
31 24
31 25
31 26
31 27
31 28
31 29
31 30
0
Yes
0 25
0 26
0 27
1 25
1 26
1 27
2 25
2 26
2 27
3 24
3 25
3 26
3 27
4 24
4 25
4 26
4 27
5 23
5 24
5 25
5 26
5 27
6 23
6 24
6 25
6 26
6 27
7 25
0
Yes
24 18
25 16
25 17
25 18
25 19
25 20
26 15
26 16
26 17
26 18
26 19
26 20
27 16
27 17
27 18
27 19
27 20
28 18
28 19
28 20
28 21
29 19
29 20
29 21
30 21
31 21
32 19
32 20
32 21
32 22
32 23
33 18
33 19
33 20
33 21
33 22
33 23
34 18
34 19
34 20
34 21
34 22
34 23
35 17
35 18
35 19
35 20
35 21
35 22
35 23
36 17
36 18
36 19
36 20
36 21
36 22
36 23
37 18
37 19
0
Yes
0 46
0 47
0 48
1 46
1 47
0
Yes
0 49
1 49
2 48
2 49
3 49
0
Yes
0 28
0 29
0 30
0 31
0 32
0 33
1 28
1 29
1 30
1 31
1 32
1 33
2 28
2 29
2 30
2 31
2 32
2 33
3 28
3 29
3 30
3 31
3 32
3 33
4 28
4 29
4 30
4 31
4 32
4 33
5 28
5 29
0
Yes
0 28
0 29
0 30
0 31
0 32
1 28
1 29
1 30
1 31
1 32
2 28
2 29
2 30
2 31
2 32
3 28
3 29
3 30
3 31
3 32
4 28
4 29
4 30
4 31
4 32
0
Yes
0 33
0 34
0 35
0 36
1 33
1 34
1 35
2 33
2 34
3 33
3 34
4 33
4 34
5 28
5 29
5 30
5 31
5 32
5 33
5 34
6 28
6 29
6 30
6 31
7 27
7 28
7 29
7 30
7 31
8 24
8 25
8 26
8 27
8 28
8 29
8 30
8 31
9 25
9 26
9 27
9 28
9 29
9 30
9 31
10 25
10 26
10 27
10 28
10 29
10 30
10 31
11 25
11 26
11 27
11 28
11 29
11 30
11 31
12 25
12 26
12 27
12 28
12 29
12 30
12 31
13 25
13 26
13 27
13 28
13 29
13 30
13 31
0
Yes
0 46
0 47
0 48
1 46
1 47
0
Yes
3 9
3 10
4 6
4 7
4 8
4 9
4 10
5 8
5 9
5 10
5 11
6 5
6 6
6 7
6 8
6 9
6 10
6 11
7 7
7 8
7 9
7 10
7 11
7 13
8 5
8 6
8 7
8 8
8 9
8 10
8 11
8 12
8 13
8 14
9 7
9 8
9 9
9 10
9 11
9 12
9 13
9 14
10 6
10 7
10 8
10 9
10 10
10 11
11 7
11 8
11 9
11 10
12 7
12 8
12 9
0
Yes
5 18
5 19
5 20
5 21
5 22
6 19
6 20
6 21
6 22
7 19
7 20
7 21
7 22
7 23
8 16
8 17
8 18
8 19
8 20
8 21
8 22
8 23
9 15
9 16
9 17
9 18
9 19
9 20
9 21
9 22
9 23
10 15
10 16
10 17
10 18
10 19
10 20
10 21
10 22
10 23
11 16
11 17
11 18
11 19
11 20
11 21
11 22
11 23
12 17
12 18
12 19
0
Yes
2 46
2 47
3 46
3 47
4 46
4 47
0
Yes
10 24
11 24
12 21
12 22
12 23
12 24
13 17
13 18
13 19
13 20
13 21
13 22
13 23
13 24
14 17
14 18
14 19
14 20
14 21
14 22
14 23
14 24
14 25
14 26
14 27
14 28
14 29
14 30
15 16
15 17
15 29
16 29
17 29
18 29
18 30
18 31
18 32
18 33
18 34
18 35
18 36
19 29
19 30
19 31
19 32
19 33
19 34
19 35
19 36
20 29
20 30
20 31
20 32
20 33
20 34
20 35
21 30
21 31
21 32
21 33
21 34
21 35
0
Yes
10 24
11 24
12 21
12 22
12 23
12 24
13 17
13 18
13 19
13 20
13 21
13 22
13 23
13 24
14 17
14 18
14 19
14 20
14 21
14 22
14 23
14 24
14 25
14 26
14 27
14 28
14 29
14 30
0
No
0
No
0
Yes
0 0
0 1
0 2
0 3
0 4
0 5
0 6
0 7
0 8
1 0
1 3
1 4
1 7
2 0
2 3
2 7
0
Yes
12 39
13 39
14 39
15 39
16 39
16 40
16 41
17 38
17 39
17 40
18 32
18 33
18 34
18 35
18 36
18 37
18 38
18 39
18 40
19 32
19 33
19 34
19 35
19 36
19 37
19 38
19 39
19 40
19 41
19 42
19 43
20 32
20 33
20 34
20 35
20 36
20 37
20 38
20 39
20 41
20 42
21 32
21 33
21 34
21 35
21 36
21 37
21 38
21 39
21 41
21 42
22 32
22 33
22 34
22 35
22 36
22 37
22 38
22 39
23 33
23 34
23 35
23 36
23 37
23 38
23 39
23 40
24 33
24 34
24 35
24 36
24 37
24 38
24 39
24 40
25 39
0
Yes
12 39
13 39
14 39
15 39
16 39
16 40
16 41
17 38
17 39
17 40
18 31
18 32
18 33
18 34
18 35
18 36
18 37
18 38
18 39
18 40
19 32
19 33
19 34
19 35
19 36
19 37
19 38
19 39
19 40
19 41
19 42
19 43
20 32
20 33
20 34
20 35
20 36
20 37
20 38
20 39
20 41
20 42
21 32
21 33
21 34
21 35
21 36
21 37
21 38
21 39
21 41
21 42
22 32
22 33
22 34
22 35
22 36
22 37
22 38
22 39
23 33
23 34
23 35
23 36
23 37
23 38
23 39
23 40
24 33
24 34
24 35
24 36
24 37
24 38
24 39
24 40
25 35
25 36
25 37
25 38
25 39
25 40
0
Yes
19 10
20 8
20 9
20 10
21 8
21 9
21 10
22 8
22 9
22 10
22 11
23 8
23 9
23 10
24 8
24 9
24 10
24 11
25 8
25 9
25 10
25 11
25 12
26 8
26 9
26 10
26 11
26 12
26 13
27 1
27 2
27 3
27 4
27 5
27 6
27 7
27 8
27 9
27 10
27 11
28 1
28 2
28 3
28 4
28 5
28 6
28 7
28 8
28 9
28 10
28 11
28 12
29 1
29 2
29 3
29 4
29 5
29 6
29 7
29 8
29 9
29 10
29 11
30 1
30 2
30 3
30 4
30 5
30 6
30 7
30 8
30 9
30 10
30 11
31 1
31 2
31 3
31 4
31 5
31 6
31 7
31 8
31 9
31 10
31 11
31 12
32 1
32 2
32 3
32 4
32 5
32 6
32 7
32 8
32 9
32 10
32 11
32 12
32 13
33 2
33 3
33 4
33 5
33 6
33 7
33 8
33 9
33 10
33 11
33 12
34 2
34 3
34 4
34 5
34 6
34 7
34 8
34 9
34 10
35 2
35 3
35 4
35 5
35 6
35 7
35 8
35 9
35 10
0
Yes
24 18
25 16
25 17
25 18
25 19
25 20
26 15
26 16
26 17
26 18
26 19
26 20
27 16
27 17
27 18
27 19
27 20
28 18
28 19
28 20
28 21
29 19
29 20
29 21
30 21
31 21
32 19
32 20
32 21
32 22
33 18
33 19
33 20
33 21
33 22
34 18
34 19
34 20
34 21
34 22
35 17
35 18
35 19
35 20
35 21
35 22
36 17
36 18
36 19
36 20
0
Yes
24 41
24 42
24 43
24 44
25 41
25 42
25 43
25 44
26 36
26 37
26 38
26 39
26 40
26 41
26 42
26 43
26 44
27 36
27 37
27 38
27 39
27 40
27 41
27 42
27 43
27 44
28 36
28 37
28 38
28 39
28 40
28 41
28 42
28 43
28 44
29 36
29 37
29 38
29 39
29 40
29 41
29 42
29 43
29 44
30 36
30 37
30 38
30 39
30 40
30 41
30 42
30 43
30 44
31 37
31 38
31 39
31 40
31 41
31 42
31 43
31 44
0
Yes
24 48
25 47
25 48
25 49
26 46
26 47
26 48
26 49
27 46
27 47
27 48
27 49
28 45
28 46
28 47
28 48
28 49
29 45
29 46
29 47
29 48
29 49
30 45
30 46
30 47
30 48
30 49
31 45
31 46
31 47
31 48
31 49
32 39
32 40
32 41
32 42
32 43
32 44
32 45
32 46
32 47
32 48
32 49
33 39
33 40
33 41
33 42
33 43
33 44
33 45
33 46
33 47
33 48
33 49
34 39
34 40
34 41
34 42
34 43
34 44
34 45
34 46
34 47
34 48
34 49
35 39
35 40
35 41
35 42
35 43
35 44
35 45
35 46
35 47
35 48
35 49
36 39
36 40
36 41
36 42
36 43
36 44
36 45
36 46
36 47
36 48
36 49
37 39
37 40
37 41
37 42
37 43
37 44
37 45
37 46
37 47
37 48
37 49
38 39
38 40
38 41
38 42
38 43
38 44
38 45
38 46
38 47
38 48
38 49
39 39
39 40
39 41
39 42
39 43
39 44
39 45
39 46
39 47
39 48
39 49
40 39
40 40
40 41
40 42
40 43
40 44
40 45
40 46
40 47
40 48
40 49
41 47
41 48
41 49
0
Yes
26 35
27 33
27 35
28 33
28 34
28 35
29 31
29 32
29 33
29 34
29 35
30 31
30 32
30 33
30 34
30 35
31 31
31 32
31 33
31 34
31 35
32 30
32 31
32 32
32 33
32 34
32 35
32 36
32 37
32 38
33 30
33 31
33 32
33 33
33 34
33 35
33 36
33 37
33 38
34 30
34 31
34 32
34 33
34 34
34 35
34 36
34 37
34 38
35 30
35 31
35 32
35 33
35 34
35 35
35 36
35 37
35 38
36 30
36 31
36 32
36 33
36 34
36 35
36 36
36 37
36 38
37 32
37 33
37 34
37 35
37 36
37 37
37 38
0
No
0
Yes
0 33
0 34
0 35
0 36
1 33
1 34
1 35
2 33
2 34
3 33
3 34
4 33
4 34
5 29
5 30
5 31
5 32
5 33
5 34
6 29
6 30
6 31
6 32
6 33
6 34
7 29
7 30
7 31
7 32
7 33
7 34
8 29
8 30
8 31
8 32
8 33
8 34
9 31
9 32
9 33
9 34
0
Yes
0 0
0 1
0 2
0 3
0 4
0 5
0 6
0 7
0 8
1 0
1 3
1 4
1 7
2 0
2 3
2 7
2 8
3 8
3 9
3 10
4 6
4 7
4 8
4 9
4 10
5 8
5 9
5 10
5 11
6 5
6 6
6 7
6 8
6 9
6 10
6 11
7 7
7 8
7 9
7 10
7 11
8 5
8 6
8 7
8 8
8 9
8 10
8 11
9 7
9 8
9 9
9 10
9 11
10 3
10 5
10 6
10 7
10 8
10 9
10 10
10 11
11 2
11 3
11 5
11 6
11 7
11 8
11 9
11 10
12 2
12 3
12 5
12 6
12 7
12 8
12 9
13 0
13 1
13 2
13 3
13 4
13 5
13 6
13 7
13 8
13 9
14 0
14 1
14 2
14 3
14 4
14 5
14 6
0
No
0
Yes
0 28
0 29
0 30
0 31
0 32
1 28
1 29
1 30
1 31
1 32
2 28
2 29
2 30
2 31
2 32
3 28
3 29
3 30
3 31
3 32
4 28
4 29
4 30
4 31
5 28
6 28
7 27
7 28
8 24
8 25
8 26
8 27
8 28
8 35
9 24
9 25
9 26
9 27
9 28
9 29
9 35
9 36
9 37
10 25
10 26
10 27
10 28
10 29
10 30
10 31
10 32
10 33
10 34
10 35
10 36
10 37
11 25
11 26
11 27
11 28
11 29
11 30
11 31
11 32
11 33
11 34
11 35
11 36
11 37
12 25
12 26
12 27
12 28
12 29
12 30
12 31
12 32
12 33
12 34
12 35
12 36
12 37
13 26
13 27
13 28
13 29
13 30
13 31
13 32
13 33
13 34
13 35
13 36
13 37
14 31
14 32
14 33
14 34
14 35
14 36
14 37
15 27
15 28
15 29
15 30
15 31
15 32
15 33
15 34
15 35
15 36
15 37
16 27
16 28
16 29
16 30
16 31
16 32
16 33
16 34
0
Yes
15 0
15 1
15 2
15 3
15 4
15 5
15 6
16 0
16 1
16 2
16 3
16 4
16 5
16 6
17 0
17 1
17 2
17 3
17 4
17 5
18 0
18 1
18 2
18 3
18 4
19 0
19 1
19 2
19 3
19 4
19 10
20 0
20 1
20 2
20 3
20 4
20 5
20 8
20 9
20 10
21 0
21 1
21 2
21 3
21 4
21 5
21 8
21 9
21 10
22 0
22 1
22 2
22 3
22 4
22 5
22 7
22 8
22 9
22 10
23 0
23 1
23 2
23 3
23 4
23 5
23 6
23 7
23 8
23 9
23 10
24 0
24 1
24 2
24 3
24 4
24 5
24 6
24 7
24 8
24 9
24 10
25 0
25 1
25 2
25 3
25 4
25 5
25 6
25 7
25 8
25 9
25 10
26 0
26 1
26 2
26 3
26 4
26 5
26 6
26 7
26 8
26 9
26 10
27 0
27 1
27 2
27 3
27 4
27 5
27 6
27 7
27 8
27 9
27 10
28 0
28 1
28 2
28 3
28 4
28 5
28 6
28 7
28 8
28 9
28 10
29 0
29 1
29 2
29 3
29 4
29 5
29 6
29 7
29 8
29 9
29 10
30 0
0
Yes
15 19
15 20
15 21
15 22
15 23
15 24
15 25
15 26
16 19
16 20
16 21
16 22
16 23
16 24
16 25
16 26
17 19
17 20
17 21
17 22
17 23
17 24
17 25
17 26
18 18
18 19
18 20
18 21
18 22
18 23
18 24
18 25
18 26
19 19
19 20
19 21
19 22
19 23
19 24
19 25
19 26
20 20
20 21
20 22
20 23
20 24
20 25
20 26
21 21
21 22
21 23
21 24
21 25
21 26
22 20
22 21
22 22
22 23
22 24
22 25
22 26
23 19
23 20
23 21
23 22
23 23
23 24
23 25
23 26
24 19
24 20
24 21
24 22
0
No
0
Yes
0 19
0 20
0 21
1 19
1 20
0
Yes
16 36
16 37
17 27
17 28
17 29
17 30
17 31
17 32
17 33
17 34
17 35
17 36
18 27
18 28
18 29
18 30
19 27
19 28
19 29
19 30
20 27
20 28
20 29
20 30
20 31
21 27
21 30
21 31
22 27
22 28
23 27
23 28
23 29
24 27
24 28
24 29
25 27
25 28
25 29
26 28
26 29
0
Yes
24 11
25 11
25 12
26 11
26 12
26 13
27 11
28 11
28 12
29 11
30 3
30 4
30 5
30 6
30 7
30 8
30 9
30 10
30 11
31 3
31 4
31 5
31 6
31 7
31 8
31 9
31 10
31 11
31 12
32 3
32 4
32 5
32 6
32 7
32 8
32 9
32 10
32 11
32 12
32 13
33 3
33 4
33 5
33 6
33 7
33 8
33 9
33 10
33 11
33 12
34 3
34 4
34 5
34 6
34 7
34 8
34 9
34 10
35 3
35 4
35 5
35 6
35 7
35 8
35 9
35 10
35 11
35 12
35 13
35 14
36 3
36 4
36 5
36 6
36 7
36 8
36 9
36 10
36 11
36 12
36 13
37 3
37 4
37 5
37 6
37 7
37 8
37 9
37 10
37 11
37 12
37 13
0
Yes
15 19
15 20
15 21
15 22
15 23
15 24
15 25
15 26
16 19
16 20
16 21
16 22
16 23
16 24
16 25
16 26
17 19
17 20
17 21
17 22
17 23
17 24
17 25
17 26
18 18
18 19
18 20
18 21
18 22
18 23
18 24
18 25
18 26
19 19
19 20
19 21
19 22
19 23
19 24
19 25
19 26
20 20
20 21
20 22
20 23
20 24
20 25
20 26
21 21
21 22
21 23
21 24
21 25
21 26
22 20
22 21
22 22
22 23
22 24
22 25
22 26
23 19
23 20
23 21
23 22
23 23
23 24
23 25
23 26
24 18
24 19
24 20
24 21
24 22
24 23
24 24
24 25
24 26
25 16
25 17
25 18
25 19
25 20
25 21
25 22
25 23
25 24
25 25
25 26
26 15
26 16
26 17
26 18
26 19
26 20
26 21
26 22
26 23
26 24
26 25
26 26
27 16
27 17
27 18
27 19
27 20
27 21
27 22
27 23
27 24
27 25
27 26
28 18
28 19
28 20
28 21
28 22
28 23
28 24
28 25
28 26
29 19
29 20
29 21
29 22
29 23
29 24
29 25
29 26
30 21
30 22
30 23
30 24
30 25
30 26
31 21
31 22
31 23
31 24
31 25
31 26
32 21
32 22
0
Yes
26 30
27 27
27 28
27 29
27 30
28 27
28 28
28 29
29 27
29 28
29 29
29 30
30 27
30 28
30 29
30 30
31 27
31 28
31 29
32 24
32 25
32 26
32 27
32 28
32 29
33 21
33 22
33 23
33 24
33 25
33 26
33 27
33 28
33 29
34 21
34 22
34 23
34 24
34 25
34 26
34 27
34 28
34 29
35 21
35 22
35 23
35 24
35 25
35 26
35 27
35 28
35 29
36 21
36 22
36 23
36 24
36 27
36 28
36 29
37 28
37 29
37 30
38 28
38 29
38 30
38 31
38 32
38 33
38 34
39 29
39 30
39 31
39 32
39 33
39 34
40 29
40 30
40 31
40 32
40 33
40 34
41 29
41 30
41 31
41 32
41 33
41 34
0
Yes
0 22
0 23
0 24
0 25
0 26
1 22
1 23
1 24
1 25
1 26
2 20
2 21
2 22
2 23
2 24
2 25
2 26
3 20
3 21
3 22
3 23
3 24
3 25
3 26
4 21
4 22
0
Yes
24 11
25 11
25 12
26 11
26 12
26 13
27 11
28 11
28 12
29 11
30 2
30 3
30 4
30 5
30 6
30 7
30 8
30 9
30 10
30 11
31 2
31 3
31 4
31 5
31 6
31 7
31 8
31 9
31 10
31 11
31 12
32 2
32 3
32 4
32 5
32 6
32 7
32 8
32 9
32 10
32 11
32 12
32 13
33 2
33 3
33 4
33 5
33 6
33 7
33 8
33 9
33 10
33 11
33 12
34 2
34 3
34 4
34 5
34 6
34 7
34 8
34 9
34 10
35 2
35 3
35 4
35 5
35 6
35 7
35 8
35 9
35 10
35 11
35 12
35 13
35 14
35 15
36 2
36 3
36 4
36 5
36 6
36 7
36 8
36 9
36 10
36 11
36 12
36 13
36 14
36 15
37 2
37 3
37 4
37 5
37 6
37 7
37 8
37 9
37 10
37 11
37 12
37 13
37 14
37 15
38 2
38 3
38 4
38 5
38 6
38 7
38 8
38 9
38 10
38 11
38 12
38 13
38 14
38 15
39 2
39 3
39 4
39 5
39 6
39 7
39 8
39 9
39 10
39 11
39 12
39 13
39 14
39 15
40 10
40 11
0
Yes
0 27
1 18
1 27
2 18
2 19
2 27
3 18
3 19
3 27
4 19
4 24
4 25
4 26
4 27
5 19
5 20
5 21
5 22
5 23
5 24
5 25
5 26
5 27
6 19
6 20
6 21
6 22
6 23
6 24
6 25
6 26
7 19
7 20
7 21
7 22
7 23
7 24
7 25
8 19
8 20
8 21
8 22
8 23
9 23
0
Yes
2 46
2 47
3 46
3 47
0
Yes
15 0
15 1
15 2
15 3
15 4
15 5
15 6
16 0
16 1
16 2
16 3
16 4
16 5
16 6
17 0
17 1
17 2
17 3
17 4
17 5
18 0
18 1
18 2
18 3
18 4
19 0
19 1
19 2
19 3
19 4
20 0
20 1
20 2
20 3
20 4
21 0
21 1
21 2
21 3
21 4
22 0
22 1
22 2
22 3
22 4
0
Yes
7 13
8 12
8 13
8 14
8 16
8 17
8 18
9 12
9 13
9 14
9 15
9 16
9 17
9 18
9 19
9 20
9 21
10 15
10 16
10 17
10 18
10 19
10 20
10 21
10 22
11 16
11 17
11 18
11 19
11 20
11 21
12 17
12 18
12 19
0
Yes
19 10
20 5
20 8
20 9
20 10
21 5
21 8
21 9
21 10
22 5
22 7
22 8
22 9
22 10
22 11
23 0
23 1
23 2
23 3
23 4
23 5
23 6
23 7
23 8
23 9
23 10
24 0
24 1
24 2
24 3
24 4
24 5
24 6
24 7
24 8
24 9
24 10
25 0
25 1
25 2
25 3
25 4
25 5
25 6
25 7
25 8
25 9
25 10
26 0
26 1
26 2
26 3
26 4
26 5
26 6
26 7
26 8
26 9
26 10
27 0
27 1
27 2
27 3
27 4
27 5
27 6
27 7
27 8
27 9
27 10
28 0
28 1
28 2
28 3
28 4
28 5
28 6
28 7
28 8
28 9
28 10
29 0
29 1
29 2
29 3
29 4
29 5
29 6
29 7
29 8
29 9
30 0
30 1
31 0
31 1
32 0
32 1
33 0
33 1
34 0
34 1
35 0
35 1
36 0
36 1
37 0
37 1
38 0
38 1
39 0
39 1
40 0
40 1
40 2
0
Yes
19 10
20 5
20 8
20 9
20 10
21 5
21 8
21 9
21 10
22 5
22 7
22 8
22 9
22 10
22 11
23 0
23 1
23 2
23 3
23 4
23 5
23 6
23 7
23 8
23 9
23 10
24 0
24 1
24 2
24 3
24 4
24 5
24 6
24 7
24 8
24 9
24 10
25 0
25 1
25 2
25 3
25 4
25 5
25 6
25 7
25 8
25 9
25 10
26 0
26 1
26 2
26 3
26 4
26 5
26 6
26 7
26 8
26 9
26 10
27 1
27 2
27 3
27 4
27 5
27 6
27 7
27 8
27 9
27 10
28 1
28 2
28 3
28 4
28 5
28 6
28 7
28 8
28 9
28 10
29 1
29 2
29 3
29 4
29 5
29 6
29 7
29 8
29 9
0
Yes
28 0
29 0
30 0
30 1
31 0
31 1
32 0
32 1
33 0
33 1
34 0
34 1
35 0
35 1
36 0
36 1
37 0
37 1
38 0
38 1
39 0
39 1
40 0
40 1
40 2
40 3
40 4
40 5
40 7
40 8
40 13
41 0
41 1
41 2
41 3
41 4
41 8
41 9
41 10
41 11
41 12
41 13
42 0
42 1
42 2
42 4
42 8
42 9
42 10
42 11
42 12
43 0
43 1
43 2
43 8
43 9
43 10
43 11
43 12
43 13
44 0
44 1
44 2
44 3
44 7
44 8
44 9
44 10
44 11
44 12
44 13
45 0
45 1
45 2
45 3
45 4
45 5
45 6
45 7
45 8
45 9
45 10
45 12
46 0
46 1
46 2
46 3
46 4
46 5
46 6
46 7
46 8
46 9
46 10
47 0
47 1
47 2
47 3
47 4
47 5
47 6
47 7
47 8
48 0
48 1
48 2
48 3
48 4
48 5
48 6
48 7
48 8
48 9
49 0
49 1
49 2
49 3
49 4
49 5
49 6
49 7
49 8
49 9
0
Yes
24 41
24 42
24 43
24 44
25 41
25 42
25 43
25 44
26 36
26 37
26 38
26 39
26 40
26 41
26 42
26 43
26 44
27 36
27 37
27 38
27 39
27 40
27 41
27 42
27 43
27 44
28 36
28 37
28 38
28 39
28 40
28 41
28 42
28 43
28 44
29 36
29 37
29 38
29 39
29 40
29 41
29 42
29 43
29 44
30 36
30 37
30 38
30 39
30 40
30 41
30 42
30 43
30 44
31 37
31 38
31 39
31 40
31 41
31 42
31 43
0
Yes
38 35
38 36
38 37
38 38
39 35
39 36
39 37
39 38
40 35
40 36
40 37
40 38
41 35
41 36
41 37
41 38
41 39
41 40
41 41
41 42
41 43
41 44
41 45
42 36
42 37
42 38
42 39
42 40
42 41
42 42
42 43
42 44
42 45
42 46
42 47
43 37
43 40
43 41
43 42
43 43
43 44
43 45
43 46
44 39
44 40
44 41
44 42
44 43
44 44
44 45
44 46
45 40
45 41
45 42
45 43
45 44
45 45
45 46
46 42
46 43
46 44
46 45
46 46
0
Yes
15 0
15 1
15 2
15 3
15 4
15 5
15 6
16 0
16 1
16 2
16 3
16 4
16 5
16 6
17 0
17 1
17 2
17 3
17 4
17 5
18 0
18 1
18 2
18 3
18 4
19 0
19 1
19 2
19 3
19 4
20 0
20 1
20 2
20 3
20 4
21 0
21 1
21 2
21 3
21 4
0
Yes
0 22
0 23
0 24
1 22
1 23
0
Yes
15 19
15 20
15 21
15 22
15 23
15 24
15 25
16 19
16 20
16 21
16 22
16 23
16 24
16 25
17 19
17 20
17 21
17 22
17 23
17 24
17 25
18 18
18 19
18 20
18 21
18 22
18 23
18 24
18 25
19 19
19 20
19 21
19 22
19 23
19 24
19 25
20 20
0
Yes
15 26
16 26
16 36
16 37
17 26
17 27
17 28
17 29
17 30
17 31
17 32
17 33
17 34
17 35
17 36
18 26
18 27
18 28
18 29
18 30
19 26
19 27
19 28
19 29
19 30
20 22
20 23
20 24
20 25
20 26
20 27
20 28
20 29
20 30
20 31
21 21
21 22
21 23
21 24
21 25
21 26
21 27
21 30
21 31
22 20
22 21
22 22
22 23
22 24
22 25
22 26
22 27
22 28
23 20
23 21
23 22
23 23
23 24
23 25
23 26
23 27
23 28
23 29
24 20
24 21
24 22
24 23
24 24
24 25
24 26
24 27
24 28
24 29
25 20
25 21
25 22
25 23
25 24
25 25
25 26
25 27
25 28
25 29
26 20
26 21
26 22
26 23
26 24
26 25
26 26
26 27
26 28
27 20
27 21
27 22
27 23
27 24
27 25
27 26
0
Yes
0 25
0 26
1 25
1 26
2 20
2 21
2 22
2 23
2 24
2 25
2 26
3 20
3 21
3 22
3 23
3 24
3 25
4 21
4 22
0
Yes
0 28
0 29
0 30
0 31
0 32
1 28
1 29
1 30
1 31
1 32
2 28
2 29
2 30
2 31
2 32
3 28
3 29
3 30
3 31
3 32
4 28
4 29
4 30
4 31
5 28
6 28
7 27
7 28
8 25
8 26
8 27
8 28
9 24
9 25
9 26
9 27
9 28
9 29
10 25
10 26
10 27
10 28
10 29
10 30
10 31
10 32
10 33
10 34
10 35
11 25
11 26
11 27
11 28
11 29
11 30
11 31
11 32
11 33
11 34
12 25
12 26
12 27
12 28
12 29
12 30
12 31
12 32
12 33
12 34
13 26
13 27
13 28
13 29
13 30
13 31
13 32
13 33
13 34
0
Yes
0 49
1 49
2 46
2 47
2 48
2 49
3 47
3 48
3 49
4 47
4 48
4 49
0
Yes
0 28
0 29
0 30
0 31
0 32
1 28
1 29
1 30
1 31
1 32
2 28
2 29
2 30
2 31
2 32
3 28
3 29
3 30
3 31
3 32
4 28
4 29
4 30
4 31
5 28
6 28
7 27
7 28
8 26
8 27
8 28
9 26
9 27
9 28
9 29
10 27
10 28
0
Yes
8 25
8 35
9 24
9 25
9 35
9 36
9 37
9 38
10 25
10 30
10 31
10 32
10 33
10 34
10 35
10 36
10 37
10 38
10 39
11 25
11 26
11 27
11 28
11 29
11 30
11 31
11 32
11 33
11 34
11 35
11 36
11 37
11 38
12 25
12 26
12 27
12 28
12 29
12 30
12 31
12 32
12 33
12 34
12 35
12 36
12 37
12 38
13 26
13 27
13 28
13 29
13 30
13 31
13 32
13 33
13 34
13 35
13 36
13 37
13 38
14 31
14 32
14 33
14 34
14 35
14 36
14 37
14 38
15 27
15 28
15 29
15 30
15 31
15 32
15 33
15 34
15 35
15 36
15 37
15 38
16 28
16 29
16 30
16 31
16 32
16 33
16 34
0
No
0
Yes
23 19
24 18
24 19
25 16
25 17
25 18
25 19
26 15
26 16
26 17
26 18
26 19
27 16
27 17
27 18
27 19
28 18
28 19
28 20
28 21
28 22
28 23
28 24
29 19
29 20
29 21
29 22
29 23
29 24
30 21
30 22
30 23
30 24
0
No
0
Yes
0 49
1 49
2 48
2 49
3 49
0
Yes
26 30
27 28
27 29
27 30
28 25
28 26
28 27
28 28
28 29
29 25
29 26
29 27
29 28
29 29
29 30
30 25
30 26
30 27
30 28
30 29
30 30
31 25
31 26
31 27
31 28
31 29
32 25
32 26
32 27
32 28
32 29
33 29
0
Yes
31 21
31 22
31 23
31 24
32 19
32 20
32 21
32 22
32 23
32 24
33 18
33 19
33 20
33 21
33 22
33 23
33 24
33 25
33 26
33 27
34 18
34 19
34 20
34 21
34 22
34 23
34 24
34 25
34 26
34 27
34 28
34 29
35 17
35 18
35 19
35 20
35 21
35 22
35 23
35 24
35 25
35 26
35 27
35 28
35 29
36 17
36 18
36 19
36 20
36 21
36 22
36 23
36 24
36 27
36 28
36 29
37 18
37 19
37 20
37 21
37 22
37 28
37 29
37 30
38 18
38 19
38 20
38 28
38 29
38 30
38 31
38 32
39 20
39 29
39 30
39 31
39 32
40 29
40 30
40 31
40 32
41 28
41 29
41 30
41 31
41 32
42 28
0
Yes
38 33
38 34
38 35
38 36
38 37
38 38
39 33
39 34
39 35
39 36
39 37
39 38
40 33
40 34
40 35
40 36
40 37
40 38
41 33
41 34
41 35
41 36
41 37
41 38
41 39
41 40
41 41
41 42
41 43
42 30
42 31
42 32
42 33
42 36
42 37
42 38
42 39
42 40
42 41
42 42
42 43
43 28
43 29
43 30
43 31
43 32
43 33
43 37
43 40
43 41
43 42
43 43
44 27
44 28
44 29
44 30
44 31
44 39
44 40
44 41
44 42
44 43
45 27
45 28
45 29
45 30
45 31
45 32
46 27
46 28
46 29
46 30
46 31
47 27
47 28
47 29
47 30
47 31
48 27
48 28
48 29
48 30
48 31
49 31
0
Yes
2 46
2 47
3 46
3 47
4 46
4 47
5 46
5 47
0
No
0
Yes
10 23
11 23
11 24
12 21
12 22
12 23
12 24
13 20
13 21
13 22
13 23
13 24
14 20
14 21
14 22
14 23
14 24
14 25
15 20
15 21
15 22
15 23
15 24
15 25
16 23
0
No
0
Yes
38 33
38 34
38 35
38 36
38 37
38 38
39 33
39 34
39 35
39 36
39 37
39 38
40 33
40 34
40 35
40 36
40 37
40 38
41 33
41 34
41 35
41 36
41 37
41 38
41 39
41 40
41 41
41 42
41 43
41 44
41 45
42 30
42 31
42 32
42 33
42 36
42 37
42 38
42 39
42 40
42 41
42 42
42 43
42 44
42 45
43 28
43 29
43 30
43 31
43 32
43 33
43 37
43 40
43 41
43 42
43 43
43 44
43 45
44 27
44 28
44 29
44 30
44 31
44 39
44 40
44 41
44 42
44 43
44 44
45 26
45 27
45 28
45 29
45 30
45 31
45 32
45 40
45 41
45 42
45 43
45 44
46 26
46 27
46 28
46 29
46 30
46 31
47 26
47 27
47 28
47 29
47 30
47 31
48 26
48 27
48 28
48 29
48 30
48 31
48 33
48 34
49 26
49 27
49 28
49 29
49 30
49 31
49 32
49 33
49 34
49 35
0
Yes
2 46
2 47
3 46
3 47
4 46
4 47
4 48
4 49
5 46
5 47
5 48
5 49
6 46
6 47
6 48
6 49
7 46
7 47
7 48
7 49
8 46
0
Yes
12 39
13 39
14 39
15 39
16 38
16 39
16 40
16 41
17 38
17 39
17 40
18 34
18 35
18 36
18 37
18 38
18 39
18 40
19 34
19 35
19 36
19 37
19 38
19 39
19 40
19 41
19 42
19 43
20 34
20 35
20 36
20 37
20 38
20 39
20 41
20 42
21 34
21 35
21 36
21 37
21 38
21 39
21 41
22 34
22 35
22 36
22 37
22 38
22 39
0
Yes
18 32
18 33
19 32
19 33
20 32
20 33
21 32
21 33
22 32
22 33
23 33
23 34
23 35
23 36
23 37
23 38
23 39
23 40
24 33
24 34
24 35
24 36
24 37
24 38
24 39
24 40
24 41
24 42
25 35
25 36
25 37
25 38
25 39
25 40
25 41
25 42
26 36
26 37
26 38
26 39
26 40
26 41
26 42
27 36
27 37
27 38
27 39
27 40
27 41
27 42
28 36
28 37
28 38
28 39
28 40
28 41
28 42
29 36
29 37
29 38
29 39
29 40
29 41
29 42
30 36
30 37
30 38
30 39
30 40
30 41
30 42
0
Yes
13 17
13 18
13 19
14 17
14 18
14 19
15 16
15 17
15 19
16 19
16 20
16 21
17 19
17 20
17 21
17 22
18 18
18 19
18 20
18 21
18 22
19 19
19 20
19 21
0
Yes
42 46
42 47
42 48
42 49
43 46
43 47
43 48
43 49
44 46
44 47
44 48
44 49
45 45
45 46
45 47
45 48
45 49
46 45
46 46
46 47
46 48
46 49
0
No
0
No
0
No
0
Yes
8 25
9 24
9 25
10 25
10 30
10 31
10 32
11 25
11 26
11 27
11 28
11 29
11 30
11 31
11 32
12 25
12 26
12 27
12 28
12 29
12 30
12 31
12 32
13 26
13 27
13 28
13 29
13 30
13 31
13 32
14 26
14 27
14 28
14 29
14 30
14 31
14 32
15 27
15 28
0
No
0
Yes
8 35
9 35
9 36
9 37
9 38
10 33
10 34
10 35
10 36
10 37
10 38
10 39
11 33
11 34
11 35
11 36
11 37
11 38
12 33
12 34
12 35
12 36
12 37
12 38
13 33
13 34
13 35
13 36
13 37
13 38
14 33
14 34
14 35
14 36
0
No
0
Yes
24 11
25 11
25 12
26 11
26 12
26 13
27 11
28 11
28 12
29 11
30 1
30 2
30 3
30 4
30 5
30 6
30 7
30 8
30 9
30 10
30 11
31 1
31 2
31 3
31 4
31 5
31 6
31 7
31 8
31 9
31 10
31 11
31 12
32 1
32 2
32 3
32 4
32 5
32 6
32 7
32 8
32 9
32 10
32 11
32 12
32 13
33 1
33 2
33 3
33 4
33 5
33 6
33 7
33 8
33 9
33 10
33 11
33 12
34 2
34 3
34 4
34 5
34 6
34 7
34 8
34 9
34 10
35 2
35 3
35 4
35 5
35 6
35 7
35 8
35 9
35 10
35 11
35 12
35 13
35 14
35 15
36 2
36 3
36 4
36 5
36 6
36 7
36 8
36 9
36 10
36 11
36 12
36 13
36 14
36 15
37 2
37 3
37 4
37 5
37 6
37 7
37 8
37 9
37 10
37 11
37 12
37 13
37 14
37 15
38 2
38 3
38 4
38 5
38 6
38 7
38 8
38 9
38 10
38 11
38 12
38 13
38 14
38 15
39 2
39 3
39 4
39 5
39 6
39 7
39 8
39 9
39 10
39 11
39 12
39 13
39 14
39 15
0
Yes
18 32
18 33
19 32
19 33
20 32
20 33
21 32
21 33
22 32
22 33
23 33
23 34
23 35
23 36
23 37
23 38
23 39
23 40
24 33
24 34
24 35
24 36
24 37
24 38
24 39
24 40
25 35
25 36
25 37
25 38
25 39
25 40
26 36
26 37
26 38
26 39
0
No
0
No
0
No
0
Yes
28 0
29 0
30 0
31 0
32 0
33 0
34 0
35 0
35 1
36 0
36 1
37 0
37 1
38 0
38 1
39 0
39 1
40 0
40 1
40 2
40 3
40 4
40 5
40 7
40 8
40 9
40 10
40 11
41 0
41 1
41 2
41 3
41 4
41 8
41 9
41 10
42 0
42 1
42 2
42 4
42 8
42 9
42 10
43 0
43 1
43 2
43 8
43 9
43 10
44 0
44 1
44 2
44 3
44 7
44 8
44 9
44 10
45 0
45 1
45 2
45 3
45 4
45 5
45 6
45 7
45 8
45 9
45 10
46 0
46 1
46 2
46 3
46 4
46 5
46 6
46 7
46 8
46 9
46 10
47 0
47 1
47 2
47 3
47 4
47 5
47 6
47 7
47 8
48 0
48 1
48 2
48 3
48 4
48 5
48 6
48 7
48 8
49 0
49 1
49 2
49 3
49 4
49 5
49 6
49 7
49 8
0
Yes
0 28
0 29
0 30
0 31
0 32
0 33
0 34
0 35
0 36
1 28
1 29
1 30
1 31
1 32
1 33
1 34
1 35
2 28
2 29
2 30
2 31
2 32
2 33
2 34
3 28
3 29
3 30
3 31
3 32
3 33
3 34
4 28
4 29
4 30
4 31
4 32
4 33
4 34
5 28
5 29
5 30
5 31
5 32
5 33
5 34
6 28
6 29
6 30
6 31
6 32
6 33
6 34
7 27
7 28
7 29
7 30
7 31
7 32
7 33
7 34
8 26
8 27
8 28
8 29
8 30
8 31
8 32
8 33
8 34
8 35
9 26
9 27
9 28
9 29
9 30
9 31
9 32
9 33
9 34
9 35
9 36
10 27
10 28
10 33
10 34
10 35
10 36
11 33
11 34
11 35
11 36
12 33
12 34
12 35
0
Yes
8 25
9 24
9 25
10 25
10 30
10 31
11 25
11 26
11 27
11 28
11 29
11 30
11 31
11 32
12 25
12 26
12 27
12 28
12 29
12 30
12 31
12 32
13 26
13 27
13 28
13 29
13 30
13 31
13 32
13 33
14 26
14 27
14 28
14 29
14 30
14 31
14 32
14 33
15 26
15 27
15 28
15 29
15 30
15 31
15 32
15 33
16 25
16 26
16 27
16 28
16 29
16 30
16 31
16 32
16 33
17 23
17 24
17 25
17 26
17 27
17 28
17 29
17 30
17 31
17 32
17 33
18 23
18 24
18 25
18 26
18 27
18 28
18 29
18 30
18 31
19 23
19 24
19 25
19 26
19 27
19 28
19 29
19 30
19 31
20 23
20 24
20 25
20 26
20 27
20 28
20 29
20 30
20 31
21 24
21 25
21 26
0
Yes
0 19
0 20
0 21
1 20
1 21
2 20
2 21
2 22
2 23
2 24
3 20
3 21
3 22
3 23
4 21
4 22
0
No
0
Yes
0 25
0 26
1 25
1 26
0
No
0
Yes
20 20
20 21
20 22
21 21
21 22
22 20
22 21
22 22
22 23
22 24
22 25
22 26
22 27
22 28
23 20
23 21
23 22
23 23
23 24
23 25
23 26
23 27
23 28
23 29
24 20
24 21
24 22
24 23
24 24
24 25
24 26
24 27
24 28
24 29
25 20
25 21
25 22
25 23
25 24
25 25
25 26
25 27
25 28
25 29
26 20
26 21
26 22
26 23
26 24
26 25
26 26
26 27
26 28
26 29
26 30
27 21
27 22
27 23
27 24
27 25
27 26
27 27
27 28
27 29
27 30
28 25
28 26
28 27
28 28
28 29
29 25
29 26
29 27
29 28
29 29
30 25
30 26
30 27
30 28
30 29
31 25
31 26
31 27
31 28
0
Yes
2 46
2 47
3 46
3 47
4 46
4 47
5 46
5 47
0
Yes
0 37
0 38
0 39
0 40
0 41
0 42
1 37
1 38
1 39
1 40
1 41
1 42
2 36
2 37
2 38
2 39
2 40
2 41
2 42
3 35
3 36
3 37
3 38
3 39
3 40
3 41
3 42
4 35
4 36
4 37
4 38
4 39
4 40
4 41
4 42
5 36
5 37
5 38
0
Yes
0 43
0 44
0 45
0 46
0 47
0 48
1 43
1 44
1 45
1 46
1 47
2 43
2 44
2 45
2 46
2 47
3 43
3 44
3 45
3 46
3 47
4 43
4 44
4 45
4 46
4 47
4 48
4 49
5 40
5 41
5 42
5 43
5 44
5 45
5 46
5 47
5 48
5 49
6 38
6 39
6 40
6 41
6 42
6 43
6 44
6 45
6 46
6 47
6 48
6 49
7 38
7 39
7 40
7 41
7 42
7 43
7 46
7 47
7 48
7 49
8 40
0
No
0
Yes
0 25
0 26
1 25
1 26
2 25
2 26
0
Yes
6 35
6 36
6 37
7 36
7 37
8 37
8 38
9 37
9 38
10 37
10 38
10 39
10 40
11 37
11 38
12 37
12 38
12 39
13 34
13 35
13 36
13 37
13 38
13 39
14 34
14 35
14 36
14 37
14 38
14 39
15 34
15 35
15 36
15 37
15 38
15 39
16 34
16 35
16 36
16 37
16 38
16 39
16 40
17 34
17 35
17 36
17 37
17 38
17 39
17 40
18 34
18 35
18 36
18 37
18 38
18 39
18 40
19 34
19 35
19 36
19 37
19 38
19 39
19 40
20 34
20 35
20 36
20 37
20 38
20 39
21 34
21 35
21 36
21 37
0
Yes
11 48
11 49
12 49
13 49
14 48
14 49
15 48
15 49
16 48
16 49
17 46
17 47
17 48
17 49
18 46
18 47
18 48
18 49
19 47
19 49
0
Yes
8 25
9 24
9 25
10 25
10 30
10 31
11 25
11 26
11 27
11 28
11 29
11 30
11 31
12 25
12 26
12 27
12 28
12 29
12 30
12 31
13 26
13 27
13 28
13 29
13 30
13 31
14 26
14 27
14 28
14 29
14 30
14 31
15 26
15 27
15 28
0
Yes
7 13
8 12
8 13
8 14
8 16
8 17
8 18
9 12
9 13
9 14
9 15
9 16
9 17
9 18
9 19
10 15
10 16
10 17
10 18
10 19
11 16
11 17
11 18
0
No
0
Yes
11 32
12 32
13 32
13 33
14 32
14 33
15 30
15 31
15 32
15 33
16 25
16 26
16 27
16 28
16 29
16 30
16 31
16 32
16 33
17 25
17 26
17 27
17 28
17 29
17 30
17 31
17 32
17 33
18 25
18 26
18 27
18 28
18 29
18 30
18 31
18 32
18 33
19 25
19 26
19 27
19 28
19 29
19 30
19 31
19 32
19 33
20 25
20 26
20 27
20 28
20 29
20 30
20 31
20 32
20 33
21 30
21 31
21 32
21 33
22 32
22 33
22 34
23 33
0
Yes
17 23
17 24
18 23
18 24
19 23
19 24
20 20
20 21
20 22
20 23
20 24
21 21
21 22
21 23
21 24
21 25
21 26
22 21
22 22
22 23
22 24
22 25
23 21
23 22
23 23
23 24
23 25
0
Yes
7 13
8 12
8 13
8 14
8 16
8 17
9 12
9 13
9 14
9 15
9 16
9 17
10 15
10 16
0
Yes
19 10
20 5
20 8
20 9
20 10
21 5
21 8
21 9
21 10
22 3
22 4
22 5
22 7
22 8
22 9
22 10
22 11
23 3
23 4
23 5
23 6
23 7
23 8
23 9
23 10
24 3
24 4
24 5
24 6
24 7
24 8
24 9
24 10
24 11
25 3
25 4
25 5
25 6
25 7
25 8
25 9
25 10
25 11
25 12
26 3
26 4
26 5
26 6
26 7
26 8
26 9
26 10
26 11
26 12
26 13
27 3
27 4
27 5
27 6
27 7
27 8
27 9
27 10
27 11
28 3
28 4
28 5
28 6
28 7
28 8
28 9
28 10
28 11
29 7
29 8
29 9
29 10
29 11
0
Yes
21 27
22 27
22 28
23 26
23 27
23 28
23 29
24 22
24 23
24 24
24 25
24 26
24 27
24 28
24 29
25 22
25 23
25 24
25 25
25 26
25 27
25 28
25 29
26 22
26 23
26 24
26 25
26 26
26 27
26 28
26 29
26 30
27 22
27 23
27 24
27 25
27 26
27 27
27 28
27 29
27 30
28 22
28 23
28 24
28 25
28 26
28 27
28 28
28 29
29 23
29 24
29 25
29 26
29 27
29 28
29 29
0
Yes
21 39
22 35
22 36
22 37
22 38
22 39
23 35
23 36
23 37
23 38
23 39
23 40
24 33
24 34
24 35
24 36
24 37
24 38
24 39
24 40
24 41
24 42
24 43
24 44
24 48
25 35
25 36
25 37
25 38
25 39
25 40
25 41
25 42
25 43
25 44
25 47
25 48
25 49
26 36
26 37
26 38
26 39
26 40
26 41
26 42
26 43
26 44
26 46
26 47
26 48
26 49
27 36
27 37
27 38
27 39
27 40
27 41
27 42
27 43
27 44
27 46
27 47
27 48
27 49
28 36
28 37
28 38
28 39
28 40
28 41
28 42
28 43
28 44
28 45
28 46
28 47
28 48
29 36
29 37
29 38
29 39
29 40
29 41
29 42
29 43
29 44
29 45
29 46
29 47
29 48
30 36
30 37
30 38
30 39
30 40
30 41
30 42
30 43
30 44
30 45
30 46
30 47
30 48
31 37
31 38
31 39
31 40
31 41
31 42
31 43
31 44
31 45
31 46
31 47
31 48
32 39
32 40
32 41
32 42
32 43
32 44
32 45
32 46
32 47
32 48
33 39
33 40
33 41
33 42
33 43
33 44
33 45
33 46
33 47
33 48
34 39
34 40
34 41
34 42
34 43
34 44
34 45
34 46
34 47
34 48
0
Yes
22 0
22 1
22 2
23 0
23 1
23 2
24 0
24 1
24 2
25 0
25 1
25 2
26 0
26 1
26 2
27 0
27 1
27 2
28 0
28 1
28 2
29 0
29 1
29 2
30 0
30 1
30 2
31 0
0
Yes
0 22
0 23
0 24
0 25
0 26
0 27
1 23
1 24
1 25
1 26
1 27
2 25
2 26
0
Yes
29 3
29 4
29 5
30 3
30 4
30 5
30 6
30 7
30 8
30 9
30 10
31 2
31 3
31 4
31 5
31 6
31 7
31 8
31 9
31 10
32 0
32 1
32 2
32 3
32 4
32 5
32 6
32 7
32 8
32 9
32 10
33 0
33 1
33 2
33 3
33 4
33 5
33 6
33 7
33 8
33 9
33 10
34 0
34 1
34 2
34 3
34 4
34 5
34 6
34 7
34 8
34 9
34 10
35 0
35 1
35 2
35 3
35 4
35 5
35 6
35 7
35 8
35 9
35 10
36 0
36 1
36 2
36 3
36 4
36 5
36 6
36 7
36 8
36 9
36 10
37 0
37 1
37 2
37 3
37 4
37 5
37 6
37 7
37 8
37 9
37 10
0
Yes
0 22
0 23
0 24
0 25
0 26
0 27
1 18
1 23
1 24
1 25
1 26
1 27
2 18
2 19
2 25
2 26
2 27
3 18
3 19
3 25
3 26
3 27
4 19
4 24
4 25
4 26
4 27
5 18
5 19
5 20
5 21
5 22
5 23
5 24
5 25
5 26
5 27
6 19
6 20
6 21
6 22
6 23
6 24
6 25
6 26
7 19
7 20
7 21
7 22
7 23
7 24
7 25
8 18
8 19
8 20
8 21
8 22
8 23
9 18
9 19
9 20
9 21
9 22
9 23
10 18
10 19
10 20
10 21
10 22
11 20
11 21
0
No
0
Yes
29 49
30 49
31 49
32 49
33 49
34 49
35 39
35 40
35 41
35 42
35 43
35 44
35 45
35 46
35 47
35 48
35 49
36 39
36 40
36 41
36 42
36 43
36 44
36 45
36 46
36 47
36 48
36 49
37 39
37 40
37 41
37 42
37 43
37 44
37 45
37 46
37 47
37 48
37 49
38 39
38 40
38 41
38 42
38 43
38 44
38 45
38 46
38 47
38 48
38 49
39 39
39 40
39 41
39 42
39 43
39 44
39 45
39 46
39 47
39 48
39 49
40 39
40 40
40 41
40 42
40 43
40 44
40 45
40 46
40 47
40 48
40 49
41 39
41 40
41 41
41 42
41 43
41 44
41 45
41 46
41 47
41 48
41 49
42 39
42 40
42 41
42 42
42 43
42 44
42 45
42 46
42 47
42 48
42 49
43 40
43 41
43 42
43 43
43 44
43 45
43 46
43 47
43 48
43 49
44 40
44 41
44 42
44 43
44 44
44 45
44 46
44 47
44 48
44 49
45 40
45 41
45 42
45 43
45 44
45 45
45 46
45 47
45 48
45 49
46 47
46 48
46 49
0
Yes
21 39
22 35
22 36
22 37
22 38
22 39
23 35
23 36
23 37
23 38
23 39
23 40
24 33
24 34
24 35
24 36
24 37
24 38
24 39
24 40
24 41
24 42
24 43
24 44
25 35
25 36
25 37
25 38
25 39
25 40
25 41
25 42
25 43
25 44
26 36
26 37
26 38
26 39
26 40
26 41
26 42
26 43
26 44
27 36
27 37
27 38
27 39
27 40
27 41
27 42
27 43
27 44
28 36
28 37
28 38
28 39
28 40
28 41
28 42
28 43
28 44
28 45
29 36
29 37
29 38
29 39
29 40
29 41
29 42
29 43
29 44
29 45
30 36
30 37
30 38
30 39
30 40
30 41
30 42
30 43
30 44
30 45
31 37
31 38
31 39
31 40
31 41
31 42
31 43
31 44
31 45
32 39
32 40
32 41
32 42
32 43
32 44
32 45
33 39
33 40
33 41
33 42
33 43
33 44
33 45
34 39
34 40
0
Yes
35 11
35 12
35 13
35 14
35 15
36 11
36 12
36 13
36 14
36 15
37 11
37 12
37 13
37 14
37 15
38 0
38 1
38 2
38 3
38 4
38 5
38 6
38 7
38 8
38 9
38 10
38 11
38 12
38 13
38 14
38 15
38 16
39 1
39 2
39 3
39 4
39 5
39 6
39 7
39 8
39 9
39 10
39 11
39 12
39 13
39 14
39 15
39 16
39 17
40 1
40 2
40 3
40 4
40 5
40 7
40 8
40 9
40 10
40 11
40 12
40 13
40 15
40 16
40 17
41 1
41 2
41 3
41 4
41 8
41 9
41 10
41 11
41 12
41 13
41 15
41 17
42 8
42 9
42 10
42 11
42 12
43 8
43 9
43 10
43 11
43 12
43 13
44 7
44 8
44 9
44 10
44 11
44 12
44 13
45 7
45 8
45 9
45 10
45 12
46 7
46 8
46 9
46 10
46 12
0
Yes
11 16
11 17
11 18
12 17
12 18
12 19
13 17
13 18
13 19
14 17
14 18
14 19
15 16
15 17
0
Yes
22 20
23 19
23 20
24 18
24 19
24 20
24 21
25 16
25 17
25 18
25 19
25 20
25 21
26 15
26 16
26 17
26 18
26 19
26 20
26 21
27 16
27 17
27 18
27 19
27 20
27 21
28 18
28 19
28 20
28 21
29 19
29 20
29 21
30 21
30 22
30 23
30 24
30 25
30 26
30 27
31 25
31 26
0
Yes
11 48
11 49
12 49
13 49
14 48
14 49
15 48
15 49
16 48
16 49
17 47
17 48
17 49
0
Yes
0 22
0 23
0 24
0 25
0 26
0 27
1 23
1 24
1 25
1 26
0
No
0
Yes
0 22
0 23
0 24
0 25
0 26
0 27
0 28
0 29
1 23
1 24
1 25
1 26
1 27
1 28
1 29
2 25
2 26
2 27
2 28
2 29
3 25
3 26
3 27
3 28
3 29
4 24
4 25
4 26
4 27
4 28
4 29
5 21
5 22
5 23
5 24
5 25
5 26
5 27
5 28
5 29
6 21
6 22
6 23
6 24
6 25
6 26
6 27
6 28
0
Yes
0 30
0 31
0 32
1 30
1 31
1 32
2 30
2 31
0
Yes
0 33
0 34
0 35
0 36
0 37
0 38
0 39
0 40
0 41
0 42
1 33
1 34
1 35
1 36
1 37
1 38
1 39
1 40
1 41
1 42
2 33
2 34
2 35
2 36
2 37
2 38
2 39
2 40
2 41
2 42
3 30
3 31
3 32
3 33
3 34
3 35
3 36
3 37
3 38
3 39
3 40
3 41
3 42
4 30
4 31
4 32
4 33
4 34
4 35
4 36
4 37
4 38
4 39
4 40
4 41
5 30
5 31
5 32
5 33
5 34
5 35
5 36
5 37
5 38
6 30
6 31
6 32
6 33
6 34
7 23
7 24
7 25
7 26
7 27
7 28
7 29
7 30
7 31
7 32
7 33
7 34
8 24
8 25
8 26
8 27
8 28
8 29
8 30
8 31
8 32
8 33
8 34
8 35
9 24
9 25
9 26
9 27
9 28
9 29
9 30
9 31
9 32
9 33
9 34
9 35
9 36
10 25
10 26
10 27
10 28
10 29
10 30
10 31
10 32
10 33
10 34
10 35
10 36
11 25
11 26
11 27
11 28
11 29
11 30
11 31
11 33
11 34
11 35
11 36
12 25
12 26
12 27
12 28
12 29
12 30
12 31
12 34
12 35
13 26
13 27
13 28
13 29
13 30
13 31
0
Yes
21 39
22 35
22 36
22 37
22 38
22 39
23 35
23 36
23 37
23 38
23 39
23 40
24 33
24 34
24 35
24 36
24 37
24 38
24 39
24 40
24 41
24 42
24 43
24 44
25 35
25 36
25 37
25 38
25 39
25 40
25 41
25 42
25 43
25 44
26 36
26 37
26 38
26 39
26 40
26 41
26 42
26 43
26 44
27 36
27 37
27 38
27 39
27 40
27 41
27 42
27 43
27 44
28 36
28 37
28 38
28 39
28 40
28 41
28 42
28 43
28 44
29 36
29 37
29 38
29 39
29 40
29 41
29 42
29 43
29 44
30 36
30 37
30 38
30 39
30 40
30 41
0
Yes
21 27
22 27
22 28
23 26
23 27
23 28
23 29
24 22
24 23
24 24
24 25
24 26
24 27
24 28
24 29
25 22
25 23
25 24
25 25
25 26
25 27
25 28
25 29
26 22
26 23
26 24
26 25
26 26
26 27
26 28
26 29
27 22
27 23
27 24
27 25
27 26
27 27
27 28
27 29
28 22
28 23
28 24
28 25
28 26
28 27
28 28
28 29
0
Yes
1 18
2 18
2 19
3 18
3 19
4 19
5 18
5 19
5 20
6 19
6 20
0
Yes
24 48
25 47
25 48
25 49
26 46
26 47
26 48
26 49
27 46
27 47
27 48
27 49
28 45
28 46
28 47
28 48
28 49
29 45
29 46
29 47
29 48
30 43
30 44
30 45
30 46
30 47
30 48
31 43
31 44
31 45
31 46
31 47
31 48
32 43
32 44
32 45
32 46
32 47
32 48
33 43
33 44
33 45
33 46
33 47
33 48
34 47
0
Yes
0 43
0 44
0 45
0 46
0 47
0 48
1 43
1 44
1 45
1 46
1 47
2 43
2 44
2 45
2 46
2 47
3 43
3 44
3 45
3 46
3 47
4 43
4 44
4 45
4 46
4 47
5 42
5 43
5 44
5 45
5 46
5 47
6 42
6 43
6 44
6 45
6 46
0
Yes
0 19
0 20
0 21
1 20
1 21
2 20
2 21
2 22
2 23
3 20
3 21
3 22
0
Yes
0 0
0 1
0 2
0 3
0 4
0 5
0 6
0 7
1 0
1 3
1 4
2 0
2 3
0
Yes
29 23
29 24
29 25
29 26
29 27
29 28
29 29
29 30
30 28
30 29
30 30
31 21
31 22
31 23
31 28
31 29
32 19
32 20
32 21
32 22
32 23
32 24
32 25
32 26
32 27
32 28
32 29
33 18
33 19
33 20
33 21
33 22
33 23
33 24
33 25
33 26
33 27
33 28
33 29
34 18
34 19
34 20
34 21
34 22
34 23
34 24
34 25
34 26
34 27
34 28
34 29
35 17
35 18
35 19
35 20
35 21
35 22
35 23
35 24
35 25
35 26
35 27
35 28
35 29
36 17
36 18
36 19
36 20
36 21
36 22
36 23
36 24
36 27
36 28
36 29
37 18
37 19
37 20
37 21
37 22
37 28
37 29
37 30
38 18
38 19
38 20
38 28
38 29
38 30
38 31
38 32
39 20
39 29
39 30
39 31
39 32
40 29
40 30
40 31
40 32
41 28
41 29
41 30
41 31
41 32
42 28
42 29
42 30
0
No
0
No
0
No
0
Yes
1 7
2 7
2 8
3 8
3 9
3 10
4 6
4 7
4 8
4 9
4 10
5 8
5 9
5 10
5 11
6 5
6 6
6 7
6 8
6 9
6 10
6 11
7 7
7 8
7 9
7 10
7 11
8 6
8 7
8 8
8 9
8 10
8 11
9 7
9 8
9 9
9 10
9 11
0
Yes
0 49
1 49
2 48
2 49
3 48
3 49
4 48
4 49
5 48
5 49
6 48
6 49
7 47
7 48
7 49
8 47
8 48
8 49
0
Yes
27 33
27 35
28 33
28 34
28 35
29 31
29 32
29 33
29 34
29 35
30 31
30 32
30 33
30 34
30 35
31 31
31 32
31 33
31 34
31 35
31 36
31 37
31 38
31 39
31 40
31 41
32 30
32 31
32 32
32 33
32 34
32 35
32 36
32 37
32 38
32 39
32 40
32 41
33 30
33 31
33 32
33 33
33 34
33 35
33 36
33 37
33 38
33 39
33 40
33 41
34 30
34 31
34 32
34 33
34 34
34 35
34 36
34 37
34 38
34 39
34 40
34 41
35 30
35 31
35 32
35 33
35 34
35 35
35 36
35 37
35 38
35 39
35 40
35 41
36 31
36 32
36 33
36 34
36 35
36 36
36 37
36 38
36 39
36 40
36 41
37 32
37 33
37 34
37 35
37 36
37 37
37 38
37 39
37 40
37 41
38 33
38 34
38 35
38 36
38 37
38 38
38 39
38 40
38 41
39 33
39 34
39 35
39 36
39 37
39 38
39 39
39 40
39 41
0
Yes
30 49
31 42
31 49
32 42
32 49
33 42
33 49
34 42
34 43
34 44
34 45
34 49
35 42
35 43
35 44
35 45
35 46
35 47
35 48
35 49
36 42
36 43
36 44
36 45
36 46
36 47
36 48
36 49
37 42
37 43
37 44
37 45
37 46
37 47
37 48
37 49
38 42
38 43
38 44
38 45
38 46
38 47
38 48
38 49
39 42
39 43
39 44
39 45
39 46
39 47
39 48
39 49
40 42
40 43
40 44
40 45
40 46
40 47
40 48
40 49
41 42
41 43
41 44
41 45
41 46
41 47
41 48
41 49
42 42
42 43
42 44
42 45
42 46
42 47
42 48
42 49
43 42
43 43
43 44
43 45
43 46
43 47
43 48
43 49
0
Yes
10 0
10 1
10 3
10 5
10 6
10 7
10 8
11 0
11 1
11 2
11 3
11 5
11 6
11 7
11 8
12 0
12 1
12 2
12 3
12 5
12 6
12 7
12 8
13 0
13 1
13 2
13 3
13 4
13 5
13 6
13 7
13 8
14 0
14 1
14 2
14 3
14 4
14 5
14 6
14 7
15 0
15 1
15 2
15 3
15 4
15 5
15 6
16 0
16 1
16 2
16 3
16 4
16 5
16 6
17 0
17 1
17 2
17 3
17 4
17 5
18 0
18 1
18 2
0
Yes
18 4
19 0
19 1
19 2
19 3
19 4
20 0
20 1
20 2
20 3
20 4
21 0
21 1
21 2
21 3
22 0
22 1
22 2
23 0
23 1
23 2
24 0
24 1
24 2
25 0
25 1
25 2
26 0
26 1
26 2
27 0
27 1
27 2
0
Yes
35 11
35 12
35 13
35 14
35 15
36 11
36 12
36 13
36 14
36 15
37 11
37 12
37 13
37 14
37 15
38 5
38 6
38 7
38 8
38 9
38 10
38 11
38 12
38 13
38 14
38 15
38 16
39 5
39 6
39 7
39 8
39 9
39 10
39 11
39 12
39 13
39 14
39 15
39 16
40 7
40 8
40 9
40 10
40 11
40 12
40 13
40 15
40 16
41 8
41 9
41 10
41 11
41 12
41 13
42 8
42 9
42 10
42 11
42 12
43 8
43 9
43 10
43 11
43 12
44 10
44 11
0
Yes
7 19
7 20
7 21
7 22
8 18
8 19
8 20
8 21
8 22
9 18
9 19
9 20
9 21
9 22
9 23
10 18
10 19
10 20
10 21
10 22
11 16
11 17
11 18
11 19
11 20
11 21
12 17
12 18
12 19
13 17
13 18
13 19
14 17
14 18
14 19
15 17
15 19
16 19
16 20
17 19
17 20
0
Yes
5 40
5 41
6 36
6 37
6 38
6 39
6 40
6 41
7 36
7 37
7 38
7 39
7 40
7 41
7 42
7 43
8 37
8 38
8 39
8 40
9 37
9 38
10 37
10 38
10 39
10 40
11 37
11 38
12 37
12 38
12 39
12 41
13 37
13 38
13 39
13 40
13 41
14 40
0
Yes
11 45
12 45
13 43
13 44
13 45
14 42
14 43
14 44
14 45
14 46
15 38
15 39
15 40
15 41
15 42
15 43
15 44
15 45
15 46
15 47
16 39
16 40
16 41
16 45
16 46
17 46
18 46
18 47
18 48
19 47
0
Yes
11 45
12 32
12 45
13 32
13 33
13 34
13 35
13 36
13 43
13 44
13 45
14 32
14 33
14 34
14 35
14 36
14 37
14 38
14 42
14 43
14 44
14 45
14 46
15 32
15 33
15 34
15 35
15 36
15 37
15 38
15 39
15 40
15 41
15 42
15 43
15 44
15 45
15 46
15 47
16 32
16 33
16 34
16 35
16 36
16 37
16 38
16 39
16 40
16 41
16 45
16 46
17 32
17 33
17 34
17 35
17 36
17 37
17 38
17 39
17 40
17 46
18 32
18 33
18 34
18 35
18 36
18 37
18 38
18 39
18 40
18 46
18 47
18 48
18 49
19 32
19 33
19 34
19 35
19 36
19 37
19 38
19 39
19 40
19 41
19 42
19 43
19 47
19 49
20 34
20 35
20 36
20 37
20 38
20 39
20 41
20 42
21 41
21 42
0
Yes
14 26
14 27
14 28
14 29
14 30
14 31
15 26
15 27
15 28
15 29
15 30
15 31
16 25
16 26
16 27
16 28
16 29
16 30
16 31
17 25
17 26
17 27
17 28
17 29
17 30
17 31
18 25
18 26
18 27
18 28
18 29
18 30
18 31
19 25
19 26
19 27
19 28
19 29
19 30
19 31
20 26
20 27
20 28
20 29
20 30
20 31
20 32
21 27
21 30
21 31
21 32
21 33
22 27
22 28
22 32
22 33
23 26
23 27
23 28
23 29
24 22
24 23
24 24
24 25
24 26
24 27
24 28
24 29
25 22
25 23
25 24
25 25
25 26
25 27
25 28
25 29
26 22
26 23
26 24
26 25
26 26
26 27
26 28
26 29
27 23
27 24
27 25
27 26
27 27
27 28
27 29
0
Yes
22 20
23 19
23 20
24 18
24 19
24 20
24 21
25 16
25 17
25 18
25 19
25 20
25 21
26 16
26 17
26 18
26 19
26 20
26 21
27 16
27 17
27 18
27 19
27 20
27 21
28 18
28 19
28 20
28 21
28 22
29 19
29 20
29 21
29 22
0
Yes
21 34
21 35
21 36
21 37
21 38
21 39
22 34
22 35
22 36
22 37
22 38
22 39
23 33
23 34
23 35
23 36
23 37
23 38
23 39
23 40
24 33
24 34
24 35
24 36
24 37
24 38
24 39
24 40
24 41
24 42
25 35
25 36
25 37
25 38
25 39
25 40
25 41
25 42
26 35
26 36
26 37
26 38
26 39
26 40
26 41
27 36
27 37
27 38
27 39
27 40
27 41
28 36
28 37
28 38
28 39
28 40
28 41
29 36
29 37
29 38
29 39
29 40
29 41
0
Yes
0 43
0 44
0 45
0 46
0 47
0 48
1 43
1 44
1 45
1 46
1 47
1 48
2 43
2 44
2 45
2 46
2 47
2 48
3 43
3 44
3 45
3 46
3 47
3 48
4 43
4 44
4 45
4 46
4 47
4 48
5 43
5 44
5 45
5 46
0
No
0
Yes
10 0
10 1
10 3
10 5
10 6
11 0
11 1
11 2
11 3
11 5
11 6
12 0
12 1
12 2
12 3
12 5
12 6
13 0
13 1
13 2
13 3
13 4
13 5
13 6
14 0
14 1
14 2
14 3
14 4
14 5
14 6
15 0
15 1
15 2
15 3
15 4
15 5
16 0
16 1
16 2
16 3
16 4
16 5
17 0
17 1
17 2
17 3
17 4
17 5
0
Yes
0 30
0 31
0 32
0 33
0 34
0 35
0 36
0 37
0 38
1 30
1 31
1 32
1 33
1 34
1 35
1 36
1 37
1 38
2 30
2 31
2 32
2 33
2 34
2 35
2 36
2 37
2 38
3 30
3 31
3 32
3 33
3 34
3 35
3 36
3 37
3 38
4 30
4 31
4 32
4 33
4 34
4 35
4 36
4 37
4 38
5 30
5 31
5 32
5 33
5 34
5 35
5 36
5 37
5 38
6 30
6 31
6 32
6 33
6 34
6 35
7 29
7 30
7 31
7 32
7 33
7 34
7 35
8 30
0
Yes
7 23
7 24
7 25
7 26
7 27
7 28
8 24
8 25
8 26
8 27
8 28
8 32
8 33
9 24
9 25
9 26
9 27
9 28
9 29
9 30
9 31
9 32
10 25
10 26
10 27
10 28
10 29
10 30
10 31
10 32
11 25
11 26
11 27
11 28
11 29
11 30
11 31
11 32
12 25
12 26
12 27
12 28
12 29
12 30
12 31
13 26
13 27
13 28
13 29
13 30
13 31
0
Yes
0 0
0 1
0 2
0 3
0 4
0 5
0 6
0 7
0 8
1 0
1 3
1 4
2 0
2 3
0
Yes
0 30
0 31
0 32
0 33
0 34
0 35
0 36
0 37
1 30
1 31
1 32
1 33
1 34
1 35
1 36
1 37
2 30
2 31
2 32
2 33
2 34
2 35
2 36
2 37
3 30
3 31
3 32
3 33
3 34
3 35
3 36
3 37
4 30
4 31
4 32
4 33
4 34
4 35
4 36
4 37
5 30
5 31
5 32
5 33
5 34
5 35
5 36
5 37
6 30
6 31
6 32
6 33
6 34
6 35
7 30
7 31
7 32
7 33
7 34
7 35
0
Yes
0 19
0 20
0 21
1 18
1 19
1 20
1 21
2 18
2 19
2 20
2 21
2 22
2 23
3 18
3 19
3 20
3 21
3 22
4 19
4 20
4 21
4 22
5 19
5 20
0
No
0
Yes
14 26
14 27
14 28
14 29
14 30
14 31
15 26
15 27
15 28
15 29
15 30
15 31
16 25
16 26
16 27
16 28
16 29
16 30
16 31
17 25
17 26
17 27
17 28
17 29
17 30
17 31
18 25
18 26
18 27
18 28
18 29
18 30
18 31
19 25
19 26
19 27
19 28
19 29
19 30
19 31
20 26
20 27
20 28
20 29
20 30
20 31
21 27
21 30
21 31
22 27
22 28
23 26
23 27
23 28
24 25
24 26
24 27
24 28
25 25
25 26
25 27
0
Yes
16 21
17 21
17 22
17 23
17 24
18 18
18 19
18 20
18 21
18 22
18 23
18 24
19 19
19 20
19 21
19 22
19 23
19 24
20 20
20 21
20 22
20 23
20 24
21 21
21 22
21 23
21 24
21 25
22 20
22 21
22 22
22 23
22 24
22 25
23 19
23 20
23 21
23 22
23 23
23 24
24 19
24 20
24 21
24 22
24 23
24 24
25 19
25 20
25 21
25 22
25 23
25 24
26 20
26 21
26 22
0
Yes
23 29
24 29
25 29
26 24
26 25
26 26
26 27
26 28
26 29
26 30
27 19
27 20
27 21
27 22
27 23
27 24
27 25
27 26
27 27
27 28
27 29
27 30
28 19
28 20
28 21
28 22
28 23
28 24
28 25
28 26
28 27
28 28
28 29
29 19
29 20
29 21
29 22
29 23
29 24
29 25
29 26
29 27
29 28
29 29
29 30
30 21
30 22
30 23
30 24
30 25
30 26
30 27
30 28
30 29
30 30
31 21
31 22
31 23
31 24
31 25
31 26
31 27
31 28
31 29
32 21
32 22
32 23
32 24
32 25
32 26
32 27
32 28
32 29
33 21
33 22
33 23
33 24
33 25
33 26
33 27
33 28
33 29
34 21
34 22
34 23
34 24
34 25
34 26
34 27
34 28
34 29
35 21
35 22
35 23
35 24
35 25
35 26
35 27
35 28
35 29
36 27
36 28
36 29
0
Yes
24 43
24 44
24 48
25 43
25 44
25 47
25 48
25 49
26 43
26 44
26 46
26 47
26 48
26 49
27 42
27 43
27 44
27 46
27 47
27 48
27 49
28 42
28 43
28 44
28 45
28 46
28 47
28 48
28 49
29 42
29 43
29 44
29 45
29 46
29 47
29 48
29 49
30 37
30 38
30 39
30 40
30 41
30 42
30 43
30 44
30 45
30 46
30 47
30 48
30 49
31 42
31 43
31 44
31 45
31 46
31 47
31 48
31 49
32 42
32 43
32 44
32 45
32 46
32 47
32 48
32 49
33 42
33 43
33 44
33 45
33 46
33 47
33 48
33 49
34 42
34 43
34 44
34 45
34 46
34 47
34 48
34 49
35 42
35 43
35 44
35 45
35 46
35 47
35 48
35 49
36 42
36 43
36 44
36 45
36 46
36 47
36 48
36 49
37 42
37 43
37 44
37 45
37 46
37 47
0
Yes
28 0
28 1
28 2
29 0
29 1
29 2
29 3
29 4
29 5
30 0
30 1
30 2
30 3
30 4
30 5
30 6
30 7
30 8
30 9
30 10
30 11
31 0
31 1
31 2
31 3
31 4
31 5
31 6
31 7
31 8
31 9
31 10
31 11
31 12
32 0
32 1
32 2
32 3
32 4
32 5
32 6
32 7
32 8
32 9
32 10
32 11
32 12
32 13
33 0
33 1
33 2
33 3
33 4
33 5
33 6
33 7
33 8
33 9
33 10
33 11
33 12
34 0
34 1
34 2
34 3
34 4
34 5
34 6
34 7
34 8
34 9
34 10
35 0
35 1
35 2
35 3
35 4
35 5
35 6
35 7
35 8
35 9
35 10
36 0
36 1
36 2
36 3
36 4
36 5
36 6
36 7
36 8
36 9
36 10
37 0
37 1
37 2
37 3
37 4
37 5
37 6
37 7
37 8
37 9
38 0
38 1
38 2
38 3
38 4
39 0
39 1
39 2
39 3
39 4
40 0
40 1
40 2
40 3
40 4
40 5
41 0
41 1
41 2
41 3
41 4
42 0
42 1
42 2
42 4
43 0
43 1
43 2
44 0
44 1
44 2
44 3
45 0
45 1
45 2
45 3
46 0
46 1
46 2
46 3
47 0
0
Yes
0 30
0 31
0 32
0 33
0 34
0 35
1 30
1 31
1 32
1 33
1 34
1 35
2 30
2 31
2 32
2 33
2 34
2 35
3 30
3 31
3 32
3 33
3 34
3 35
4 30
4 31
4 32
4 33
4 34
4 35
5 30
5 31
5 32
0
Yes
11 23
11 24
12 21
12 22
12 23
12 24
13 20
13 21
13 22
13 23
13 24
14 20
14 21
14 22
14 23
14 24
14 25
15 21
15 22
15 23
15 24
16 21
16 22
16 23
16 24
17 21
17 22
17 23
17 24
18 18
18 19
18 20
18 21
18 22
18 23
18 24
19 19
19 20
19 21
19 22
19 23
19 24
20 20
20 21
20 22
20 23
20 24
21 21
21 22
21 23
21 24
21 25
22 20
22 21
22 22
22 23
22 24
22 25
23 19
23 20
23 21
23 22
23 23
23 24
24 19
24 20
24 21
24 22
24 23
24 24
25 20
25 21
25 22
25 23
25 24
0
Yes
0 36
0 37
0 38
0 39
0 40
1 36
1 37
1 38
1 39
1 40
2 36
2 37
2 38
2 39
2 40
3 36
3 37
3 38
3 39
3 40
4 36
4 37
4 38
0
Yes
18 0
18 1
18 2
18 3
18 4
19 0
19 1
19 2
19 3
19 4
20 0
20 1
20 2
20 3
20 4
21 0
21 1
21 2
21 3
22 0
22 1
22 2
23 0
23 1
23 2
24 0
24 1
24 2
25 0
25 1
25 2
26 0
26 1
26 2
27 0
27 1
27 2
28 0
28 1
28 2
29 0
29 1
29 2
29 3
29 4
30 0
30 1
30 2
30 3
30 4
31 0
31 1
31 2
31 3
32 0
32 1
32 2
32 3
0
Yes
0 22
0 23
0 24
0 25
0 26
0 27
0 28
0 29
1 23
1 24
1 25
1 26
1 27
1 28
1 29
2 24
2 25
2 26
2 27
2 28
2 29
3 24
3 25
3 26
3 27
3 28
3 29
4 23
4 24
4 25
4 26
4 27
4 28
4 29
5 22
5 23
5 24
5 25
5 26
5 27
5 28
5 29
5 34
5 35
5 36
5 37
5 38
6 19
6 20
6 21
6 22
6 23
6 24
6 25
6 26
6 27
6 28
6 29
6 30
6 31
6 32
6 33
6 34
6 35
7 29
7 30
7 31
7 32
7 33
7 34
7 35
8 30
8 34
8 35
9 34
9 35
9 36
10 33
10 34
10 35
10 36
11 33
11 34
11 35
11 36
12 33
12 34
12 35
12 36
13 32
13 33
13 34
13 35
13 36
14 32
0
No
0
Yes
0 22
0 23
0 24
0 25
0 26
0 27
0 28
0 29
1 23
1 24
1 25
1 26
1 27
1 28
1 29
2 24
2 25
2 26
2 27
2 28
2 29
3 24
3 25
3 26
3 27
3 28
3 29
4 23
4 24
4 25
4 26
4 27
4 28
4 29
5 22
5 23
5 24
5 25
5 26
5 27
5 28
5 29
5 34
5 35
5 36
5 37
5 38
6 19
6 20
6 21
6 22
6 23
6 24
6 25
6 26
6 27
6 28
6 29
6 30
6 31
6 32
6 33
6 34
6 35
7 29
7 30
7 31
7 32
7 33
7 34
7 35
8 30
8 34
8 35
9 34
9 35
9 36
10 33
10 34
10 35
10 36
11 33
11 34
11 35
11 36
12 33
12 34
12 35
12 36
13 32
13 33
13 34
13 35
13 36
14 32
14 33
14 34
14 35
14 36
15 32
15 33
15 34
15 35
15 36
16 32
16 33
16 34
16 35
16 36
17 32
17 33
17 34
17 35
17 36
18 32
0
Yes
11 45
11 48
11 49
12 45
12 49
13 43
13 44
13 45
13 49
14 42
14 43
14 44
14 45
14 46
14 48
14 49
15 39
15 40
15 41
15 42
15 43
15 44
15 45
15 46
15 47
15 48
15 49
16 39
16 40
16 41
16 45
16 46
16 47
16 48
16 49
17 46
17 47
17 48
17 49
18 46
18 47
18 48
18 49
0
Yes
24 43
24 44
24 48
25 43
25 44
25 47
25 48
25 49
26 43
26 44
26 46
26 47
26 48
26 49
27 42
27 43
27 44
27 46
27 47
27 48
27 49
28 42
28 43
28 44
28 45
28 46
28 47
28 48
28 49
29 42
29 43
29 44
29 45
29 46
29 47
29 48
29 49
30 39
30 40
30 41
30 42
30 43
30 44
30 45
30 46
30 47
30 48
30 49
31 39
31 40
31 41
31 42
31 43
31 44
31 45
31 46
31 47
31 48
31 49
32 39
32 40
32 41
32 42
32 43
32 44
32 45
32 46
32 47
32 48
32 49
33 39
33 40
33 41
33 42
33 43
33 44
33 45
33 46
33 47
33 48
33 49
34 41
34 42
34 43
34 44
34 45
0
Yes
7 19
7 20
7 21
7 22
8 18
8 19
8 20
8 21
8 22
9 18
9 19
9 20
9 21
9 22
9 23
10 18
10 19
10 20
10 21
10 22
10 23
11 16
11 17
11 18
11 19
11 20
11 21
12 17
12 18
12 19
13 17
13 18
13 19
14 19
0
No
0
Yes
27 33
28 33
28 34
28 35
29 31
29 32
29 33
29 34
29 35
30 31
30 32
30 33
30 34
30 35
30 36
30 37
30 38
31 31
31 32
31 33
31 34
31 35
31 36
31 37
31 38
32 30
32 31
32 32
32 33
32 34
32 35
32 36
32 37
32 38
33 30
33 31
33 32
33 33
33 34
33 35
33 36
33 37
33 38
34 30
34 31
34 32
34 33
34 34
34 35
34 36
34 37
34 38
35 33
0
Yes
29 5
30 5
30 6
30 7
30 8
30 9
30 10
30 11
31 5
31 6
31 7
31 8
31 9
31 10
31 11
32 4
32 5
32 6
32 7
32 8
32 9
32 10
32 11
33 3
33 4
33 5
33 6
33 7
33 8
33 9
33 10
33 11
34 3
34 4
34 5
34 6
34 7
34 8
34 9
34 10
35 3
35 4
35 5
35 6
35 7
35 8
35 9
35 10
0
Yes
0 0
0 1
0 2
0 3
0 4
0 5
0 6
1 0
1 3
1 4
2 0
2 3
0
Yes
33 0
33 1
33 2
34 0
34 1
34 2
35 0
35 1
35 2
36 0
36 1
36 2
36 3
36 4
36 5
36 6
36 7
36 8
36 9
36 10
37 0
37 1
37 2
37 3
37 4
37 5
37 6
37 7
37 8
37 9
38 0
38 1
38 2
38 3
38 4
39 0
39 1
39 2
39 3
39 4
40 0
40 1
40 2
40 3
40 4
40 5
41 0
41 1
41 2
41 3
41 4
42 0
42 1
42 2
42 4
43 0
43 1
43 2
44 0
44 1
44 2
44 3
45 0
45 1
45 2
45 3
45 4
45 5
46 0
46 1
46 2
46 3
46 4
47 0
47 1
47 2
47 3
47 4
48 0
48 1
48 2
48 3
48 4
49 0
49 1
49 2
49 3
49 4
0
Yes
34 39
35 35
35 36
35 37
35 38
35 39
35 40
35 41
35 42
35 43
35 44
35 45
35 46
35 47
36 33
36 34
36 35
36 36
36 37
36 38
36 39
36 40
36 41
36 42
36 43
36 44
36 45
36 46
37 33
37 34
37 35
37 36
37 37
37 38
37 39
37 40
37 41
37 42
37 43
37 44
37 45
37 46
38 33
38 34
38 35
38 36
38 37
38 38
38 39
38 40
38 41
38 42
38 43
38 44
38 45
38 46
39 33
39 34
39 35
39 36
39 37
39 38
39 39
39 40
39 41
39 42
39 43
39 44
39 45
39 46
40 33
40 34
40 35
40 36
40 37
40 38
40 39
40 40
40 41
40 42
40 43
40 44
40 45
40 46
41 33
41 34
41 35
41 36
41 37
41 38
41 39
41 40
41 41
41 42
41 43
41 44
41 45
41 46
42 36
42 37
42 38
42 39
42 40
42 41
42 42
42 43
42 44
42 45
42 46
0
Yes
0 36
0 37
0 38
0 39
0 40
0 41
1 36
1 37
1 38
1 39
1 40
1 41
2 36
2 37
2 38
2 39
2 40
2 41
3 36
3 37
3 38
3 39
3 40
4 36
4 37
4 38
4 39
4 40
0
No
0
No
0
No
0
No
0
Yes
0 0
0 1
0 2
0 3
0 4
0 5
0 6
0 7
0 8
1 0
1 3
1 4
1 7
2 0
2 3
2 7
2 8
3 8
3 9
3 10
4 6
4 7
4 8
4 9
4 10
5 8
5 9
5 10
5 11
6 5
6 6
6 7
6 8
6 9
6 10
6 11
7 7
7 8
7 9
7 10
7 11
8 5
8 6
8 7
8 8
8 9
8 10
8 11
9 7
9 8
9 9
9 10
9 11
10 5
10 6
10 7
10 8
10 9
10 10
10 11
11 3
11 5
11 6
11 7
11 8
11 9
11 10
12 3
12 5
12 6
12 7
12 8
12 9
13 3
13 4
13 5
13 6
13 7
13 8
13 9
0
Yes
0 19
0 20
0 21
1 18
1 19
1 20
1 21
2 18
2 19
2 20
2 21
2 22
3 18
3 19
3 20
3 21
3 22
4 19
4 20
4 21
5 18
5 19
5 20
0
Yes
0 42
0 43
0 44
0 45
0 46
1 42
1 43
1 44
1 45
1 46
2 42
2 43
2 44
2 45
2 46
3 42
3 43
3 44
3 45
3 46
4 42
0
Yes
0 47
0 48
0 49
1 47
1 48
1 49
2 47
2 48
2 49
3 47
3 48
3 49
0
Yes
4 44
4 45
4 46
4 47
4 48
4 49
5 42
5 43
5 44
5 45
5 46
5 47
5 48
6 43
6 44
6 45
6 46
6 47
6 48
0
Yes
0 30
0 31
0 32
0 33
0 34
0 35
1 30
1 31
1 32
1 33
1 34
1 35
2 30
2 31
2 32
2 33
2 34
2 35
3 30
3 31
3 32
3 33
3 34
3 35
4 30
4 31
4 32
4 33
4 34
4 35
5 31
0
No
0
Yes
7 19
7 20
7 21
7 22
7 23
8 18
8 19
8 20
8 21
8 22
8 23
9 18
9 19
9 20
9 21
9 22
9 23
10 18
10 19
10 20
10 21
10 22
10 23
11 19
0
No
0
Yes
6 49
7 48
7 49
8 49
0
Yes
7 24
7 25
7 26
7 27
8 24
8 25
8 26
8 27
8 28
9 24
9 25
9 26
9 27
9 28
9 29
9 30
9 31
10 24
10 25
10 26
10 27
10 28
10 29
10 30
10 31
11 25
11 26
11 27
11 28
11 29
11 30
11 31
12 25
12 26
12 27
12 28
12 29
12 30
13 26
13 27
13 28
13 29
13 30
0
Yes
27 33
28 33
28 34
28 35
29 31
29 32
29 33
29 34
29 35
30 31
30 32
30 33
30 34
30 35
30 36
30 37
30 38
31 31
31 32
31 33
31 34
31 35
31 36
31 37
31 38
32 30
32 31
32 32
32 33
32 34
32 35
32 36
32 37
32 38
33 30
33 31
33 32
33 33
33 34
33 35
33 36
33 37
33 38
34 30
34 31
34 32
34 33
34 34
34 35
34 36
34 37
35 30
35 31
35 32
35 33
36 30
36 31
36 32
37 28
37 29
37 30
37 31
37 32
38 28
38 29
38 30
38 31
38 32
39 29
39 30
39 31
39 32
40 29
40 30
40 31
40 32
41 30
41 31
41 32
0
Yes
0 30
0 31
0 32
1 30
1 31
1 32
0
Yes
0 33
0 34
0 35
0 36
0 37
0 38
0 39
1 33
1 34
1 35
1 36
1 37
1 38
1 39
2 30
2 31
2 32
2 33
2 34
2 35
2 36
2 37
2 38
2 39
3 30
3 31
3 32
3 33
3 34
3 35
3 36
3 37
3 38
3 39
4 30
4 31
4 32
4 33
4 34
4 35
4 36
4 37
4 38
4 39
0
Yes
11 45
11 48
11 49
12 45
12 49
13 43
13 44
13 45
13 49
14 37
14 38
14 42
14 43
14 44
14 45
14 46
14 48
14 49
15 37
15 38
15 39
15 40
15 41
15 42
15 43
15 44
15 45
15 46
15 47
15 48
15 49
16 37
16 38
16 39
16 40
16 41
16 45
16 46
16 47
16 48
16 49
17 37
17 38
17 39
17 40
17 46
17 47
17 48
17 49
18 34
18 35
18 36
18 37
18 38
18 39
18 40
18 46
18 47
18 48
18 49
19 32
19 33
19 34
19 35
19 36
19 37
19 38
19 39
19 40
19 41
19 42
19 43
19 47
19 49
20 33
20 34
20 35
20 36
20 37
20 38
20 39
20 41
20 42
21 41
21 42
0
Yes
13 31
14 26
14 27
14 28
14 29
14 30
14 31
15 26
15 27
15 28
15 29
15 30
15 31
16 25
16 26
16 27
16 28
16 29
16 30
16 31
17 25
17 26
17 27
17 28
17 29
17 30
17 31
18 25
18 26
18 27
18 28
18 29
18 30
18 31
19 25
19 26
19 27
19 28
19 29
19 30
19 31
20 26
20 27
20 28
20 29
20 30
20 31
21 30
21 31
21 32
21 33
22 32
0
Yes
27 33
28 33
28 34
28 35
29 31
29 32
29 33
29 34
29 35
30 31
30 32
30 33
30 34
30 35
30 36
30 37
30 38
31 31
31 32
31 33
31 34
31 35
31 36
31 37
31 38
32 30
32 31
32 32
32 33
32 34
32 35
32 36
32 37
32 38
33 30
33 31
33 32
33 33
33 34
33 35
33 36
33 37
33 38
34 30
34 31
34 32
34 33
34 34
34 35
34 36
34 37
35 30
35 31
35 32
35 33
36 30
36 31
36 32
37 28
37 29
37 30
37 31
37 32
38 28
38 29
38 30
38 31
38 32
39 29
39 30
39 31
39 32
40 29
40 30
40 31
40 32
41 28
41 29
41 30
41 31
41 32
42 26
42 27
42 28
42 29
42 30
42 31
42 32
42 33
43 28
43 29
43 30
43 31
43 32
43 33
44 27
44 28
44 29
44 30
44 31
45 27
45 28
45 29
45 30
45 31
45 32
46 27
46 28
46 29
46 30
46 31
47 27
47 28
47 29
47 30
47 31
48 27
48 28
48 29
48 30
48 31
48 33
49 27
49 28
49 29
49 30
49 31
49 32
49 33
0
No
0
Yes
19 10
20 5
20 8
20 9
20 10
21 5
21 8
21 9
21 10
22 4
22 5
22 7
22 8
22 9
22 10
22 11
23 4
23 5
23 6
23 7
23 8
23 9
23 10
24 4
24 5
24 6
24 7
24 8
24 9
24 10
24 11
25 4
25 5
25 6
25 7
25 8
25 9
25 10
25 11
25 12
26 4
26 5
26 6
26 7
26 8
26 9
26 10
26 11
26 12
27 4
27 5
27 6
27 7
27 8
27 9
27 10
27 11
0
Yes
0 19
0 20
0 21
0 22
0 23
1 18
1 19
1 20
1 21
1 22
1 23
2 18
2 19
2 20
2 21
2 22
2 23
3 18
3 19
3 20
3 21
3 22
3 23
4 19
4 20
0
Yes
0 24
0 25
0 26
0 27
0 28
0 29
0 30
0 31
0 32
1 24
1 25
1 26
1 27
1 28
1 29
1 30
1 31
2 24
2 25
2 26
2 27
2 28
2 29
3 24
3 25
3 26
3 27
3 28
3 29
4 22
4 23
4 24
4 25
4 26
4 27
4 28
4 29
5 18
5 19
5 20
5 21
5 22
5 23
5 24
5 25
5 26
5 27
5 28
5 29
5 30
5 31
5 32
5 33
6 19
6 20
6 21
6 22
6 23
6 24
6 25
6 26
6 27
6 28
6 29
6 30
6 31
6 32
6 33
7 19
7 20
7 21
7 22
7 23
7 29
7 30
7 31
7 32
7 33
8 18
8 19
8 20
8 21
8 22
8 23
8 30
8 31
8 32
8 33
9 18
9 19
9 20
9 21
9 22
9 23
10 18
10 19
10 20
10 21
10 22
10 23
11 19
11 20
11 21
0
Yes
0 24
0 25
0 26
0 27
0 28
0 29
0 30
0 31
0 32
1 24
1 25
1 26
1 27
1 28
1 29
1 30
1 31
2 24
2 25
2 26
2 27
2 28
2 29
3 24
3 25
3 26
3 27
3 28
3 29
4 22
4 23
4 24
4 25
4 26
4 27
4 28
4 29
5 18
5 19
5 20
5 21
5 22
5 23
5 24
5 25
5 26
5 27
5 28
5 29
5 30
5 31
5 32
5 33
5 34
6 19
6 20
6 21
6 22
6 23
6 24
6 25
6 26
6 27
6 28
6 29
6 30
6 31
6 32
6 33
6 34
7 19
7 20
7 21
7 22
7 23
7 29
7 30
7 31
7 32
7 33
7 34
8 18
8 19
8 20
8 21
8 22
8 23
8 30
8 31
8 32
8 33
9 18
9 19
9 20
9 21
9 22
9 23
10 18
10 19
10 20
10 21
10 22
10 23
11 18
11 19
11 20
11 21
0
Yes
0 40
0 41
1 40
1 41
2 40
2 41
3 40
3 41
0
Yes
5 35
5 36
5 37
5 38
6 35
7 35
8 35
9 34
9 35
9 36
0
Yes
7 13
8 12
8 13
8 14
9 13
0
Yes
9 32
9 33
10 32
10 33
10 34
10 35
10 36
11 32
11 33
11 34
11 35
11 36
12 32
12 33
12 34
12 35
12 36
13 32
13 33
13 34
13 35
13 36
14 32
14 33
14 34
14 35
14 36
15 32
15 33
15 34
15 35
15 36
16 32
16 33
16 34
16 35
16 36
17 32
17 33
17 34
17 35
17 36
18 32
18 33
18 34
0
Yes
0 19
0 20
0 21
0 22
1 18
1 19
1 20
1 21
1 22
2 18
2 19
2 20
2 21
2 22
3 18
3 19
3 20
3 21
3 22
0
Yes
11 45
11 48
11 49
12 45
12 49
13 43
13 44
13 45
13 49
14 37
14 38
14 42
14 43
14 44
14 45
14 46
14 48
14 49
15 37
15 38
15 39
15 40
15 41
15 42
15 43
15 44
15 45
15 46
15 47
15 48
15 49
16 37
16 38
16 39
16 40
16 41
16 45
16 46
16 47
16 48
16 49
17 37
17 38
17 39
17 40
17 46
17 47
17 48
17 49
18 36
18 37
18 38
18 39
18 40
18 46
18 47
18 48
18 49
19 37
19 38
19 39
19 40
19 41
19 42
19 43
19 47
19 49
20 37
20 38
20 39
20 41
20 42
21 41
21 42
0
Yes
13 31
14 26
14 27
14 28
14 29
14 30
14 31
15 26
15 27
15 28
15 29
15 30
15 31
16 25
16 26
16 27
16 28
16 29
16 30
16 31
17 25
17 26
17 27
17 28
17 29
17 30
17 31
18 25
18 26
18 27
18 28
18 29
18 30
18 31
19 25
19 26
19 27
19 28
19 29
19 30
19 31
19 32
19 33
19 34
19 35
20 26
20 27
20 28
20 29
20 30
20 31
20 32
20 33
20 34
20 35
20 36
21 26
21 27
21 30
21 31
21 32
21 33
22 26
22 27
22 28
22 32
23 26
23 27
23 28
23 29
24 25
24 26
24 27
24 28
24 29
25 25
25 26
25 27
25 28
25 29
26 22
26 23
26 24
26 25
26 26
26 27
26 28
26 29
26 30
27 22
27 23
27 24
27 25
27 26
27 27
27 28
27 29
27 30
28 22
28 23
28 24
28 25
28 26
28 27
28 28
28 29
29 22
29 23
29 24
29 25
29 26
29 27
29 28
29 29
29 30
30 22
30 23
30 24
30 25
30 26
30 27
30 28
30 29
30 30
31 22
31 23
31 24
31 25
31 26
31 27
31 28
31 29
32 22
32 23
32 24
32 25
32 26
32 27
32 28
32 29
33 29
0
Yes
24 43
24 44
24 48
25 43
25 44
25 47
25 48
25 49
26 43
26 44
26 46
26 47
26 48
26 49
27 42
27 43
27 44
27 46
27 47
27 48
27 49
28 42
28 43
28 44
28 45
28 46
28 47
28 48
28 49
29 42
29 43
29 44
29 45
29 46
29 47
29 48
29 49
30 39
30 40
30 41
30 42
30 43
30 44
30 45
30 46
30 47
30 48
30 49
31 39
31 40
31 41
31 42
31 43
31 44
31 45
31 46
31 47
31 48
31 49
32 39
32 40
32 41
32 42
32 43
32 44
32 45
32 46
32 47
32 48
32 49
33 39
33 40
33 41
33 42
33 43
33 44
33 45
33 46
33 47
33 48
33 49
34 39
34 40
34 41
34 42
34 43
34 44
34 45
34 46
34 47
34 48
34 49
35 39
35 40
35 41
35 42
35 43
35 44
35 45
35 46
35 47
35 48
35 49
36 39
36 40
36 41
36 42
36 43
36 44
36 45
36 46
36 47
36 48
36 49
37 39
37 40
37 41
37 42
37 43
37 44
37 45
37 46
37 47
37 48
37 49
38 43
0
Yes
28 4
28 5
28 6
28 7
28 8
28 9
28 10
28 11
28 12
29 5
29 6
29 7
29 8
29 9
29 10
29 11
30 5
30 6
30 7
30 8
30 9
30 10
30 11
31 5
31 6
31 7
31 8
31 9
31 10
31 11
31 12
32 4
32 5
32 6
32 7
32 8
32 9
32 10
32 11
32 12
32 13
33 3
33 4
33 5
33 6
33 7
33 8
33 9
33 10
33 11
33 12
34 3
34 4
34 5
34 6
34 7
34 8
34 9
34 10
35 4
35 5
35 6
35 7
35 8
35 9
35 10
35 11
35 12
35 13
35 14
36 11
36 12
36 13
36 14
37 11
37 12
37 13
37 14
38 6
38 7
38 8
38 9
38 10
38 11
38 12
38 13
38 14
39 6
39 7
39 8
0
Yes
24 18
25 16
25 17
25 18
26 15
26 16
26 17
26 18
26 19
26 20
26 21
27 16
27 17
27 18
27 19
27 20
27 21
28 18
28 19
28 20
28 21
29 19
29 20
29 21
30 21
31 21
32 19
32 20
32 21
33 18
33 19
33 20
33 21
33 22
33 23
34 18
34 19
34 20
34 21
34 22
34 23
35 17
35 18
35 19
35 20
35 21
35 22
35 23
36 17
36 18
36 19
36 20
36 21
36 22
37 18
37 19
37 20
37 21
37 22
0
Yes
4 40
4 41
5 39
5 40
5 41
6 37
6 38
6 39
6 40
6 41
7 37
7 38
7 39
7 40
7 41
8 37
8 38
8 39
8 40
0
Yes
35 35
35 36
35 37
35 38
36 34
36 35
36 36
36 37
36 38
37 33
37 34
37 35
37 36
37 37
37 38
38 33
38 34
38 35
38 36
38 37
38 38
38 39
38 40
38 41
38 45
38 46
38 47
39 33
39 34
39 35
39 36
39 37
39 38
39 39
39 40
39 41
39 42
39 43
39 44
39 45
39 46
39 47
40 33
40 34
40 35
40 36
40 37
40 38
40 39
40 40
40 41
40 42
40 43
40 44
40 45
40 46
40 47
41 34
41 35
41 36
41 37
41 38
41 39
41 40
41 41
41 42
41 43
41 44
41 45
41 46
41 47
42 36
42 37
42 38
42 39
42 40
42 41
42 42
42 43
42 44
42 45
42 46
42 47
43 37
43 40
43 41
43 42
43 43
43 44
43 45
43 46
43 47
44 39
44 40
44 41
44 42
44 43
44 44
44 45
44 46
44 47
45 40
0
Yes
7 13
8 12
8 13
8 14
8 16
8 17
9 12
9 13
9 14
9 15
9 16
9 17
10 15
10 16
10 17
11 16
11 17
12 17
12 18
12 19
13 17
13 18
13 19
14 17
14 18
14 19
15 16
15 17
15 19
0
Yes
9 37
9 38
10 37
10 38
11 37
11 38
0
Yes
10 0
10 1
11 0
11 1
11 2
12 0
12 1
12 2
13 0
13 1
13 2
14 0
14 1
14 2
14 3
14 4
14 5
14 6
15 0
15 1
15 2
15 3
15 4
15 5
15 6
16 0
16 1
16 2
16 3
16 4
16 5
16 6
17 0
17 1
17 2
17 3
17 4
17 5
0
No
0
Yes
0 23
0 24
0 25
0 26
0 27
1 23
1 24
1 25
1 26
1 27
2 23
2 24
2 25
2 26
3 23
3 24
3 25
3 26
0
Yes
28 4
28 5
28 6
28 7
28 8
28 9
28 10
28 11
28 12
29 5
29 6
29 7
29 8
29 9
29 10
29 11
30 5
30 6
30 7
30 8
30 9
30 10
30 11
31 5
31 6
31 7
31 8
31 9
31 10
31 11
31 12
32 4
32 5
32 6
32 7
32 8
32 9
32 10
32 11
32 12
32 13
33 3
33 4
33 5
33 6
33 7
33 8
33 9
33 10
33 11
33 12
34 3
34 4
34 5
34 6
34 7
34 8
34 9
34 10
35 4
35 5
35 6
35 7
35 8
35 9
35 10
35 11
35 12
35 13
35 14
36 11
36 12
36 13
36 14
37 11
37 12
37 13
37 14
38 6
38 7
38 8
38 9
38 10
38 11
38 12
38 13
38 14
39 6
39 7
39 8
39 9
39 10
39 11
39 12
39 13
39 14
40 7
40 8
40 9
40 10
40 11
40 12
40 13
41 8
41 9
41 10
41 11
41 12
41 13
0
Yes
27 33
28 33
28 34
28 35
29 31
29 32
29 33
29 34
29 35
30 31
30 32
30 33
30 34
30 35
30 36
30 37
30 38
31 31
31 32
31 33
31 34
31 35
31 36
31 37
31 38
32 30
32 31
32 32
32 33
32 34
32 35
32 36
32 37
32 38
33 24
33 25
33 26
33 27
33 30
33 31
33 32
33 33
33 34
33 35
33 36
33 37
33 38
34 24
34 25
34 26
34 27
34 28
34 29
34 30
34 31
34 32
34 33
34 34
34 35
34 36
34 37
34 38
35 24
35 25
35 26
35 27
35 28
35 29
35 30
35 31
35 32
35 33
36 27
36 28
36 29
36 30
36 31
36 32
37 28
37 29
37 30
37 31
37 32
38 28
38 29
38 30
38 31
38 32
39 29
39 30
39 31
39 32
40 29
40 30
40 31
40 32
41 29
41 30
41 31
41 32
42 29
42 30
42 31
42 32
42 33
43 29
43 30
43 31
43 32
43 33
0
No
0
Yes
0 28
0 29
0 30
0 31
0 32
1 28
1 29
1 30
1 31
2 28
2 29
3 27
3 28
3 29
4 19
4 20
4 21
4 22
4 23
4 24
4 25
4 26
4 27
4 28
4 29
5 18
5 19
5 20
5 21
5 22
5 23
5 24
5 25
5 26
5 27
5 28
5 29
5 30
5 31
5 32
5 33
5 34
6 19
6 20
6 21
6 22
6 23
6 24
6 25
6 26
6 27
6 28
6 29
6 30
6 31
6 32
6 33
6 34
7 19
7 20
7 21
7 22
7 23
7 29
7 30
7 31
7 32
7 33
7 34
8 19
8 20
8 21
8 22
8 23
8 30
8 31
8 32
8 33
9 19
9 20
9 21
9 22
9 23
10 20
10 21
10 22
10 23
0
No
0
No
0
No
0
Yes
0 19
0 20
0 21
0 22
1 18
1 19
1 20
1 21
1 22
2 18
2 19
2 20
2 21
2 22
3 18
3 19
0
Yes
35 35
35 36
35 37
35 38
36 34
36 35
36 36
36 37
36 38
37 33
37 34
37 35
37 36
37 37
37 38
38 33
38 34
38 35
38 36
38 37
38 38
38 39
38 40
38 41
38 45
38 46
39 33
39 34
39 35
39 36
39 37
39 38
39 39
39 40
39 41
39 42
39 43
39 44
39 45
39 46
40 33
40 34
40 35
40 36
40 37
40 38
40 39
40 40
40 41
40 42
40 43
40 44
40 45
40 46
41 34
41 35
41 36
41 37
41 38
41 39
41 40
41 41
41 42
41 43
41 44
41 45
41 46
42 36
42 37
42 38
42 39
42 40
42 41
42 42
42 43
42 44
42 45
42 46
43 37
43 40
43 41
43 42
43 43
43 44
43 45
43 46
44 40
44 41
44 42
0
Yes
0 23
0 24
0 25
0 26
1 23
1 24
1 25
1 26
2 23
2 24
2 25
0
Yes
6 49
7 46
7 47
7 48
7 49
8 47
8 48
8 49
9 49
0
Yes
11 45
11 48
11 49
12 38
12 39
12 41
12 45
12 49
13 38
13 39
13 40
13 41
13 43
13 44
13 45
13 49
14 38
14 39
14 40
14 41
14 42
14 43
14 44
14 45
14 46
14 48
14 49
15 38
15 39
15 40
15 41
15 42
15 43
15 44
15 45
15 46
15 47
15 48
15 49
16 45
16 46
16 47
16 48
16 49
17 46
17 47
17 48
17 49
18 46
18 47
0
Yes
12 37
13 37
14 37
15 37
16 37
16 38
16 39
16 40
16 41
17 37
17 38
17 39
17 40
18 36
18 37
18 38
18 39
18 40
19 37
19 38
19 39
19 40
19 41
19 42
19 43
20 37
20 38
20 39
20 41
20 42
21 35
21 36
21 37
21 38
21 39
21 41
21 42
22 34
22 35
22 36
22 37
22 38
22 39
23 33
23 34
23 35
23 36
23 37
23 38
23 39
23 40
24 33
24 34
24 35
24 36
24 37
24 38
24 39
24 40
24 41
25 35
25 36
25 37
25 38
25 39
25 40
25 41
26 35
26 36
26 37
26 38
26 39
26 40
26 41
27 35
27 36
27 37
27 38
27 39
27 40
27 41
28 36
28 37
0
Yes
0 33
0 34
0 35
0 36
0 37
1 33
1 34
1 35
1 36
1 37
2 32
2 33
2 34
2 35
2 36
2 37
3 32
3 33
3 34
3 35
3 36
0
No
0
Yes
0 33
0 34
0 35
0 36
0 37
0 38
1 33
1 34
1 35
1 36
1 37
1 38
2 31
2 32
2 33
2 34
2 35
2 36
2 37
3 31
3 32
3 33
3 34
3 35
3 36
3 37
4 31
4 32
4 33
4 34
4 35
4 36
4 37
0
No
0
Yes
7 25
7 26
7 27
8 24
8 25
8 26
8 27
8 28
9 24
9 25
9 26
9 27
9 28
9 29
9 30
9 31
10 24
10 25
10 26
10 27
10 28
10 29
10 30
11 25
11 26
11 27
11 28
11 29
11 30
12 25
12 26
12 27
12 28
12 29
12 30
13 26
13 27
13 28
13 29
0
No
0
Yes
0 47
0 48
0 49
1 47
1 48
1 49
2 47
2 48
2 49
3 47
0
Yes
0 27
0 28
0 29
1 27
1 28
1 29
0
Yes
0 30
0 31
0 32
1 30
1 31
2 27
2 28
2 29
2 30
3 21
3 22
3 23
3 24
3 25
3 26
3 27
3 28
3 29
3 30
4 19
4 20
4 21
4 22
4 23
4 24
4 25
4 26
4 27
4 28
4 29
4 30
5 18
5 19
5 20
5 21
5 22
5 23
5 24
5 25
5 26
5 27
5 28
5 29
5 30
5 31
5 32
5 33
5 34
5 35
5 36
5 37
6 19
6 20
6 21
6 22
6 23
6 24
6 25
6 26
6 27
6 28
6 29
6 30
6 31
6 32
6 33
6 34
6 35
6 36
7 19
7 20
7 21
7 22
7 23
7 29
7 30
7 31
7 32
7 33
7 34
7 35
7 36
8 19
8 20
8 21
8 22
8 23
8 30
8 31
8 32
8 33
8 34
8 35
8 36
9 19
9 20
9 21
9 22
9 23
9 35
9 36
10 22
10 23
0
Yes
10 0
10 1
11 0
11 1
11 2
12 0
12 1
12 2
13 0
13 1
13 2
14 0
14 1
14 2
14 3
14 4
14 5
14 6
14 7
15 0
15 1
15 2
15 3
15 4
15 5
15 6
16 0
16 1
16 2
16 3
16 4
16 5
16 6
17 0
17 1
17 2
17 3
17 4
17 5
18 0
18 1
18 2
18 3
18 4
19 0
19 1
19 2
19 3
19 4
20 0
20 1
20 2
20 3
20 4
20 5
21 0
21 1
21 2
21 3
21 4
21 5
22 0
22 1
22 2
22 3
22 4
22 5
23 0
23 1
23 2
23 3
23 4
23 5
23 6
24 0
24 1
24 2
24 3
24 4
24 5
24 6
25 0
25 1
25 2
25 3
25 4
25 5
26 0
26 1
26 2
26 3
26 4
26 5
27 0
27 1
27 2
27 3
27 4
27 5
28 0
28 1
28 2
28 3
0
Yes
11 31
12 31
13 31
14 26
14 27
14 28
14 29
14 30
14 31
15 26
15 27
15 28
15 29
15 30
15 31
16 25
16 26
16 27
16 28
16 29
16 30
16 31
17 25
17 26
17 27
17 28
17 29
17 30
17 31
18 25
18 26
18 27
18 28
18 29
18 30
18 31
19 25
19 26
19 27
19 28
19 29
19 30
19 31
19 32
19 33
19 34
19 35
20 26
20 27
20 28
20 29
20 30
20 31
20 32
20 33
20 34
20 35
21 26
21 27
21 30
21 31
21 32
21 33
22 26
22 27
22 28
22 32
23 26
23 27
23 28
23 29
24 25
24 26
24 27
24 28
24 29
25 25
25 26
25 27
25 28
25 29
26 24
26 25
26 26
26 27
26 28
26 29
26 30
27 24
27 25
27 26
27 27
27 28
27 29
27 30
28 24
28 25
28 26
28 27
28 28
28 29
29 24
29 25
29 26
29 27
29 28
29 29
29 30
30 24
30 25
30 26
30 27
30 28
30 29
30 30
31 25
31 26
31 27
31 28
31 29
0
Yes
6 49
7 46
7 47
7 48
7 49
8 46
8 47
8 48
8 49
9 49
0
Yes
19 10
20 8
20 9
20 10
21 8
21 9
21 10
22 7
22 8
22 9
22 10
22 11
23 7
23 8
23 9
23 10
24 7
24 8
24 9
24 10
24 11
25 7
25 8
25 9
25 10
25 11
25 12
26 7
26 8
26 9
26 10
26 11
26 12
27 8
27 9
27 10
27 11
0
Yes
24 18
25 16
25 17
25 18
26 15
26 16
26 17
26 18
26 19
26 20
26 21
26 22
26 23
27 16
27 17
27 18
27 19
27 20
27 21
27 22
27 23
28 18
28 19
28 20
28 21
28 22
28 23
29 19
29 20
29 21
29 22
29 23
30 21
30 22
30 23
31 21
31 22
31 23
32 19
32 20
32 21
32 22
32 23
33 18
33 19
33 20
33 21
33 22
33 23
34 18
34 19
34 20
34 21
34 22
34 23
35 17
35 18
35 19
35 20
35 21
35 22
35 23
36 17
36 18
36 19
36 20
36 21
36 22
36 23
37 18
37 19
37 20
0
Yes
8 18
9 18
10 18
10 19
10 20
11 19
11 20
11 21
11 22
11 23
12 20
12 21
12 22
12 23
12 24
13 20
13 21
13 22
13 23
13 24
14 20
14 21
14 22
14 23
14 24
14 25
15 20
15 21
15 22
15 23
15 24
16 19
16 20
16 21
16 22
16 23
16 24
17 19
17 20
17 21
17 22
17 23
17 24
18 18
18 19
18 20
18 21
18 22
18 23
18 24
19 19
19 20
19 21
19 22
19 23
19 24
20 20
20 21
20 22
20 23
20 24
21 21
21 22
21 23
21 24
22 20
22 21
22 22
22 23
22 24
23 19
23 20
23 21
23 22
23 23
23 24
24 19
0
Yes
24 42
24 43
24 44
25 42
25 43
25 44
25 47
25 48
26 42
26 43
26 44
26 46
26 47
26 48
27 42
27 43
27 44
27 46
27 47
28 39
28 40
28 41
28 42
28 43
28 44
28 45
28 46
28 47
29 39
29 40
29 41
29 42
29 43
29 44
29 45
29 46
29 47
30 39
30 40
30 41
30 42
30 43
30 44
30 45
30 46
30 47
31 39
31 40
31 41
31 42
31 43
31 44
31 45
31 46
31 47
0
Yes
25 49
26 49
27 49
28 48
28 49
29 48
29 49
30 48
30 49
31 48
31 49
32 43
32 44
32 45
32 46
32 47
32 48
32 49
33 43
33 44
33 45
33 46
33 47
33 48
33 49
34 43
34 44
34 45
34 46
34 47
34 48
34 49
35 43
35 44
35 45
35 46
35 47
35 48
35 49
36 43
36 44
36 45
36 46
36 47
36 48
36 49
37 43
37 44
37 45
37 46
37 47
37 48
37 49
38 47
38 48
38 49
0
No
0
Yes
0 39
0 40
0 41
0 42
0 43
0 44
0 45
0 46
1 39
1 40
1 41
1 42
1 43
1 44
1 45
1 46
2 39
2 40
2 41
2 42
2 43
2 44
2 45
2 46
3 38
3 39
3 40
3 41
3 42
3 43
3 44
3 45
3 46
4 38
4 42
4 43
4 44
4 45
4 46
5 42
5 43
5 44
5 45
5 46
0
Yes
7 25
7 26
7 27
8 24
8 25
8 26
8 27
8 28
9 24
9 25
9 26
9 27
9 28
9 29
9 30
10 24
10 25
10 26
10 27
10 28
10 29
10 30
11 22
11 23
11 24
11 25
11 26
11 27
11 28
11 29
11 30
12 22
12 23
12 24
12 25
12 26
12 27
12 28
12 29
12 30
13 22
13 23
13 24
13 25
13 26
13 27
13 28
13 29
13 30
0
Yes
8 18
9 18
10 18
10 19
10 20
11 19
11 20
11 21
12 20
12 21
13 20
13 21
14 20
14 21
14 22
14 23
14 24
14 25
14 26
14 27
14 28
14 29
14 30
15 20
15 21
15 22
15 23
15 24
15 25
15 26
15 27
15 28
15 29
15 30
16 19
16 20
16 21
16 22
16 23
16 24
16 25
16 26
16 27
16 28
16 29
16 30
17 19
17 20
17 21
17 22
17 23
17 24
17 25
17 26
17 27
17 28
17 29
18 18
18 19
18 20
18 21
18 22
18 23
18 24
18 25
18 26
18 27
18 28
18 29
19 19
19 20
19 21
19 22
19 23
19 24
19 25
19 26
19 27
19 28
19 29
20 20
20 21
20 22
20 23
20 24
20 25
20 26
20 27
20 28
20 29
21 21
21 22
21 23
21 24
21 25
21 26
21 27
22 20
22 21
22 22
22 23
22 24
22 25
22 26
22 27
23 19
23 20
23 21
23 22
23 23
23 24
23 25
23 26
23 27
24 19
24 20
24 21
24 22
24 23
24 24
24 25
24 26
24 27
0
Yes
0 19
0 20
0 21
1 18
1 19
1 20
1 21
2 19
0
Yes
3 49
4 47
4 48
4 49
5 47
5 48
5 49
6 47
6 48
6 49
7 47
7 48
7 49
0
Yes
19 10
20 8
20 9
20 10
21 8
21 9
21 10
22 7
22 8
22 9
22 10
22 11
23 7
23 8
23 9
23 10
24 7
24 8
24 9
24 10
24 11
25 7
25 8
25 9
25 10
25 11
25 12
26 6
26 7
26 8
26 9
26 10
26 11
26 12
26 13
27 6
27 7
27 8
27 9
27 10
27 11
28 5
28 6
28 7
28 8
28 9
28 10
28 11
28 12
29 5
29 6
29 7
29 8
29 9
29 10
29 11
30 5
30 6
30 7
30 8
30 9
30 10
30 11
31 5
31 6
31 7
31 8
31 9
31 10
31 11
31 12
32 5
32 6
32 7
32 8
32 9
32 10
32 11
32 12
33 5
33 6
33 7
33 8
33 9
33 10
33 11
33 12
0
Yes
29 0
29 1
29 2
29 3
29 4
30 0
30 1
30 2
30 3
30 4
31 0
31 1
31 2
31 3
31 4
32 0
32 1
32 2
32 3
32 4
33 0
33 1
33 2
33 3
33 4
34 0
34 1
34 2
34 3
34 4
34 5
34 6
34 7
34 8
34 9
34 10
35 0
35 1
35 2
35 3
35 4
35 5
35 6
35 7
35 8
35 9
35 10
35 11
35 12
35 13
36 0
36 1
36 2
36 3
36 4
36 5
36 6
36 7
36 8
36 9
36 10
36 11
36 12
36 13
37 0
37 1
37 2
37 3
37 4
37 5
37 6
37 7
37 8
37 9
37 10
37 11
37 12
37 13
38 0
38 1
38 2
38 3
38 4
38 5
38 6
38 7
38 8
38 9
38 10
38 11
38 12
38 13
39 0
39 1
39 2
39 3
39 4
39 5
39 6
39 7
39 8
39 9
39 10
39 11
39 12
39 13
40 0
40 1
40 2
40 3
40 4
40 5
40 7
40 8
40 9
40 10
40 11
40 12
40 13
41 0
41 1
41 2
41 3
41 4
42 0
42 1
42 2
42 4
43 0
43 1
43 2
44 0
44 1
44 2
44 3
45 0
45 1
45 2
45 3
46 0
46 1
46 2
46 3
47 0
47 1
47 2
47 3
48 0
48 1
0
No
0
Yes
0 22
0 23
0 24
0 25
0 26
0 30
0 31
0 32
1 22
1 23
1 24
1 25
1 26
1 30
1 31
2 21
2 22
2 23
2 24
2 25
2 26
2 27
2 28
2 29
2 30
3 18
3 19
3 20
3 21
3 22
3 23
3 24
3 25
3 26
3 27
3 28
3 29
3 30
4 19
4 20
4 21
4 22
4 23
4 24
4 25
4 26
4 27
4 28
4 29
4 30
5 18
5 19
5 20
5 21
5 22
5 23
5 24
5 25
5 26
5 27
5 28
5 29
5 30
5 31
5 32
5 33
5 34
5 35
6 19
6 20
6 21
6 22
6 23
6 24
6 25
6 26
6 27
6 28
6 29
6 30
6 31
6 32
6 33
6 34
6 35
7 19
7 20
7 21
7 22
7 23
7 29
7 30
7 31
7 32
7 33
7 34
7 35
8 19
8 20
8 21
8 22
8 23
8 30
8 31
8 32
8 33
8 34
8 35
9 20
9 21
9 22
9 23
9 31
9 32
9 33
10 22
0
Yes
29 0
29 1
29 2
29 3
29 4
30 0
30 1
30 2
30 3
30 4
31 0
31 1
31 2
31 3
31 4
32 0
32 1
32 2
32 3
32 4
33 0
33 1
33 2
33 3
33 4
34 0
34 1
34 2
34 3
34 4
34 5
34 6
34 7
34 8
34 9
34 10
35 0
35 1
35 2
35 3
35 4
35 5
35 6
35 7
35 8
35 9
35 10
36 0
36 1
36 2
36 3
36 4
36 5
36 6
36 7
36 8
36 9
36 10
37 0
37 1
37 2
37 3
37 4
37 5
37 6
37 7
37 8
37 9
37 10
38 0
38 1
38 2
38 3
38 4
38 5
38 6
38 7
38 8
38 9
38 10
39 0
39 1
39 2
39 3
39 4
39 5
39 6
39 7
39 8
39 9
39 10
40 0
40 1
40 2
40 3
40 4
40 5
41 0
41 1
41 2
41 3
41 4
42 0
42 1
42 2
43 0
43 1
43 2
44 0
44 1
44 2
0
Yes
5 36
5 37
6 36
7 36
8 36
9 35
9 36
10 31
10 32
10 33
10 34
10 35
10 36
11 31
11 32
11 33
11 34
11 35
11 36
12 31
12 32
12 33
12 34
12 35
12 36
13 31
13 32
13 33
13 34
13 35
13 36
14 31
14 32
14 33
14 34
14 35
14 36
15 31
15 32
15 33
15 34
15 35
15 36
16 31
16 32
16 33
16 34
16 35
16 36
17 31
17 32
17 33
17 34
17 35
18 31
18 32
18 33
18 34
18 35
19 33
19 34
19 35
0
Yes
32 39
32 40
32 41
32 42
33 39
33 40
33 41
33 42
34 39
34 40
34 41
34 42
35 35
35 36
35 37
35 38
35 39
35 40
35 41
35 42
36 34
36 35
36 36
36 37
36 38
36 39
36 40
36 41
36 42
37 33
37 34
37 35
37 36
37 37
37 38
37 39
37 40
37 41
37 42
38 33
38 34
38 35
38 36
38 37
38 38
38 39
38 40
38 41
38 42
38 43
38 44
38 45
39 33
39 34
39 35
39 36
39 37
39 38
39 39
39 40
39 41
39 42
39 43
39 44
39 45
40 33
40 34
40 35
40 36
40 37
40 38
40 39
40 40
40 41
40 42
40 43
40 44
40 45
41 34
41 35
41 36
41 37
41 38
41 39
41 40
41 41
41 42
41 43
41 44
41 45
42 36
42 37
42 38
42 39
42 40
42 41
42 42
42 43
42 44
42 45
43 40
43 41
0
Yes
0 47
0 48
0 49
1 47
1 48
1 49
2 47
0
Yes
35 11
35 12
35 13
35 14
35 15
36 11
36 12
36 13
36 14
36 15
37 11
37 12
37 13
37 14
37 15
38 11
38 12
38 13
38 14
38 15
38 16
39 11
39 12
39 13
39 14
39 15
39 16
39 17
40 7
40 8
40 9
40 10
40 11
40 12
40 13
40 15
40 16
40 17
41 8
41 9
41 10
41 11
41 12
41 13
41 15
41 17
42 8
42 9
42 10
42 11
42 12
43 8
43 9
43 10
43 11
43 12
43 13
44 7
44 8
44 9
44 10
44 11
44 12
44 13
45 5
45 6
45 7
45 8
45 9
45 10
45 12
46 6
46 7
46 8
46 9
46 10
46 12
47 6
47 7
47 8
0
Yes
11 45
12 45
13 43
13 44
13 45
14 41
14 42
14 43
14 44
14 45
14 46
15 41
15 42
15 43
15 44
15 45
15 46
15 47
16 45
16 46
16 47
0
Yes
0 22
0 23
0 24
0 25
0 26
1 22
1 23
1 24
1 25
1 26
2 21
2 22
2 23
2 24
2 25
2 26
2 27
2 28
3 18
3 19
3 20
3 21
3 22
3 23
3 24
3 25
3 26
3 27
3 28
4 19
4 20
4 21
4 22
4 23
4 24
4 25
4 26
4 27
4 28
5 19
5 20
5 21
5 22
5 23
5 24
5 25
5 26
5 27
5 28
6 19
6 20
6 21
6 22
6 23
6 24
6 25
6 26
6 27
6 28
7 19
7 20
7 21
7 22
7 23
8 22
0
No
0
Yes
0 30
0 31
0 32
1 30
1 31
2 29
2 30
3 29
3 30
4 29
4 30
5 29
5 30
5 31
5 32
5 33
5 34
5 35
6 29
6 30
6 31
6 32
6 33
6 34
7 29
7 30
7 31
7 32
7 33
7 34
8 30
8 31
8 32
8 33
8 34
0
Yes
32 39
32 40
32 41
32 42
33 39
33 40
33 41
33 42
34 39
34 40
34 41
34 42
35 35
35 36
35 37
35 38
35 39
35 40
35 41
35 42
36 34
36 35
36 36
36 37
36 38
36 39
36 40
36 41
36 42
37 33
37 34
37 35
37 36
37 37
37 38
37 39
37 40
37 41
37 42
38 33
38 34
38 35
38 36
38 37
38 38
38 39
38 40
38 41
38 42
38 43
38 44
38 45
39 33
39 34
39 35
39 36
39 37
39 38
39 39
39 40
39 41
39 42
39 43
39 44
39 45
39 46
39 47
40 33
40 34
40 35
40 36
40 37
40 38
40 39
40 40
40 41
40 42
40 43
40 44
40 45
40 46
40 47
41 34
41 35
41 36
41 37
41 38
41 39
41 40
41 41
41 42
41 43
41 44
41 45
41 46
42 36
42 37
42 38
42 39
42 40
42 41
42 42
42 43
42 44
42 45
42 46
43 37
43 40
43 41
43 42
43 43
43 44
43 45
43 46
44 39
44 40
44 41
44 42
44 43
44 44
44 45
44 46
45 40
45 41
45 42
45 43
45 44
45 45
45 46
0
No
0
No
0
Yes
0 47
0 48
0 49
1 47
1 48
1 49
2 47
2 48
2 49
3 47
3 48
3 49
4 47
4 48
4 49
5 47
5 48
5 49
6 45
6 46
6 47
6 48
6 49
7 46
7 47
7 48
7 49
8 46
8 47
8 48
8 49
0
Yes
4 40
5 38
5 39
5 40
5 41
6 38
6 39
6 40
6 41
6 42
6 43
6 44
7 37
7 38
7 39
7 40
7 41
7 42
7 43
8 37
8 38
8 39
8 40
0
Yes
19 10
20 8
20 9
20 10
21 8
21 9
21 10
22 7
22 8
22 9
22 10
22 11
23 7
23 8
23 9
23 10
24 7
24 8
24 9
24 10
24 11
25 9
25 10
25 11
0
Yes
22 28
23 28
23 29
24 28
24 29
25 20
25 21
25 22
25 23
25 24
25 25
25 26
25 27
25 28
25 29
26 24
26 25
26 26
26 27
26 28
26 29
26 30
27 24
27 25
27 26
27 27
27 28
27 29
27 30
27 33
28 24
28 25
28 26
28 27
28 28
28 29
28 33
28 34
29 24
29 25
29 26
29 27
29 28
29 29
29 30
29 31
29 32
29 33
29 34
29 35
29 36
30 24
30 25
30 26
30 27
30 28
30 29
30 30
30 31
30 32
30 33
30 34
30 35
30 36
31 24
31 25
31 26
31 27
31 28
31 29
31 30
31 31
31 32
31 33
31 34
31 35
31 36
32 24
32 25
32 26
32 27
32 28
32 29
32 30
32 31
32 32
32 33
32 34
32 35
32 36
33 24
33 25
33 26
33 27
33 28
33 29
33 30
33 31
33 32
33 33
33 34
33 35
33 36
34 24
34 25
34 26
34 27
34 28
34 29
34 30
34 31
34 32
34 33
34 34
34 35
34 36
35 24
35 25
35 26
35 27
35 28
35 29
35 30
35 31
35 32
35 33
36 27
36 28
36 29
36 30
36 31
36 32
0
Yes
0 19
0 20
0 21
0 22
0 23
0 24
1 18
1 19
1 20
1 21
1 22
1 23
1 24
2 18
2 19
2 20
2 21
2 22
2 23
3 18
3 19
3 20
3 21
3 22
3 23
4 19
4 20
4 21
4 22
4 23
0
Yes
0 25
0 26
1 25
1 26
2 25
2 26
2 27
2 28
3 24
3 25
3 26
3 27
3 28
3 36
4 24
4 25
4 26
4 27
4 28
4 36
5 18
5 19
5 20
5 21
5 22
5 23
5 24
5 25
5 26
5 27
5 28
5 36
6 19
6 20
6 21
6 22
6 23
6 24
6 25
6 26
6 27
6 28
6 36
7 19
7 20
7 21
7 22
7 23
7 24
7 25
7 26
7 27
7 28
7 35
7 36
8 19
8 20
8 21
8 22
8 23
8 24
8 25
8 26
8 27
8 28
8 35
8 36
9 20
9 21
9 22
9 23
9 24
9 25
9 26
9 27
9 28
9 29
9 30
9 31
9 32
9 33
9 34
9 35
9 36
10 22
10 23
10 24
10 25
10 26
10 27
10 28
10 29
10 30
10 31
10 32
10 33
10 34
10 35
10 36
11 22
11 23
11 24
11 25
11 26
11 27
11 28
11 29
11 30
11 31
11 32
11 33
11 34
11 35
11 36
12 22
12 23
12 24
12 25
12 26
12 27
12 28
12 29
12 30
12 31
12 32
12 33
12 34
12 35
12 36
13 23
13 24
13 25
13 26
13 27
13 28
13 29
13 30
13 31
13 32
13 33
13 34
13 35
13 36
0
Yes
22 28
23 28
23 29
24 28
24 29
25 20
25 21
25 22
25 23
25 24
25 25
25 26
25 27
25 28
25 29
26 24
26 25
26 26
26 27
26 28
26 29
26 30
27 24
27 25
27 26
27 27
27 28
27 29
27 30
27 33
28 24
28 25
28 26
28 27
28 28
28 29
28 33
29 24
29 25
29 26
29 27
29 28
29 29
29 30
29 31
29 32
29 33
30 24
30 25
30 26
30 27
30 28
30 29
30 30
30 31
30 32
30 33
31 24
31 25
31 26
31 27
31 28
31 29
31 30
31 31
31 32
31 33
32 24
32 25
32 26
32 27
32 28
32 29
32 30
32 31
32 32
32 33
33 24
33 25
33 26
33 27
33 28
33 29
33 30
33 31
33 32
33 33
0
Yes
0 33
0 34
0 35
1 33
1 34
1 35
0
Yes
28 34
29 34
29 35
29 36
29 37
29 38
30 34
30 35
30 36
30 37
30 38
31 34
31 35
31 36
31 37
31 38
32 34
32 35
32 36
32 37
32 38
33 34
33 35
33 36
33 37
33 38
34 24
34 25
34 26
34 27
34 28
34 29
34 30
34 31
34 32
34 33
34 34
34 35
34 36
34 37
35 24
35 25
35 26
35 27
35 28
35 29
35 30
35 31
35 32
35 33
36 24
36 27
36 28
36 29
36 30
36 31
36 32
37 28
37 29
37 30
37 31
37 32
38 28
38 29
38 30
38 31
38 32
39 29
39 30
39 31
39 32
40 29
40 30
40 31
40 32
41 28
41 29
41 30
41 31
41 32
42 26
42 27
42 28
42 29
42 30
42 31
42 32
42 33
43 28
43 29
43 30
43 31
43 32
43 33
44 27
44 28
44 29
44 30
44 31
45 27
45 28
45 29
45 30
45 31
45 32
46 27
46 28
46 29
46 30
46 31
47 27
47 28
47 29
47 30
47 31
48 27
48 28
48 29
48 30
48 31
49 29
49 30
49 31
0
Yes
10 0
10 1
11 0
11 1
11 2
12 0
12 1
12 2
13 0
13 1
13 2
14 0
14 1
14 2
14 3
14 4
14 5
14 6
15 0
15 1
15 2
15 3
15 4
15 5
15 6
16 0
16 1
16 2
16 3
16 4
16 5
16 6
17 0
17 1
17 2
17 3
17 4
17 5
18 0
18 1
18 2
18 3
18 4
19 0
19 1
19 2
19 3
19 4
20 0
20 1
0
Yes
20 3
20 4
20 5
21 0
21 1
21 2
21 3
21 4
21 5
22 0
22 1
22 2
22 3
22 4
22 5
23 0
23 1
23 2
23 3
23 4
23 5
23 6
24 0
24 1
24 2
24 3
24 4
24 5
24 6
25 0
25 1
25 2
25 3
25 4
25 5
25 6
25 7
25 12
26 0
26 1
26 2
26 3
26 4
26 5
26 6
26 7
26 8
26 9
26 10
26 11
26 12
26 13
27 0
27 1
27 2
27 3
27 4
27 5
27 6
27 7
27 8
27 9
27 10
27 11
28 0
28 1
28 2
28 3
28 4
28 5
28 6
28 7
28 8
28 9
28 10
28 11
29 5
29 6
29 7
29 8
29 9
29 10
29 11
30 5
30 6
30 7
30 8
30 9
30 10
30 11
31 5
31 6
31 7
31 8
31 9
31 10
31 11
32 5
32 6
32 7
32 8
32 9
32 10
32 11
33 6
33 7
33 8
33 9
33 10
0
No
0
No
0
Yes
0 36
0 37
0 38
1 36
1 37
1 38
2 32
2 33
2 34
2 35
2 36
2 37
3 32
3 33
3 34
3 35
3 37
4 33
4 34
4 35
4 37
0
Yes
32 39
32 40
32 41
32 42
33 39
33 40
33 41
33 42
34 39
34 40
34 41
34 42
35 35
35 36
35 37
35 38
35 39
35 40
35 41
35 42
36 34
36 35
36 36
36 37
36 38
36 39
36 40
36 41
36 42
37 33
37 34
37 35
37 36
37 37
37 38
37 39
37 40
37 41
37 42
38 33
38 34
38 35
38 36
38 37
38 38
38 39
38 40
38 41
38 42
38 43
38 44
38 45
39 33
39 34
39 35
39 36
39 37
39 38
39 39
39 40
39 41
39 42
39 43
39 44
39 45
40 33
40 34
40 35
40 36
40 37
40 38
40 39
40 40
40 41
40 42
40 43
40 44
40 45
41 34
41 35
41 36
41 37
41 38
41 39
41 40
41 41
41 42
41 43
41 44
41 45
42 36
42 37
42 38
42 39
42 40
42 41
42 42
42 43
42 44
42 45
43 40
43 41
0
Yes
0 47
0 48
0 49
1 47
1 48
1 49
2 47
2 48
2 49
3 47
3 48
3 49
4 47
4 48
4 49
5 47
5 48
5 49
6 45
6 46
6 47
6 48
6 49
7 46
7 47
7 48
7 49
8 46
8 47
8 48
0
Yes
11 48
11 49
12 49
13 49
14 48
14 49
15 48
15 49
16 48
16 49
0
Yes
12 38
12 39
12 41
13 38
13 39
13 40
13 41
14 38
14 39
14 40
0
Yes
25 49
26 49
27 49
28 48
28 49
29 48
29 49
30 48
30 49
31 48
31 49
32 43
32 44
32 45
32 46
32 47
32 48
32 49
33 43
33 44
33 45
33 46
33 47
33 48
33 49
34 43
34 44
34 45
34 46
34 47
34 48
34 49
35 43
35 44
35 45
35 46
35 47
35 48
35 49
36 43
36 44
36 45
36 46
36 47
36 48
36 49
37 44
37 45
37 46
37 47
37 48
37 49
38 46
38 47
38 48
38 49
39 46
39 47
39 48
39 49
40 46
40 47
40 48
40 49
41 46
41 47
41 48
41 49
42 46
42 47
42 48
42 49
43 43
43 44
43 45
43 46
43 47
43 48
43 49
44 41
44 42
44 43
44 44
44 45
44 46
44 47
44 48
44 49
45 41
45 42
45 43
45 44
45 45
45 46
45 47
45 48
45 49
46 42
46 43
46 44
46 45
46 46
46 47
46 48
46 49
47 42
47 43
47 44
47 45
47 46
47 47
47 48
47 49
48 42
48 43
48 44
48 45
48 46
48 47
48 48
48 49
49 42
49 43
49 44
49 45
49 46
49 47
49 48
49 49
0
No
0
Yes
0 0
0 1
0 2
0 3
0 4
0 5
0 6
0 7
0 8
1 0
1 3
1 4
1 7
2 0
2 3
2 7
2 8
3 8
3 9
3 10
4 6
4 7
4 8
4 9
4 10
5 8
5 9
5 10
5 11
6 5
6 6
6 7
6 8
6 9
6 10
7 7
7 8
7 9
7 10
8 5
8 6
8 7
8 8
8 9
8 10
0
No
0
Yes
7 11
8 11
9 9
9 10
9 11
10 9
10 10
10 11
0
Yes
9 7
9 8
10 5
10 6
10 7
10 8
11 5
11 6
11 7
11 8
11 9
12 5
12 6
12 7
12 8
0
Yes
22 28
23 28
23 29
24 18
24 28
24 29
25 16
25 17
25 18
25 19
25 20
25 21
25 22
25 23
25 24
25 25
25 26
25 27
25 28
25 29
26 15
26 16
26 17
26 18
26 19
26 20
26 21
26 22
26 23
26 24
26 25
26 26
26 27
26 28
26 29
26 30
27 16
27 17
27 18
27 19
27 20
27 21
27 22
27 23
27 24
27 25
27 26
27 27
27 28
27 29
27 30
27 33
28 18
28 19
28 20
28 21
28 22
28 23
28 24
28 25
28 26
28 27
28 28
28 29
28 33
29 19
29 20
29 21
29 22
29 23
29 24
29 25
29 26
29 27
29 28
29 29
29 30
29 31
29 32
29 33
30 21
30 22
30 23
30 24
30 25
30 26
30 27
30 28
30 29
30 30
30 31
30 32
30 33
31 21
31 22
31 23
31 24
31 25
31 26
31 27
31 28
31 29
31 30
31 31
31 32
31 33
32 19
32 20
32 21
32 22
32 23
32 24
32 25
32 26
32 27
32 28
32 29
32 30
32 31
32 32
32 33
33 19
33 20
33 21
33 22
33 23
33 24
33 25
33 26
33 27
33 28
33 29
33 30
33 31
33 32
34 19
34 20
34 21
34 22
34 23
35 19
35 20
35 21
35 22
35 23
36 20
36 21
36 22
36 23
0
Yes
11 48
11 49
12 49
13 49
14 48
14 49
15 48
15 49
16 48
0
Yes
14 31
14 32
14 33
14 34
14 35
14 36
15 31
15 32
15 33
15 34
15 35
15 36
16 31
16 32
16 33
16 34
16 35
17 31
17 32
17 33
17 34
17 35
18 31
18 32
18 33
18 34
18 35
0
Yes
35 11
35 12
35 13
35 14
35 15
36 11
36 12
36 13
36 14
36 15
37 11
37 12
37 13
37 14
37 15
38 11
38 12
38 13
38 14
38 15
38 16
39 11
39 12
39 13
39 14
39 15
39 16
39 17
40 7
40 8
40 9
40 10
40 11
40 12
40 13
40 15
40 16
41 8
41 9
41 10
41 11
41 12
41 13
42 8
42 9
42 10
42 11
42 12
43 8
43 9
43 10
43 11
43 12
44 8
44 9
44 10
44 11
44 12
0
No
0
No
0
No
0
No
0
No
0
No
0
No
0
Yes
4 40
5 38
5 39
5 40
5 41
6 38
6 39
6 40
6 41
7 39
7 40
0
Yes
18 30
19 30
19 31
19 32
19 33
20 30
20 31
20 32
21 30
21 31
21 32
0
Yes
19 10
20 3
20 4
20 5
20 8
20 9
20 10
21 0
21 1
21 2
21 3
21 4
21 5
21 8
21 9
21 10
22 0
22 1
22 2
22 3
22 4
22 5
22 7
22 8
22 9
22 10
22 11
23 0
23 1
23 2
23 3
23 4
23 5
23 6
23 7
23 8
23 9
23 10
24 0
24 1
24 2
24 3
24 4
24 5
24 6
24 7
24 8
24 9
24 10
24 11
25 0
25 1
25 2
25 3
25 4
25 5
25 6
25 7
25 8
25 9
25 10
25 11
25 12
26 0
26 1
26 2
26 3
26 4
26 5
26 6
26 7
26 8
26 9
26 10
26 11
26 12
26 13
27 0
27 1
27 2
27 3
27 4
27 5
27 6
27 7
27 8
27 9
27 10
27 11
28 0
28 1
28 2
28 3
28 4
28 5
28 6
28 7
28 8
28 9
28 10
28 11
28 12
29 0
29 1
29 2
29 3
29 4
29 5
29 6
29 7
29 8
29 9
29 10
29 11
30 0
30 1
30 2
30 3
30 4
30 5
30 6
30 7
30 8
30 9
30 10
30 11
31 5
31 6
31 7
31 8
31 9
31 10
31 11
0
Yes
0 47
0 48
0 49
1 47
1 48
1 49
2 47
2 48
0
Yes
0 39
0 40
0 41
0 42
0 43
0 44
0 45
0 46
1 39
1 40
1 41
1 42
1 43
1 44
1 45
1 46
2 39
2 40
2 41
2 42
2 43
2 44
2 45
2 46
3 38
3 39
3 40
3 41
3 42
3 43
3 44
3 45
3 46
3 47
3 48
3 49
4 38
4 42
4 43
4 44
4 45
4 46
4 47
4 48
4 49
5 42
5 43
5 44
5 45
5 46
5 47
5 48
5 49
6 42
6 43
6 44
6 45
6 46
6 47
6 48
6 49
7 42
7 43
7 46
7 47
0
Yes
31 0
31 1
31 2
31 3
32 0
32 1
32 2
32 3
32 4
32 5
32 6
32 7
32 8
32 9
32 10
33 0
33 1
33 2
33 3
33 4
33 5
33 6
33 7
33 8
33 9
34 0
34 1
34 2
34 3
34 4
34 5
34 6
34 7
34 8
34 9
35 0
35 1
35 2
35 3
35 4
35 5
35 6
35 7
35 8
35 9
36 0
36 1
36 2
36 3
36 4
36 5
36 6
36 7
36 8
36 9
37 0
37 1
37 2
37 3
37 4
37 5
37 6
37 7
37 8
37 9
38 0
38 1
38 2
38 3
38 4
38 5
38 6
38 7
38 8
38 9
39 0
39 1
39 2
39 3
39 4
39 5
39 6
39 7
39 8
39 9
40 0
40 1
40 2
40 3
40 4
40 5
41 0
41 1
41 2
41 3
41 4
0
Yes
42 0
42 1
42 2
43 0
43 1
43 2
44 0
44 1
44 2
44 3
44 7
45 0
45 1
45 2
45 3
45 4
45 5
45 6
45 7
45 8
45 9
46 0
46 1
46 2
46 3
46 4
46 5
46 6
46 7
46 8
46 9
47 0
47 1
47 2
47 3
47 4
47 5
47 6
47 7
47 8
48 0
48 1
48 2
48 3
48 4
48 5
48 6
48 7
48 8
49 0
49 1
49 2
49 3
49 4
49 5
49 6
49 7
49 8
0
Yes
5 37
6 37
7 37
8 37
8 38
8 39
9 37
9 38
10 37
10 38
0
Yes
24 42
24 43
24 44
25 42
25 43
25 44
25 47
25 48
26 42
26 43
26 44
26 46
26 47
27 42
27 43
27 44
27 46
27 47
28 39
28 40
28 41
28 42
28 43
28 44
28 45
28 46
28 47
29 39
29 40
29 41
29 42
29 43
29 44
29 45
29 46
29 47
30 39
30 40
30 41
30 42
30 43
30 44
30 45
30 46
30 47
31 39
31 40
31 41
31 42
31 43
31 44
31 45
31 46
0
Yes
11 45
11 48
11 49
12 45
12 49
13 43
13 44
13 45
13 49
14 42
14 43
14 44
14 45
14 46
14 48
14 49
15 41
15 42
15 43
15 44
15 45
15 46
15 47
15 48
15 49
16 45
16 46
16 47
16 48
16 49
17 46
17 47
17 48
17 49
18 46
18 47
18 48
0
No
0
Yes
0 19
0 20
0 21
1 19
1 20
1 21
0
No
0
No
0
Yes
0 22
0 23
0 24
1 22
1 23
1 24
0
No
0
No
0
Yes
1 18
2 18
2 19
3 18
3 19
0
No
0
No
0
Yes
42 0
42 1
42 2
43 0
43 1
43 2
44 0
44 1
44 2
44 3
44 7
45 0
45 1
45 2
45 3
45 4
45 5
45 6
45 7
46 0
46 1
46 2
46 3
46 4
46 5
46 6
46 7
47 0
47 1
47 2
47 3
47 4
47 5
47 6
47 7
48 0
48 1
48 2
48 3
48 4
48 5
48 6
48 7
49 0
49 1
49 2
49 3
49 4
49 5
49 6
49 7
0
No
0
No
0
No
0
No
0
Yes
0 39
0 40
0 41
0 42
0 43
1 39
1 40
1 41
1 42
1 43
2 39
2 40
2 41
2 42
2 43
3 39
3 40
3 41
3 42
0
Yes
0 44
0 45
0 46
1 44
1 45
1 46
2 44
2 45
2 46
3 44
3 45
3 46
4 44
4 45
0
Yes
7 11
7 13
8 11
8 12
8 13
8 14
8 16
8 17
8 18
9 9
9 10
9 11
9 12
9 13
9 14
9 15
9 16
9 17
9 18
10 10
10 11
10 15
10 16
10 17
10 18
10 19
10 20
11 10
11 16
11 17
11 18
11 19
11 20
11 21
12 17
12 18
12 19
12 20
12 21
13 17
13 18
13 19
13 20
13 21
14 17
14 18
14 19
14 20
14 21
14 22
14 23
14 24
15 16
15 17
15 19
15 20
15 21
15 22
15 23
15 24
16 19
16 20
16 21
16 22
16 23
16 24
17 19
17 20
17 21
17 22
17 23
18 18
18 19
18 20
18 21
18 22
18 23
0
No
0
Yes
14 25
14 26
14 27
14 28
14 29
14 30
15 25
15 26
15 27
15 28
15 29
15 30
16 25
16 26
16 27
16 28
16 29
16 30
17 25
17 26
17 27
17 28
17 29
17 30
18 24
18 25
18 26
18 27
18 28
18 29
18 30
19 21
19 22
19 23
19 24
19 25
19 26
19 27
19 28
19 29
19 30
20 21
20 22
20 23
20 24
20 25
20 26
20 27
20 28
20 29
20 30
21 21
21 22
21 23
21 24
21 25
21 26
21 27
22 21
22 22
22 23
22 24
22 25
22 26
22 27
23 25
0
Yes
0 44
0 45
0 46
1 44
1 45
1 46
2 44
0
Yes
0 39
0 40
0 41
0 42
1 39
1 40
1 41
1 42
2 39
2 40
2 41
2 42
3 39
3 40
3 41
0
Yes
0 43
1 43
2 43
2 46
3 43
3 44
3 45
3 46
4 42
4 43
4 44
4 45
4 46
5 42
5 43
5 44
5 45
5 46
6 42
6 43
0
Yes
0 43
0 47
0 48
0 49
1 43
1 47
1 48
1 49
2 43
2 46
2 47
2 48
2 49
3 43
3 44
3 45
3 46
3 47
3 48
3 49
4 42
4 43
4 44
4 45
4 46
4 47
4 48
4 49
5 42
5 43
5 44
5 45
5 46
5 47
5 48
5 49
6 42
6 43
6 44
6 45
6 46
6 47
6 48
6 49
7 42
7 43
7 46
7 47
7 48
0
Yes
7 11
7 13
8 11
8 12
8 13
8 14
9 9
9 10
9 11
9 12
9 13
9 14
9 15
10 10
10 11
11 10
0
No
0
No
0
Yes
0 0
0 1
0 2
0 3
0 4
0 5
0 6
1 0
1 3
1 4
2 0
2 3
0
No
0
No
0
No
0
No
0
Yes
0 7
0 8
1 7
2 7
2 8
3 8
3 9
3 10
4 6
4 7
4 8
4 9
4 10
5 8
5 9
5 10
5 11
6 5
6 6
6 7
6 8
6 9
6 10
6 11
7 7
7 8
7 9
7 10
7 11
7 13
8 5
8 6
8 7
8 8
8 9
8 10
8 11
8 12
8 13
8 14
8 16
8 17
8 18
9 9
9 10
9 11
9 12
9 13
9 14
9 15
9 16
9 17
9 18
10 10
10 11
10 15
10 16
10 17
10 18
10 19
10 20
11 10
11 16
11 17
11 18
11 19
11 20
11 21
12 17
12 18
12 19
12 20
12 21
13 17
13 18
13 19
13 20
13 21
14 17
14 18
14 19
14 20
14 21
15 16
15 17
15 19
15 20
15 21
0
Yes
10 0
10 1
10 3
11 0
11 1
11 2
11 3
12 0
12 1
12 2
12 3
13 0
13 1
13 2
13 3
13 4
13 5
13 6
13 7
13 8
13 9
13 10
14 0
14 1
14 2
14 3
14 4
14 5
14 6
14 7
14 9
15 0
15 1
15 2
15 3
15 4
15 5
15 6
16 0
16 1
16 2
16 3
16 4
16 5
16 6
17 0
17 1
17 2
17 3
17 4
17 5
18 0
18 1
18 2
18 3
18 4
19 0
19 1
19 2
19 3
19 4
20 0
20 1
0
Yes
0 25
0 26
0 27
0 28
0 29
1 25
1 26
1 27
1 28
2 20
2 21
2 22
2 23
2 24
2 25
2 26
2 27
2 28
3 20
3 21
3 22
3 23
3 24
3 25
3 26
3 27
3 28
4 20
4 21
4 22
4 23
4 24
4 25
4 26
4 27
4 28
5 20
5 21
5 22
5 23
5 24
5 25
5 26
5 27
5 28
6 21
6 22
6 23
6 24
6 25
6 26
6 27
6 28
0
No
0
Yes
3 38
4 38
4 39
4 40
4 41
5 36
5 37
5 38
5 39
5 40
5 41
6 36
6 37
6 38
6 39
6 40
6 41
7 35
7 36
7 37
7 38
7 39
7 40
7 41
8 35
8 36
8 37
8 38
8 39
8 40
9 32
9 33
9 34
9 35
9 36
9 37
9 38
10 32
10 33
10 34
10 35
10 36
10 37
10 38
10 39
10 40
11 32
11 33
11 34
11 35
11 36
11 37
11 38
12 32
12 33
12 34
12 35
12 36
12 38
12 39
13 38
13 39
14 38
14 39
0
Yes
4 19
5 18
5 19
6 19
7 19
7 20
7 21
7 22
7 23
7 24
7 25
8 19
8 20
8 21
8 22
8 23
8 24
8 25
9 20
9 21
9 22
9 23
9 24
9 25
0
Yes
7 26
7 27
7 28
8 26
8 27
8 28
9 26
9 27
9 28
9 29
9 30
10 23
10 24
10 25
10 26
10 27
10 28
10 29
10 30
11 23
11 24
11 25
11 26
11 27
11 28
11 29
11 30
12 23
12 24
12 25
12 26
12 27
12 28
12 29
12 30
13 24
13 25
13 26
13 27
0
Yes
9 31
10 31
11 31
12 31
13 29
13 30
13 31
13 32
13 33
13 34
13 35
13 36
13 37
14 22
14 23
14 24
14 25
14 26
14 27
14 28
14 29
14 30
14 37
15 22
15 23
15 24
15 25
15 26
15 27
15 28
15 29
15 30
15 37
15 38
16 22
16 23
16 24
16 25
16 26
16 27
16 28
16 29
16 30
16 37
16 38
17 22
17 23
17 24
17 25
17 26
17 27
17 28
17 29
17 30
18 22
18 23
18 24
18 25
18 26
18 27
18 28
18 29
18 30
19 23
19 24
19 25
19 26
19 27
19 28
19 29
19 30
19 31
19 32
19 33
19 34
20 23
20 24
20 25
20 26
20 27
20 28
20 29
20 30
20 31
20 32
20 33
20 34
21 30
21 31
21 32
21 33
21 34
0
Yes
11 45
11 48
11 49
12 41
12 45
12 49
13 40
13 41
13 43
13 44
13 45
13 49
14 40
14 41
14 42
14 43
14 44
14 45
14 46
14 48
14 49
15 39
15 40
15 41
15 42
15 43
15 44
15 45
15 46
15 47
15 48
15 49
16 39
16 40
16 41
16 45
16 46
16 47
16 48
16 49
17 46
17 47
17 48
17 49
18 46
18 47
18 48
18 49
0
Yes
0 0
0 1
0 2
0 3
0 4
0 5
0 6
0 7
0 8
1 0
1 3
1 4
2 0
2 3
0
Yes
1 7
2 7
2 8
3 8
3 9
3 10
4 6
4 7
4 8
4 9
4 10
5 8
5 9
5 10
5 11
6 5
6 6
6 7
6 8
6 9
6 10
6 11
7 7
7 8
7 9
7 10
7 11
7 13
8 5
8 6
8 7
8 8
8 9
8 10
8 11
8 12
8 13
9 9
9 10
9 11
9 12
9 13
10 10
10 11
11 10
0
Yes
8 14
8 16
8 17
9 14
9 15
9 16
9 17
10 15
10 16
0
Yes
8 18
9 18
10 18
10 19
10 20
10 21
10 22
11 16
11 17
11 18
11 19
11 20
11 21
12 17
12 18
12 19
12 20
12 21
13 17
13 18
13 19
13 20
13 21
0
Yes
0 43
0 44
0 45
1 43
1 44
1 45
0
Yes
0 46
0 47
0 48
0 49
1 46
1 47
1 48
1 49
2 44
2 45
2 46
2 47
2 48
2 49
3 44
3 45
3 46
3 47
3 48
3 49
4 44
4 45
4 46
4 47
4 48
0
Yes
14 17
14 18
14 19
14 20
14 21
15 16
15 17
15 19
15 20
15 21
16 19
16 20
16 21
17 19
17 20
17 21
18 18
18 19
18 20
18 21
19 19
19 20
19 21
20 20
20 21
20 22
21 21
21 22
22 20
22 21
22 22
23 19
23 20
23 21
23 22
24 18
24 19
24 20
24 21
24 22
25 18
25 19
25 20
0
No
0
Yes
0 30
0 31
0 32
0 33
1 30
1 31
1 32
1 33
2 29
2 30
2 31
3 29
3 30
0
Yes
0 39
0 40
0 41
0 42
1 39
1 40
1 41
1 42
2 39
2 40
2 41
2 42
2 43
3 40
3 41
3 42
3 43
4 42
4 43
5 42
5 43
5 44
5 45
5 46
5 47
5 48
5 49
6 42
6 43
6 44
6 45
6 46
6 47
6 48
7 42
7 43
7 46
7 47
7 48
0
No
0
Yes
0 0
0 1
0 2
0 3
0 4
0 5
1 0
1 3
1 4
2 0
2 3
0
Yes
4 29
4 30
4 31
5 29
5 30
5 31
5 32
5 33
5 34
5 35
6 29
6 30
6 31
6 32
6 33
6 34
7 29
7 30
7 31
7 32
7 33
7 34
8 30
8 31
8 32
8 33
9 31
10 31
11 31
12 31
13 29
13 30
13 31
13 32
14 27
14 28
14 29
14 30
14 31
14 32
15 27
15 28
15 29
15 30
15 31
15 32
16 27
16 28
16 29
16 30
16 31
0
Yes
0 6
0 7
0 8
1 7
2 7
2 8
3 8
3 9
3 10
4 6
4 7
4 8
4 9
4 10
5 8
5 9
5 10
5 11
6 5
6 6
6 7
6 8
6 9
6 10
6 11
7 7
7 8
7 9
7 10
8 5
8 6
8 7
8 8
8 9
8 10
0
Yes
12 22
13 22
14 22
14 23
14 24
14 25
14 26
15 22
15 23
15 24
15 25
15 26
16 22
16 23
16 24
16 25
16 26
17 22
17 23
17 24
17 25
17 26
17 27
17 28
17 29
17 30
17 31
18 22
18 23
18 24
18 25
18 26
18 27
18 28
18 29
18 30
18 31
19 23
19 24
19 25
19 26
19 27
19 28
19 29
19 30
19 31
20 23
20 24
20 25
20 26
20 27
20 28
20 29
20 30
20 31
21 23
21 24
21 25
21 26
21 27
22 23
22 24
22 25
22 26
22 27
23 23
23 24
23 25
23 26
23 27
24 23
24 24
24 25
24 26
24 27
25 22
25 23
25 24
25 25
25 26
25 27
26 22
0
Yes
13 33
13 34
13 35
13 36
13 37
14 33
14 34
14 35
14 36
14 37
15 33
15 34
15 35
15 36
15 37
15 38
16 33
16 34
16 35
16 36
16 37
16 38
17 32
17 33
17 34
17 35
17 36
17 37
17 38
17 39
17 40
18 32
18 33
18 34
18 35
18 36
18 37
18 38
18 39
18 40
19 32
19 33
19 34
19 35
19 36
19 37
19 38
19 39
19 40
19 41
19 42
19 43
20 32
20 33
20 34
20 35
20 36
20 37
20 38
20 39
20 41
20 42
21 30
21 31
21 32
21 33
21 34
21 35
21 36
21 37
21 38
21 39
21 41
21 42
22 32
22 33
22 34
22 35
22 36
22 37
22 38
22 39
23 33
23 34
23 35
23 36
23 37
23 38
23 39
23 40
24 33
24 34
24 35
24 36
24 37
24 38
24 39
24 40
25 35
25 36
25 37
25 38
25 39
25 40
26 35
26 36
26 37
26 38
26 39
26 40
27 33
27 35
27 36
27 37
27 38
27 39
27 40
28 33
28 34
28 35
28 36
28 37
28 38
28 39
28 40
29 32
29 33
29 34
29 35
29 36
29 37
29 38
29 39
29 40
30 32
30 33
30 34
30 35
30 36
30 37
0
Yes
22 28
23 28
23 29
24 28
24 29
25 28
25 29
26 25
26 26
26 27
26 28
26 29
26 30
27 25
27 26
27 27
27 28
27 29
27 30
28 25
28 26
28 27
28 28
28 29
29 27
29 28
0
Yes
24 41
24 42
24 43
24 44
24 48
25 41
25 42
25 43
25 44
25 47
25 48
26 41
26 42
26 43
26 44
26 46
26 47
26 48
27 41
27 42
27 43
27 44
27 46
27 47
28 41
28 42
28 43
28 44
28 45
28 46
28 47
29 41
29 42
29 43
29 44
29 45
29 46
29 47
30 39
30 40
30 41
30 42
30 43
30 44
30 45
30 46
30 47
31 34
31 35
31 36
31 37
31 38
31 39
31 40
31 41
31 42
31 43
31 44
31 45
31 46
32 34
32 35
32 36
32 37
32 38
32 39
32 40
32 41
32 42
33 34
33 35
33 36
33 37
33 38
33 39
33 40
33 41
33 42
34 34
34 35
34 36
34 37
34 38
34 39
34 40
34 41
34 42
35 34
35 35
35 36
35 37
35 38
35 39
35 40
35 41
35 42
36 34
36 35
36 36
36 37
36 38
36 39
36 40
36 41
36 42
37 34
37 35
37 36
37 37
37 38
37 39
37 40
37 41
37 42
38 36
38 37
38 38
38 39
38 40
38 41
38 42
0
Yes
0 46
0 47
0 48
1 46
1 47
1 48
2 46
2 47
0
Yes
25 16
25 17
26 15
26 16
26 17
26 18
26 19
26 20
26 21
27 16
27 17
27 18
27 19
27 20
27 21
27 22
27 23
27 24
28 18
28 19
28 20
28 21
28 22
28 23
28 24
29 19
29 20
29 21
29 22
29 23
0
Yes
29 25
29 30
29 31
30 21
30 22
30 23
30 24
30 25
30 26
30 27
30 28
30 29
30 30
30 31
31 21
31 22
31 23
31 24
31 25
31 26
31 27
31 28
31 29
31 30
31 31
32 21
32 22
32 23
32 24
32 25
32 26
32 27
32 28
32 29
32 30
32 31
33 21
33 22
33 23
33 24
33 25
33 26
33 27
33 28
33 29
33 30
33 31
34 21
34 22
34 23
34 24
34 25
34 26
34 27
34 28
34 29
34 30
34 31
35 21
35 22
35 23
35 24
35 25
35 26
35 27
35 28
35 29
35 30
35 31
0
Yes
31 0
31 1
31 2
31 3
31 12
32 0
32 1
32 2
32 3
32 4
32 5
32 6
32 7
32 8
32 9
32 10
32 11
32 12
32 13
33 0
33 1
33 2
33 3
33 4
33 5
33 6
33 7
33 8
33 9
33 10
33 11
33 12
34 0
34 1
34 2
34 3
34 4
34 5
34 6
34 7
34 8
34 9
34 10
35 0
35 1
35 2
35 3
35 4
35 5
35 6
35 7
35 8
35 9
35 10
35 11
35 12
36 0
36 1
36 2
36 3
36 4
36 5
36 6
36 7
36 8
36 9
36 10
36 11
36 12
37 0
37 1
37 2
37 3
37 4
37 5
37 6
37 7
37 8
37 9
37 10
37 11
37 12
38 0
38 1
38 2
38 3
38 4
38 5
38 6
38 7
38 8
38 9
38 10
38 11
38 12
39 0
39 1
39 2
39 3
39 4
39 5
39 6
39 7
39 8
39 9
39 10
39 11
39 12
40 0
40 1
40 2
40 3
40 4
40 5
40 7
40 8
40 9
40 10
40 11
40 12
41 0
41 1
41 2
41 3
41 4
42 0
42 1
42 2
42 4
43 0
43 1
43 2
44 0
44 1
44 2
44 3
45 0
45 1
45 2
45 3
46 0
46 1
46 2
46 3
47 0
47 1
47 2
0
Yes
0 49
1 49
2 49
3 45
3 46
3 47
3 48
3 49
4 46
4 47
4 48
4 49
0
No
0
Yes
31 32
31 33
32 32
32 33
33 32
33 33
34 32
34 33
35 32
35 33
36 27
36 28
36 29
36 30
36 31
36 32
36 33
37 28
37 29
37 30
37 31
37 32
37 33
38 28
38 29
38 30
38 31
38 32
38 33
38 34
39 29
39 30
39 31
39 32
39 33
39 34
40 29
40 30
40 31
40 32
40 33
40 34
41 30
41 31
41 32
41 33
0
Yes
25 49
26 49
27 49
28 48
28 49
29 48
29 49
30 48
30 49
31 48
31 49
32 44
32 45
32 46
32 47
32 48
32 49
33 43
33 44
33 45
33 46
33 47
33 48
33 49
34 43
34 44
34 45
34 46
34 47
34 48
34 49
35 43
35 44
35 45
35 46
35 47
35 48
35 49
36 44
36 45
36 46
36 47
36 48
36 49
37 44
37 45
37 46
37 47
37 48
37 49
38 44
38 45
38 46
38 47
38 48
38 49
0
Yes
7 13
8 11
8 12
8 13
8 14
9 12
9 13
9 14
0
Yes
0 30
0 31
0 32
0 33
1 30
1 31
1 32
1 33
2 30
2 31
0
Yes
37 43
38 43
39 35
39 36
39 37
39 38
39 39
39 40
39 41
39 42
39 43
39 44
39 45
39 46
39 47
39 48
39 49
40 35
40 36
40 37
40 38
40 39
40 40
40 41
40 42
40 43
40 44
40 45
40 46
40 47
40 48
40 49
41 35
41 36
41 37
41 38
41 39
41 40
41 41
41 42
41 43
41 44
41 45
41 46
41 47
41 48
41 49
42 36
42 37
42 38
42 39
42 40
42 41
42 42
42 43
42 44
42 45
42 46
42 47
42 48
42 49
43 37
43 40
43 41
43 42
43 43
43 44
43 45
43 46
43 47
43 48
43 49
44 39
44 40
44 41
44 42
44 43
44 44
44 45
44 46
44 47
44 48
44 49
45 40
45 41
45 42
45 43
45 44
45 45
45 46
45 47
45 48
45 49
46 42
46 43
46 44
46 45
46 46
46 47
46 48
46 49
47 41
47 42
47 43
47 44
47 45
47 46
47 47
47 48
47 49
48 42
48 43
48 44
48 45
48 46
48 47
48 48
48 49
0
Yes
24 41
24 42
24 43
24 44
24 48
25 41
25 42
25 43
25 44
25 47
25 48
25 49
26 41
26 42
26 43
26 44
26 46
26 47
26 48
26 49
27 41
27 42
27 43
27 44
27 46
27 47
27 48
27 49
28 41
28 42
28 43
28 44
28 45
28 46
28 47
28 48
28 49
29 41
29 42
29 43
29 44
29 45
29 46
29 47
29 48
29 49
30 39
30 40
30 41
30 42
30 43
30 44
30 45
30 46
30 47
30 48
30 49
31 36
31 37
31 38
31 39
31 40
31 41
31 42
31 43
31 44
31 45
31 46
31 47
31 48
31 49
32 36
32 37
32 38
32 39
32 40
32 41
32 42
32 43
32 44
32 45
32 46
32 47
32 48
32 49
33 36
33 37
33 38
33 39
33 40
33 41
33 42
33 43
33 44
33 45
33 46
33 47
33 48
33 49
34 36
34 37
34 38
34 39
34 40
34 41
34 42
34 43
34 44
34 45
34 46
34 47
34 48
34 49
35 36
35 37
35 38
35 39
35 40
35 41
35 42
35 43
35 44
35 45
35 46
35 47
35 48
35 49
36 36
36 37
36 38
36 39
36 40
36 41
36 42
36 43
36 44
36 45
36 46
36 47
36 48
36 49
0
Yes
9 7
9 8
9 9
9 10
10 0
10 1
10 3
10 5
10 6
10 7
10 8
10 9
10 10
10 11
11 0
11 1
11 2
11 3
11 5
11 6
11 7
11 8
11 9
11 10
12 0
12 1
12 2
12 3
12 5
12 6
12 7
12 8
12 9
13 0
13 1
13 2
13 3
13 4
13 5
13 6
13 7
13 8
13 9
13 10
14 0
14 1
14 2
14 3
14 4
14 5
14 6
14 7
14 9
15 0
15 1
15 2
15 3
15 4
15 5
15 6
16 1
16 2
16 3
16 4
16 5
16 6
0
No
0
Yes
0 43
0 44
0 45
0 46
0 47
1 44
1 45
1 46
1 47
2 44
2 45
2 46
0
Yes
29 25
30 21
30 22
30 23
30 24
30 25
30 26
30 27
30 28
30 29
30 30
31 21
31 22
31 23
31 24
31 25
31 26
31 27
31 28
31 29
31 30
32 21
32 22
32 23
32 24
32 25
32 26
32 27
32 28
32 29
33 21
33 22
33 23
33 24
33 25
33 26
33 27
33 28
33 29
34 21
34 22
34 23
34 24
34 25
34 26
34 27
34 28
34 29
0
Yes
7 13
8 11
8 12
8 13
8 14
8 16
8 17
8 18
9 12
9 13
9 14
9 15
9 16
9 17
9 18
10 15
10 16
10 17
10 18
10 19
11 16
11 17
11 18
11 19
12 17
0
Yes
35 13
35 14
35 15
36 13
36 14
36 15
37 13
37 14
37 15
38 13
38 14
38 15
38 16
39 13
39 14
39 15
39 16
39 17
40 13
40 15
40 16
40 17
41 8
41 9
41 10
41 11
41 12
41 13
41 15
41 17
42 8
42 9
42 10
42 11
42 12
43 8
43 9
43 10
43 11
43 12
43 13
44 7
44 8
44 9
44 10
44 11
44 12
44 13
45 7
45 8
45 9
45 10
45 12
46 8
46 9
46 10
46 12
0
Yes
0 43
0 44
0 45
0 46
0 47
0 48
1 44
1 45
1 46
1 47
1 48
2 44
2 45
2 46
2 47
3 44
0
Yes
31 0
31 1
31 2
31 3
31 12
32 0
32 1
32 2
32 3
32 4
32 5
32 6
32 7
32 8
32 9
32 10
32 11
32 12
32 13
33 0
33 1
33 2
33 3
33 4
33 5
33 6
33 7
33 8
33 9
33 10
33 11
33 12
34 0
34 1
34 2
34 3
34 4
34 5
34 6
34 7
34 8
34 9
34 10
35 0
35 1
35 2
35 3
35 4
35 5
35 6
35 7
35 8
35 9
35 10
35 11
35 12
36 0
36 1
36 2
36 3
36 4
36 5
36 6
36 7
36 8
36 9
36 10
36 11
36 12
37 0
37 1
37 2
37 3
37 4
37 5
37 6
37 7
37 8
37 9
37 10
37 11
37 12
38 0
38 1
38 2
38 3
38 4
38 5
38 6
38 7
38 8
38 9
38 10
38 11
38 12
39 0
39 1
39 2
39 3
39 4
39 5
39 6
39 7
39 8
39 9
39 10
39 11
39 12
40 0
40 1
40 2
40 3
40 4
40 5
40 7
40 8
40 9
40 10
40 11
41 0
41 1
41 2
41 3
41 4
42 0
42 1
42 2
42 4
43 0
43 1
43 2
44 0
44 1
44 2
44 3
45 0
45 1
45 2
45 3
46 0
46 1
46 2
46 3
47 0
47 1
47 2
47 3
48 0
0
Yes
7 13
8 11
8 12
8 13
8 14
8 16
8 17
8 18
9 12
9 13
9 14
9 15
9 16
9 17
9 18
10 15
10 16
10 17
10 18
10 19
10 20
10 21
11 16
11 17
11 18
11 19
11 20
11 21
12 17
12 18
12 19
12 20
12 21
13 17
13 18
13 19
13 20
13 21
0
Yes
41 28
42 26
42 27
42 28
42 29
42 30
42 31
42 32
42 33
43 28
43 29
43 30
43 31
43 32
43 33
44 27
44 28
44 29
44 30
44 31
45 26
45 27
45 28
45 29
45 30
45 31
45 32
46 25
46 26
46 27
46 28
46 29
46 30
46 31
47 25
47 26
47 27
47 28
47 29
47 30
47 31
48 25
48 26
48 27
48 28
48 29
48 30
48 31
49 27
49 28
0
No
0
Yes
25 16
25 17
26 15
26 16
26 17
26 18
26 19
26 20
26 21
27 16
27 17
27 18
27 19
27 20
27 21
28 18
28 19
28 20
28 21
29 19
0
No
0
Yes
0 0
0 1
0 2
0 3
1 0
2 0
0
Yes
13 33
13 34
13 35
13 36
13 37
14 33
14 34
14 35
14 36
14 37
15 33
15 34
15 35
15 36
15 37
15 38
16 33
16 34
16 35
16 36
16 37
16 38
17 32
17 33
17 34
17 35
17 36
17 37
17 38
17 39
17 40
18 32
18 33
18 34
18 35
18 36
18 37
18 38
18 39
18 40
19 32
19 33
19 34
19 35
19 36
19 37
19 38
19 39
19 40
19 41
19 42
19 43
20 32
20 33
20 34
20 35
20 36
20 37
20 38
20 39
20 41
20 42
21 30
21 31
21 32
21 33
21 34
21 35
21 36
21 37
21 38
21 39
21 41
21 42
22 32
22 33
22 34
22 35
22 36
22 37
22 38
22 39
23 33
23 34
23 35
23 36
23 37
23 38
23 39
23 40
24 33
24 34
24 35
24 36
24 37
24 38
24 39
24 40
25 35
25 36
25 37
25 38
25 39
25 40
26 35
26 36
26 37
26 38
26 39
26 40
27 33
27 35
27 36
27 37
27 38
27 39
27 40
28 33
28 34
28 35
28 36
28 37
28 38
28 39
28 40
29 32
29 33
29 34
29 35
29 36
29 37
29 38
29 39
30 33
0
Yes
3 38
4 38
4 39
4 40
5 36
5 37
5 38
5 39
5 40
5 41
6 36
6 37
6 38
6 39
6 40
6 41
7 35
7 36
7 37
7 38
7 39
7 40
7 41
8 35
8 36
8 37
8 38
8 39
8 40
9 35
9 36
9 37
9 38
10 35
10 36
10 37
10 38
10 39
0
Yes
31 0
31 1
31 2
31 3
32 0
32 1
32 2
32 3
32 4
32 5
32 6
32 7
33 0
33 1
33 2
33 3
33 4
33 5
33 6
33 7
34 0
34 1
34 2
34 3
34 4
34 5
34 6
34 7
35 0
35 1
35 2
35 3
35 4
35 5
35 6
35 7
36 0
36 1
36 2
36 3
36 4
36 5
36 6
36 7
37 0
37 1
37 2
37 3
37 4
37 5
37 6
38 0
38 1
38 2
38 3
38 4
38 5
38 6
0
No
0
Yes
31 12
32 8
32 9
32 10
32 11
32 12
32 13
33 8
33 9
33 10
33 11
33 12
34 8
34 9
34 10
35 8
35 9
35 10
35 11
35 12
36 8
36 9
36 10
36 11
36 12
37 8
37 9
37 10
37 11
37 12
38 7
38 8
38 9
38 10
38 11
38 12
39 0
39 1
39 2
39 3
39 4
39 5
39 6
39 7
39 8
39 9
39 10
39 11
39 12
40 0
40 1
40 2
40 3
40 4
40 5
40 7
40 8
40 9
40 10
40 11
41 0
41 1
41 2
41 3
41 4
42 0
42 1
42 2
42 4
43 0
43 1
43 2
44 0
44 1
44 2
44 3
45 0
45 1
45 2
45 3
45 4
45 5
45 6
46 0
46 1
46 2
46 3
46 4
46 5
46 6
47 0
47 1
47 2
47 3
47 4
47 5
47 6
47 7
47 8
48 0
48 1
48 2
48 3
48 4
48 5
48 6
48 7
48 8
48 9
0
Yes
0 39
0 40
0 41
0 42
1 39
1 40
1 41
1 42
2 39
2 40
2 41
2 42
2 43
3 38
3 39
3 40
3 41
3 42
3 43
4 38
4 39
4 40
4 41
4 42
4 43
5 37
5 38
5 39
5 40
5 41
5 42
5 43
6 37
6 38
6 39
6 40
6 41
6 42
6 43
7 37
7 38
7 39
7 40
7 41
7 42
7 43
0
Yes
0 19
0 20
0 21
1 19
1 20
1 21
0
Yes
9 7
9 8
9 9
9 10
10 0
10 1
10 3
10 5
10 6
10 7
10 8
10 9
10 10
10 11
11 0
11 1
11 2
11 3
11 5
11 6
11 7
11 8
11 9
11 10
12 0
12 1
12 2
12 3
12 5
12 6
12 7
12 8
12 9
13 0
13 1
13 2
13 3
13 4
13 5
13 6
13 7
13 8
13 9
13 10
14 0
14 1
14 2
14 3
14 4
14 5
14 6
14 7
14 9
15 0
15 1
15 2
15 3
15 4
15 5
15 6
16 0
16 1
16 2
16 3
16 4
16 5
16 6
17 0
17 1
17 2
17 3
17 4
17 5
18 0
18 1
18 2
18 3
18 4
19 0
19 1
19 2
19 3
19 4
19 10
20 0
20 1
20 2
20 3
20 4
20 5
20 8
20 9
20 10
21 0
21 1
21 2
21 3
21 4
21 5
21 8
21 9
21 10
22 0
22 1
22 2
22 3
22 4
22 5
22 7
22 8
22 9
22 10
23 0
23 1
23 2
23 3
23 4
23 5
23 6
23 7
23 8
23 9
23 10
0
Yes
0 43
0 44
0 45
0 46
0 47
1 44
1 45
1 46
2 44
2 45
2 46
0
Yes
5 36
6 36
7 35
7 36
8 35
8 36
8 37
8 38
8 39
8 40
9 33
9 34
9 35
9 36
9 37
9 38
10 32
10 33
10 34
10 35
10 36
10 37
10 38
10 39
10 40
11 32
11 33
11 34
11 35
11 36
11 37
11 38
12 33
12 34
12 35
12 36
12 37
12 38
12 39
0
No
0
Yes
3 44
4 44
5 44
5 45
6 44
6 45
0
No
0
Yes
0 25
0 26
0 27
0 28
0 29
1 18
1 25
1 26
1 27
1 28
1 29
2 18
2 19
2 20
2 21
2 22
2 23
2 24
2 25
2 26
2 27
2 28
2 29
3 18
3 19
3 20
3 21
3 22
3 23
3 24
3 25
3 26
3 27
3 28
3 29
3 30
3 31
4 20
4 21
4 22
4 23
4 24
4 25
4 26
4 27
4 28
5 20
5 21
5 22
5 23
5 24
5 25
5 26
5 27
5 28
6 21
6 22
6 23
6 24
6 25
6 26
6 27
6 28
7 26
7 27
7 28
8 26
8 27
8 28
9 26
9 27
9 28
10 24
10 25
10 26
10 27
10 28
0
Yes
9 29
10 22
10 23
10 29
10 30
11 22
11 23
11 24
11 25
11 26
11 27
11 28
11 29
11 30
12 22
12 23
12 24
12 25
12 26
12 27
12 28
12 29
13 22
13 23
13 24
13 25
13 26
13 27
14 22
14 23
14 24
14 25
14 26
15 22
15 23
15 24
15 25
15 26
16 22
16 23
16 24
16 25
16 26
17 22
17 23
17 24
17 25
17 26
17 27
17 28
17 29
17 30
17 31
18 22
18 23
18 24
18 25
18 26
18 27
18 28
18 29
18 30
18 31
19 23
19 24
19 25
19 26
19 27
19 28
19 29
19 30
19 31
20 23
20 24
20 25
20 26
20 27
20 28
20 29
20 30
21 23
21 24
21 25
21 26
21 27
22 23
22 24
22 25
22 26
22 27
22 28
23 23
23 24
23 25
23 26
23 27
23 28
23 29
24 27
24 28
24 29
0
Yes
24 0
24 1
24 2
24 3
24 4
24 5
24 6
24 7
24 8
24 9
24 10
24 11
25 0
25 1
25 2
25 3
25 4
25 5
25 6
25 7
25 8
25 9
25 10
25 11
26 0
26 1
26 2
26 3
26 4
26 5
26 6
26 7
26 8
26 9
26 10
26 11
27 0
27 1
27 2
27 3
27 4
27 5
27 6
27 7
27 8
27 9
27 10
27 11
28 0
28 1
28 2
28 3
28 4
28 5
28 6
28 7
28 8
28 9
28 10
28 11
29 0
29 1
29 2
29 3
29 4
29 5
29 6
29 7
29 8
29 9
29 10
29 11
30 0
30 1
30 2
30 3
30 4
30 5
30 6
30 7
30 8
30 9
30 10
30 11
31 5
31 6
31 7
0
No
0
Yes
24 23
24 24
24 25
25 16
25 17
25 22
25 23
25 24
25 25
25 26
25 27
25 28
25 29
26 16
26 17
26 18
26 19
26 20
26 21
26 22
26 23
26 24
26 25
26 26
26 27
26 28
26 29
26 30
27 16
27 17
27 18
27 19
27 20
27 21
27 22
27 23
27 24
27 25
27 26
27 27
27 28
27 29
27 30
28 18
28 19
28 20
28 21
28 22
28 23
28 24
28 25
28 26
28 27
28 28
28 29
29 19
29 20
29 21
29 22
29 23
29 24
29 25
29 26
29 27
29 28
29 29
30 21
30 22
30 23
30 24
30 25
30 26
30 27
30 28
30 29
31 21
31 22
31 23
31 24
31 25
31 26
31 27
31 28
31 29
32 21
32 22
32 23
32 24
32 25
32 26
32 27
32 28
32 29
33 21
33 22
33 23
33 24
33 25
33 26
33 27
33 28
0
Yes
4 30
4 31
5 29
5 30
5 31
5 32
6 29
6 30
6 31
6 32
0
Yes
29 30
29 31
30 30
30 31
30 35
30 36
30 37
31 30
31 31
31 32
31 33
31 34
31 35
32 30
32 31
32 32
32 33
32 34
32 35
33 30
33 31
33 32
33 33
33 34
33 35
34 26
34 27
34 28
34 29
34 30
34 31
34 32
34 33
34 34
34 35
35 26
35 27
35 28
35 29
35 30
35 31
35 32
35 33
35 34
35 35
36 27
36 28
36 29
36 30
36 31
36 32
36 33
36 34
36 35
37 28
37 29
37 30
37 31
37 32
37 33
37 34
37 35
0
Yes
4 30
4 31
5 29
5 30
5 31
6 30
0
Yes
0 39
0 40
0 41
0 42
1 39
1 40
1 41
1 42
2 39
2 40
2 41
2 42
3 38
3 39
3 40
3 41
3 42
4 39
0
Yes
5 32
5 33
5 34
5 35
6 32
6 33
6 34
7 29
7 30
7 31
7 32
7 33
7 34
8 29
8 30
8 31
8 32
8 33
9 29
9 30
9 31
10 22
10 23
10 29
10 30
10 31
11 22
11 23
11 24
11 25
11 26
11 27
11 28
11 29
11 30
11 31
12 22
12 23
12 24
12 25
12 26
12 27
12 28
12 29
12 30
12 31
13 22
13 23
13 24
13 25
13 26
13 27
13 28
13 29
13 30
13 31
13 32
14 22
14 23
14 24
14 25
14 26
14 27
14 28
14 29
14 30
14 31
14 32
15 22
15 23
15 24
15 25
15 26
15 27
15 28
15 29
15 30
15 31
15 32
16 22
16 23
16 24
16 25
16 26
16 27
16 28
16 29
16 30
16 31
17 22
17 23
17 24
17 25
17 26
17 27
17 28
17 29
17 30
17 31
18 22
18 23
18 24
18 25
18 26
18 27
18 28
18 29
18 30
18 31
19 23
19 24
19 25
19 26
19 27
19 28
19 29
19 30
19 31
20 25
20 26
20 27
20 28
20 29
20 30
0
No
0
Yes
9 7
9 8
9 9
9 10
10 0
10 1
10 3
10 5
10 6
10 7
10 8
10 9
10 10
10 11
11 0
11 1
11 2
11 3
11 5
11 6
11 7
11 8
11 9
11 10
12 0
12 1
12 2
12 3
12 5
12 6
12 7
12 8
12 9
13 0
13 1
13 2
13 3
13 4
13 5
13 6
13 7
13 8
13 9
13 10
14 0
14 1
14 2
14 3
14 4
14 5
14 6
14 7
14 9
15 0
15 1
15 2
15 3
15 4
15 5
15 6
16 0
16 1
16 2
16 3
16 4
16 5
16 6
17 0
17 1
17 2
17 3
17 4
17 5
18 0
18 1
18 2
18 3
18 4
19 0
19 1
19 2
19 3
19 4
20 0
20 1
20 2
20 3
20 4
20 5
21 0
21 1
21 2
21 3
21 4
21 5
22 0
22 1
22 2
22 3
22 4
22 5
22 7
22 8
23 0
23 1
23 2
23 3
23 4
23 5
23 6
23 7
23 8
0
Yes
0 19
0 20
0 21
0 25
0 26
0 27
1 18
1 19
1 20
1 21
1 25
1 26
1 27
2 18
2 19
2 20
2 21
2 22
2 23
2 24
2 25
2 26
2 27
3 18
3 19
3 20
3 21
3 22
3 23
3 24
3 25
3 26
3 27
4 20
4 21
4 22
4 23
4 24
4 25
4 26
4 27
5 20
5 21
5 22
5 23
5 24
5 25
5 26
5 27
6 21
6 22
6 23
6 24
6 25
0
No
0
Yes
31 9
31 10
31 11
31 12
32 8
32 9
32 10
32 11
32 12
32 13
33 8
33 9
33 10
33 11
33 12
34 8
34 9
34 10
35 8
35 9
35 10
35 11
35 12
36 8
36 9
36 10
36 11
36 12
37 8
37 9
37 10
37 11
37 12
38 7
38 8
38 9
38 10
38 11
38 12
39 0
39 1
39 2
39 3
39 4
39 5
39 6
39 7
39 8
39 9
39 10
39 11
39 12
40 0
40 1
40 2
40 3
40 4
40 5
40 7
40 8
40 9
40 10
40 11
41 0
41 1
41 2
41 3
41 4
42 0
42 1
42 2
42 4
43 2
0
No
0
No
0
Yes
0 39
0 40
0 41
0 42
1 39
1 40
1 41
1 42
2 39
2 40
2 41
2 42
2 43
3 38
3 39
3 40
3 41
3 42
3 43
3 44
4 38
4 39
4 40
4 41
4 42
4 43
4 44
5 37
5 38
5 39
5 40
5 41
5 42
5 43
5 44
5 45
5 46
5 47
5 48
5 49
6 37
6 38
6 39
6 40
6 41
6 42
6 43
6 44
6 45
6 46
6 47
6 48
6 49
7 38
7 39
7 40
7 41
7 42
7 43
7 46
7 47
7 48
7 49
8 46
0
Yes
37 36
37 37
37 38
37 39
37 40
37 41
37 42
37 43
37 44
37 45
37 46
37 47
38 28
38 29
38 30
38 31
38 32
38 33
38 34
38 35
38 36
38 37
38 38
38 39
38 40
38 41
38 42
38 43
38 44
38 45
38 46
38 47
39 29
39 30
39 31
39 32
39 33
39 34
39 35
39 36
39 37
39 38
39 39
39 40
39 41
39 42
39 43
39 44
39 45
39 46
39 47
40 29
40 30
40 31
40 32
40 33
40 34
40 35
40 36
40 37
40 38
40 39
40 40
40 41
40 42
40 43
40 44
40 45
40 46
40 47
41 30
41 31
41 32
41 33
41 34
41 35
41 36
41 37
41 38
41 39
41 40
41 41
41 42
41 43
41 44
41 45
41 46
41 47
42 36
42 37
42 38
42 39
42 40
42 41
42 42
42 43
42 44
42 45
42 46
42 47
43 37
43 40
43 41
43 42
43 43
43 44
43 45
43 46
43 47
44 40
0
Yes
0 28
0 29
1 28
1 29
2 28
2 29
3 28
3 29
3 30
3 31
4 28
5 28
6 27
6 28
7 26
7 27
7 28
8 26
8 27
8 28
9 26
9 27
9 28
10 27
0
Yes
11 45
11 48
11 49
12 41
12 45
12 49
13 39
13 40
13 41
13 43
13 44
13 45
13 49
14 39
14 40
14 41
14 42
14 43
14 44
14 45
14 46
14 48
14 49
15 39
15 40
15 41
15 42
15 43
15 44
15 45
15 46
15 47
15 48
15 49
16 45
16 46
16 47
16 48
16 49
17 46
17 47
17 48
17 49
18 46
18 47
18 48
0
Yes
20 23
21 23
21 24
21 25
21 26
21 27
22 23
22 24
22 25
22 26
22 27
22 28
23 23
23 24
23 25
23 26
23 27
23 28
24 23
24 24
24 25
24 26
24 27
24 28
25 22
25 23
25 24
25 25
25 26
25 27
25 28
26 21
26 22
26 23
26 24
26 25
26 26
26 27
26 28
27 21
27 22
27 23
27 24
27 25
27 26
27 27
27 28
28 21
28 22
28 23
28 24
28 25
28 26
28 27
28 28
0
Yes
0 30
0 31
0 32
1 30
1 31
1 32
0
No
0
Yes
0 19
0 20
0 21
1 18
1 19
1 20
1 21
2 18
2 19
2 20
0
Yes
0 22
0 23
0 24
0 25
1 22
1 23
1 24
1 25
2 22
2 23
2 24
2 25
0
Yes
0 26
0 27
0 28
0 29
1 26
1 27
1 28
1 29
2 26
2 27
2 28
2 29
2 30
2 31
3 21
3 22
3 23
3 24
3 25
3 26
3 27
3 28
3 29
3 30
3 31
4 21
4 22
4 23
4 24
4 25
4 26
4 27
4 28
4 29
4 30
4 31
5 21
5 22
5 23
5 24
5 25
5 26
5 27
5 28
5 29
5 30
5 31
6 22
6 23
6 24
6 25
6 26
6 27
6 28
6 29
6 30
7 22
7 23
7 24
7 25
7 26
7 27
7 28
0
Yes
3 18
3 19
3 20
4 19
4 20
5 18
5 19
5 20
6 19
6 20
7 13
7 19
7 20
7 21
8 11
8 12
8 13
8 14
8 16
8 17
8 18
8 19
8 20
8 21
8 22
8 23
8 24
8 25
8 26
8 27
8 28
9 9
9 10
9 11
9 12
9 13
9 14
9 15
9 16
9 17
9 18
9 19
9 20
9 21
9 22
9 23
9 24
9 25
9 26
9 27
9 28
10 9
10 10
10 11
10 15
10 16
10 17
10 18
10 19
10 20
10 21
10 22
10 23
10 24
10 25
10 26
10 27
10 28
11 16
11 17
11 18
11 19
11 20
11 21
11 22
11 23
11 24
11 25
11 26
11 27
11 28
12 17
12 18
12 19
12 20
12 21
12 22
12 23
12 24
12 25
12 26
12 27
12 28
13 17
13 18
13 19
13 20
13 21
13 22
13 23
13 24
13 25
13 26
13 27
13 28
14 17
14 18
14 19
14 20
14 21
14 22
14 23
14 24
14 25
14 26
14 27
14 28
15 16
15 17
15 19
15 20
15 21
15 22
15 23
15 24
15 25
15 26
15 27
15 28
16 19
16 20
16 21
16 22
16 23
16 24
16 25
16 26
16 27
16 28
17 19
17 20
17 21
17 22
17 23
17 24
17 25
0
Yes
5 32
5 33
5 34
5 35
6 32
6 33
6 34
7 30
7 31
7 32
7 33
7 34
8 29
8 30
8 31
8 32
8 33
9 29
9 30
9 31
10 29
10 30
10 31
11 29
11 30
11 31
12 29
12 30
12 31
13 29
13 30
13 31
13 32
14 29
14 30
14 31
14 32
15 29
15 30
15 31
15 32
16 29
16 30
16 31
17 27
17 28
17 29
17 30
17 31
18 21
18 22
18 23
18 24
18 25
18 26
18 27
18 28
18 29
18 30
18 31
19 21
19 22
19 23
19 24
19 25
19 26
19 27
19 28
19 29
19 30
19 31
20 21
20 22
20 23
20 24
20 25
20 26
20 27
20 28
20 29
20 30
21 21
21 22
21 23
21 24
21 25
21 26
21 27
22 21
22 22
22 23
22 24
22 25
22 26
22 27
22 28
23 21
23 22
23 23
23 24
23 25
23 26
23 27
23 28
23 29
24 21
24 22
24 23
24 24
24 25
24 26
24 27
24 28
24 29
25 21
25 22
25 23
25 24
25 25
25 26
25 27
25 28
25 29
26 21
26 22
26 23
26 24
26 25
26 26
26 27
26 28
26 29
26 30
27 24
27 25
27 26
27 27
27 28
27 29
27 30
0
No
0
Yes
9 7
9 8
10 0
10 1
10 3
10 5
10 6
10 7
10 8
11 0
11 1
11 2
11 3
11 5
11 6
11 7
11 8
11 9
11 10
12 0
12 1
12 2
12 3
12 5
12 6
12 7
12 8
12 9
13 0
13 1
13 2
13 3
13 4
13 5
13 6
13 7
13 8
13 9
13 10
14 0
14 1
14 2
14 3
14 4
14 5
14 6
14 7
14 9
15 0
15 1
15 2
15 3
15 4
15 5
15 6
16 0
16 1
16 2
16 3
16 4
16 5
16 6
17 0
17 1
17 2
17 3
17 4
17 5
18 0
18 1
18 2
18 3
18 4
19 0
19 1
19 2
19 3
19 4
19 10
20 0
20 1
20 2
20 3
20 4
20 5
20 8
20 9
20 10
21 0
21 1
21 2
21 3
21 4
21 5
21 8
21 9
21 10
22 0
22 1
22 2
22 3
22 4
22 5
22 7
22 8
22 9
22 10
23 0
23 1
23 2
23 3
23 4
23 5
23 6
23 7
23 8
23 9
23 10
24 0
24 1
24 2
24 3
24 4
24 5
24 6
24 7
24 8
24 9
24 10
25 4
25 5
25 6
25 7
25 8
25 9
0
Yes
22 20
23 19
23 20
24 18
24 19
24 20
25 16
25 17
25 18
25 19
25 20
26 15
26 16
26 17
26 18
26 19
26 20
27 16
27 17
27 18
27 19
27 20
27 21
27 22
28 18
28 19
28 20
28 21
28 22
28 23
28 24
28 25
29 19
29 20
29 21
29 22
29 23
29 24
29 25
30 21
30 22
30 23
30 24
30 25
31 21
31 22
31 23
31 24
31 25
32 19
32 20
32 21
32 22
32 23
32 24
32 25
33 20
0
Yes
11 45
11 48
11 49
12 41
12 45
12 49
13 39
13 40
13 41
13 43
13 44
13 45
13 49
14 39
14 40
14 41
14 42
14 43
14 44
14 45
14 46
14 48
14 49
15 39
15 40
15 41
15 42
15 43
15 44
15 45
15 46
15 47
15 48
15 49
16 45
16 46
16 47
16 48
16 49
17 46
17 47
17 48
17 49
18 46
18 47
0
Yes
0 39
0 40
0 41
0 42
0 43
0 44
0 45
0 46
0 47
0 48
0 49
1 39
1 40
1 41
1 42
1 43
1 44
1 45
1 46
1 47
1 48
1 49
2 39
2 40
2 41
2 42
2 43
2 44
2 45
2 46
2 47
2 48
2 49
3 38
3 39
3 40
3 41
3 42
3 43
3 44
3 45
3 46
3 47
3 48
3 49
4 38
4 39
4 40
4 41
4 42
4 43
4 44
4 45
4 46
4 47
4 48
4 49
5 37
5 38
5 39
5 40
5 41
5 42
5 43
5 44
5 45
5 46
5 47
5 48
5 49
6 37
6 38
6 39
6 40
6 41
6 42
6 43
6 44
6 45
6 46
6 47
6 48
7 38
7 39
7 40
7 41
7 42
7 43
0
Yes
0 0
0 1
0 2
0 3
0 4
1 0
1 3
2 0
0
Yes
0 19
0 20
0 21
1 18
1 19
1 20
1 21
2 19
0
Yes
13 33
13 34
13 35
13 36
13 37
13 38
14 33
14 34
14 35
14 36
14 37
14 38
15 33
15 34
15 35
15 36
15 37
15 38
16 33
16 34
16 35
16 36
16 37
16 38
16 39
16 40
16 41
17 32
17 33
17 34
17 35
17 36
17 37
17 38
17 39
17 40
18 32
18 33
18 34
18 35
18 36
18 37
18 38
18 39
18 40
19 32
19 33
19 34
19 35
19 36
19 37
19 38
19 39
19 40
19 41
19 42
19 43
20 32
20 33
20 34
20 35
20 36
20 37
20 38
20 39
20 41
20 42
21 30
21 31
21 32
21 33
21 34
21 35
21 36
21 37
21 38
21 39
21 41
21 42
22 32
22 33
22 34
22 35
22 36
22 37
22 38
22 39
23 33
23 34
23 35
23 36
23 37
23 38
23 39
23 40
24 33
24 34
24 35
24 36
24 37
24 38
24 39
24 40
25 35
25 36
25 37
25 38
25 39
25 40
26 35
26 36
26 37
26 38
26 39
26 40
27 35
27 36
27 37
27 38
27 39
27 40
28 35
0
Yes
0 39
0 40
0 41
0 42
0 43
0 44
0 45
0 46
0 47
0 48
1 39
1 40
1 41
1 42
1 43
1 44
1 45
1 46
1 47
1 48
2 39
2 40
2 41
2 42
2 43
2 44
2 45
2 46
2 47
2 48
3 38
3 39
3 40
3 41
3 42
3 43
3 44
3 45
3 46
3 47
3 48
4 38
4 39
4 40
4 41
4 42
4 43
4 44
4 45
4 46
4 47
4 48
5 37
5 38
5 39
5 40
5 41
5 42
5 43
5 44
5 45
5 46
5 47
6 37
6 38
6 39
6 40
6 41
6 42
6 43
6 44
6 45
6 46
6 47
7 38
7 39
7 40
7 41
7 42
7 43
0
No
0
No
0
Yes
0 49
1 49
2 49
3 49
4 49
5 49
6 48
6 49
7 47
7 48
7 49
8 47
8 48
8 49
0
Yes
24 11
25 1
25 2
25 11
25 12
26 1
26 2
26 3
26 4
26 5
26 6
26 7
26 8
26 9
26 10
26 11
26 12
26 13
27 1
27 2
27 3
27 4
27 5
27 6
27 7
27 8
27 9
27 10
27 11
28 1
28 2
28 3
28 4
28 5
28 6
28 7
28 8
28 9
28 10
28 11
28 12
29 1
29 2
29 3
29 4
29 5
29 6
29 7
29 8
29 9
29 10
29 11
30 1
30 2
30 3
30 4
30 5
30 6
30 7
30 8
30 9
30 10
30 11
31 1
31 2
31 3
31 4
31 5
31 6
31 7
31 8
31 9
31 10
31 11
31 12
32 1
32 2
32 3
32 4
32 5
32 6
32 7
32 8
32 9
32 10
32 11
32 12
32 13
33 2
33 3
33 4
33 5
33 6
33 7
33 8
33 9
33 10
33 11
33 12
0
Yes
13 33
13 34
13 35
13 36
13 37
14 33
14 34
14 35
14 36
14 37
15 33
15 34
15 35
15 36
15 37
16 33
16 34
16 35
16 36
16 37
17 33
17 34
17 35
17 36
17 37
0
Yes
13 38
14 38
15 38
16 38
16 39
16 40
16 41
17 32
17 38
17 39
17 40
18 32
18 33
18 34
18 35
18 36
18 37
18 38
18 39
18 40
19 32
19 33
19 34
19 35
19 36
19 37
19 38
19 39
19 40
19 41
19 42
19 43
20 32
20 33
20 34
20 35
20 36
20 37
20 38
20 39
20 41
20 42
21 32
21 33
21 34
21 35
21 36
21 37
21 38
21 39
21 41
21 42
22 32
22 33
22 34
22 35
22 36
22 37
22 38
22 39
23 33
23 34
23 35
23 36
23 37
23 38
23 39
23 40
24 33
24 34
24 35
24 36
24 37
24 38
24 39
24 40
25 37
25 38
0
No
0
Yes
24 41
24 42
24 43
24 44
25 35
25 40
25 41
25 42
25 43
25 44
26 35
26 36
26 37
26 38
26 39
26 40
26 41
26 42
26 43
26 44
26 46
26 47
27 35
27 36
27 37
27 38
27 39
27 40
27 41
27 42
27 43
27 44
27 46
27 47
28 35
28 36
28 37
28 38
28 39
28 40
28 41
28 42
28 43
28 44
28 45
28 46
29 35
29 36
29 37
29 38
29 39
29 40
29 41
29 42
29 43
29 44
29 45
29 46
30 38
30 39
30 40
30 41
30 42
30 43
30 44
30 45
30 46
31 38
31 39
31 40
31 41
31 42
31 43
31 44
31 45
31 46
32 38
32 39
32 40
32 41
32 42
32 43
32 44
32 45
32 46
0
Yes
11 45
11 48
11 49
12 41
12 45
12 49
13 39
13 40
13 41
13 43
13 44
13 45
13 49
14 39
14 40
14 41
14 42
14 43
14 44
14 45
14 46
14 48
14 49
15 40
15 41
15 42
15 43
15 44
15 45
15 46
15 47
15 48
15 49
16 45
16 46
16 47
16 48
16 49
17 46
17 47
17 48
17 49
18 46
18 47
18 48
0
Yes
9 7
9 8
10 0
10 1
10 3
10 5
10 6
10 7
10 8
11 0
11 1
11 2
11 3
11 5
11 6
11 7
11 8
11 9
11 10
12 0
12 1
12 2
12 3
12 5
12 6
12 7
12 8
12 9
13 0
13 1
13 2
13 3
13 4
13 5
13 6
13 7
13 8
13 9
13 10
14 0
14 1
14 2
14 3
14 4
14 5
14 6
14 7
14 9
15 0
15 1
15 2
15 3
15 4
15 5
15 6
16 0
16 1
16 2
16 3
16 4
16 5
16 6
17 0
17 1
17 2
17 3
17 4
17 5
18 0
18 1
18 2
18 3
18 4
19 0
19 1
19 2
19 3
19 4
20 0
20 1
20 2
20 3
20 4
20 5
21 0
21 1
21 2
21 3
21 4
21 5
22 0
22 1
22 2
22 3
22 4
22 5
22 7
22 8
23 0
23 1
23 2
23 3
23 4
23 5
23 6
23 7
23 8
0
Yes
19 10
20 8
20 9
20 10
21 8
21 9
21 10
22 9
22 10
22 11
23 9
23 10
24 0
24 1
24 2
24 3
24 4
24 5
24 6
24 7
24 8
24 9
24 10
25 0
25 4
25 5
25 6
25 7
25 8
25 9
26 0
27 0
28 0
29 0
30 0
31 0
32 0
33 0
34 0
34 1
34 2
34 3
34 4
34 5
34 6
34 7
34 8
34 9
34 10
35 0
35 1
35 2
35 3
35 4
35 5
35 6
35 7
35 8
35 9
35 10
35 11
36 9
36 10
0
Yes
0 0
0 1
0 2
0 3
0 4
0 5
0 6
0 7
0 8
1 0
1 3
1 4
1 7
2 0
2 3
2 7
2 8
3 8
3 9
3 10
4 6
4 7
4 8
4 9
4 10
5 8
5 9
5 10
6 5
6 6
6 7
6 8
6 9
6 10
7 7
7 8
7 9
0
Yes
24 48
25 47
25 48
25 49
26 48
26 49
27 48
27 49
28 48
28 49
29 47
29 48
29 49
30 47
30 48
30 49
31 47
31 48
31 49
32 47
32 48
32 49
33 46
33 47
33 48
33 49
34 46
34 47
34 48
34 49
0
Yes
24 48
25 47
25 48
25 49
26 48
26 49
27 48
27 49
28 48
28 49
29 47
29 48
29 49
30 47
30 48
30 49
31 47
31 48
31 49
32 47
32 48
32 49
33 41
33 42
33 43
33 44
33 45
33 46
33 47
33 48
33 49
34 41
34 42
34 43
34 44
34 45
34 46
34 47
34 48
34 49
35 41
35 42
35 43
35 44
35 45
35 46
35 47
35 48
35 49
36 41
36 42
36 43
36 44
36 45
36 46
36 47
36 48
36 49
37 41
37 42
37 43
37 44
37 45
37 46
37 47
37 48
37 49
38 41
38 42
38 43
38 44
38 45
38 46
38 47
38 48
38 49
39 41
39 42
39 43
39 44
39 45
39 46
39 47
39 48
39 49
40 45
40 46
40 47
40 48
40 49
0
No
0
Yes
13 38
14 38
15 38
16 38
16 39
16 40
16 41
17 38
17 39
17 40
18 36
18 37
18 38
18 39
18 40
19 37
19 38
19 39
19 40
0
Yes
5 32
5 33
5 34
5 35
5 36
6 32
6 33
6 34
6 35
6 36
7 30
7 31
7 32
7 33
7 34
7 35
7 36
8 29
8 30
8 31
8 32
8 33
8 34
8 35
8 36
8 37
8 38
8 39
8 40
9 29
9 30
9 31
9 32
9 33
9 34
9 35
9 36
9 37
9 38
10 29
10 30
10 31
10 32
10 33
10 34
10 35
10 36
10 37
10 38
11 29
11 30
11 31
11 32
11 33
11 34
11 35
11 36
11 37
11 38
12 29
12 30
12 31
12 32
12 33
12 34
12 35
12 36
12 37
12 38
13 29
13 30
13 31
13 32
14 29
14 30
14 31
14 32
15 29
15 30
15 31
15 32
16 30
16 31
16 32
0
No
0
Yes
0 22
0 23
0 24
0 25
1 22
1 23
1 24
1 25
2 22
2 23
2 24
0
Yes
8 5
8 6
8 7
8 8
8 9
9 7
9 8
10 5
10 6
10 7
10 8
11 5
11 6
11 7
11 8
12 5
12 6
12 7
12 8
13 4
13 5
13 6
13 7
13 8
14 4
14 5
14 6
0
Yes
10 0
10 1
10 3
11 0
11 1
11 2
11 3
12 0
12 1
12 2
12 3
13 0
13 1
13 2
13 3
14 0
14 1
14 2
14 3
15 0
15 1
15 2
15 3
15 4
15 5
15 6
16 0
16 1
16 2
16 3
16 4
16 5
16 6
17 0
17 1
17 2
17 3
17 4
17 5
18 0
18 1
18 2
18 3
18 4
19 0
19 1
19 2
19 3
19 4
19 10
20 0
20 1
20 2
20 3
20 4
20 5
20 8
20 9
20 10
21 0
21 1
21 2
21 3
21 4
21 5
21 8
21 9
21 10
22 0
22 1
22 2
22 3
22 4
22 5
22 7
22 8
22 9
22 10
22 11
23 0
23 1
23 2
23 3
23 4
23 5
23 6
23 7
23 8
23 9
23 10
24 0
24 1
24 2
24 3
24 4
24 5
24 6
24 7
24 8
24 9
24 10
25 0
25 4
25 5
25 6
25 7
25 8
25 9
26 0
27 0
28 0
29 0
30 0
31 0
32 0
33 0
34 0
34 1
34 2
34 3
34 4
35 0
35 1
35 2
35 3
35 4
36 0
36 1
36 2
36 3
36 4
37 0
37 1
37 2
37 3
0
Yes
13 38
14 38
15 38
16 38
16 39
16 40
16 41
17 38
17 39
17 40
18 35
18 36
18 37
18 38
18 39
18 40
19 35
19 36
19 37
19 38
19 39
19 40
20 35
20 36
20 37
20 38
20 39
21 35
21 36
21 37
21 38
21 39
0
Yes
17 27
17 28
17 29
17 30
17 31
18 25
18 26
18 27
18 28
18 29
18 30
18 31
19 25
19 26
19 27
19 28
19 29
19 30
19 31
20 25
20 26
20 27
20 28
20 29
20 30
20 31
0
Yes
17 32
18 32
18 33
18 34
19 32
19 33
19 34
20 32
20 33
20 34
21 30
21 31
21 32
21 33
21 34
22 32
22 33
22 34
22 35
23 33
23 34
23 35
24 33
24 34
0
Yes
18 18
18 19
18 20
18 21
18 22
18 23
18 24
19 19
19 20
19 21
19 22
19 23
19 24
20 20
20 21
20 22
20 23
20 24
21 21
21 22
21 23
21 24
21 25
22 21
22 22
22 23
22 24
23 21
23 22
23 23
23 24
24 21
24 22
24 23
24 24
0
Yes
21 26
21 27
22 26
22 27
22 28
23 25
23 26
23 27
23 28
23 29
24 25
24 26
24 27
24 28
24 29
25 21
25 22
25 23
25 24
25 25
25 26
25 27
25 28
25 29
26 22
26 23
26 24
26 25
26 26
26 27
26 28
26 29
26 30
27 24
27 25
27 26
27 27
27 28
27 29
27 30
28 26
28 27
28 28
28 29
29 26
29 27
29 28
29 29
30 26
30 27
30 28
30 29
31 26
31 27
31 28
31 29
32 26
32 27
32 28
32 29
33 18
33 22
33 23
33 24
33 25
33 26
33 27
33 28
34 18
34 19
34 20
34 21
34 22
34 23
34 24
34 25
35 17
35 18
35 19
35 20
35 21
35 22
35 23
35 24
35 25
36 17
36 18
36 19
36 20
36 21
36 22
36 23
36 24
37 18
37 19
37 20
37 21
37 22
0
Yes
0 30
0 31
0 32
0 33
1 31
1 32
1 33
0
Yes
24 11
25 11
25 12
26 6
26 7
26 8
26 9
26 10
26 11
26 12
26 13
27 6
27 7
27 8
27 9
27 10
27 11
28 6
28 7
28 8
28 9
28 10
28 11
28 12
29 6
29 7
29 8
29 9
29 10
29 11
30 6
30 7
30 8
30 9
30 10
30 11
31 7
31 8
31 9
31 10
31 11
0
Yes
25 2
26 1
26 2
26 3
26 4
26 5
27 1
27 2
27 3
27 4
27 5
28 1
28 2
28 3
28 4
28 5
29 1
29 2
29 3
29 4
29 5
30 1
30 2
30 3
30 4
30 5
31 1
31 2
31 3
31 4
31 5
32 1
32 2
32 3
32 4
32 5
32 6
32 7
32 8
32 9
33 2
33 3
33 4
33 5
33 6
33 7
33 8
33 9
34 5
34 6
34 7
34 8
35 5
35 6
35 7
35 8
0
Yes
31 12
32 10
32 11
32 12
32 13
33 10
33 11
33 12
34 10
35 10
35 11
35 12
35 13
35 14
36 10
36 11
36 12
36 13
36 14
37 10
37 11
37 12
37 13
0
Yes
31 37
32 36
32 37
33 36
33 37
33 38
33 39
33 40
34 36
34 37
34 38
34 39
34 40
35 36
35 37
35 38
35 39
35 40
36 36
36 37
36 38
36 39
36 40
37 36
37 37
37 38
37 39
37 40
38 33
38 34
38 35
38 36
38 37
38 38
38 39
38 40
39 33
39 34
39 35
39 36
39 37
39 38
39 39
39 40
40 33
40 34
40 35
40 36
40 37
40 38
40 39
40 40
41 33
41 34
41 35
41 36
41 37
41 38
41 39
41 40
42 36
42 37
0
Yes
11 9
11 10
12 9
13 9
0
No
0
Yes
22 36
22 37
22 38
22 39
23 36
23 37
23 38
23 39
23 40
24 36
24 37
24 38
24 39
24 40
25 35
25 36
25 37
25 38
25 39
25 40
26 35
26 36
26 37
26 38
26 39
0
Yes
13 34
13 35
13 36
13 37
14 33
14 34
14 35
14 36
14 37
15 33
15 34
15 35
15 36
15 37
16 33
16 34
16 35
16 36
16 37
0
Yes
24 41
24 42
24 43
24 44
24 48
25 41
25 42
25 43
25 44
25 47
25 48
25 49
26 41
26 42
26 43
26 44
26 46
26 47
26 48
26 49
27 35
27 36
27 37
27 38
27 39
27 40
27 41
27 42
27 43
27 44
27 46
27 47
27 48
27 49
28 35
28 36
28 37
28 38
28 39
28 40
28 41
28 42
28 43
28 44
28 45
28 46
28 47
28 48
28 49
29 35
29 36
29 37
29 38
29 39
29 40
29 41
29 42
29 43
29 44
29 45
29 46
29 47
29 48
29 49
30 38
30 39
30 40
30 41
30 42
30 43
30 44
30 45
30 46
30 47
30 48
30 49
31 38
31 39
31 40
31 41
31 42
31 43
31 44
31 45
31 46
31 47
31 48
31 49
32 39
32 40
32 41
32 42
32 43
32 44
32 45
32 46
32 47
32 48
0
Yes
33 41
33 42
33 43
33 44
33 45
33 46
33 47
33 48
33 49
34 41
34 42
34 43
34 44
34 45
34 46
34 47
34 48
34 49
35 41
35 42
35 43
35 44
35 45
35 46
35 47
35 48
35 49
36 41
36 42
36 43
36 44
36 45
36 46
36 47
36 48
36 49
37 41
37 42
37 43
37 44
37 45
37 46
37 47
37 48
37 49
38 41
38 42
38 43
38 44
38 45
38 46
38 47
38 48
38 49
39 41
39 42
39 43
39 44
39 45
39 46
39 47
39 48
39 49
40 41
40 42
40 43
40 44
40 45
40 46
40 47
40 48
40 49
41 41
41 42
41 43
41 44
41 45
41 46
41 47
41 48
41 49
42 39
42 40
42 41
42 42
42 43
42 44
42 45
42 46
42 47
42 48
42 49
43 40
43 41
43 42
43 43
43 44
43 45
43 46
43 47
43 48
43 49
44 40
44 41
44 42
44 43
44 44
44 45
44 46
44 47
44 48
44 49
45 40
45 41
0
Yes
35 9
35 15
36 5
36 6
36 7
36 8
36 9
36 15
37 5
37 6
37 7
37 8
37 9
37 15
38 1
38 2
38 3
38 4
38 5
38 6
38 7
38 8
38 9
38 10
38 11
38 12
38 13
38 14
38 15
38 16
39 1
39 2
39 3
39 4
39 5
39 6
39 7
39 8
39 9
39 10
39 11
39 12
39 13
39 14
39 15
39 16
40 1
40 2
40 3
40 4
40 5
40 7
40 8
40 9
40 10
40 11
40 12
40 13
40 15
41 8
41 9
41 10
41 11
41 12
41 13
42 8
42 9
42 10
42 11
42 12
43 8
43 9
43 10
43 11
43 12
44 8
44 9
44 10
44 11
44 12
45 8
45 9
45 10
0
Yes
38 28
38 29
38 30
38 31
38 32
39 29
39 30
39 31
39 32
40 29
40 30
40 31
40 32
41 28
41 29
41 30
41 31
41 32
42 26
42 27
42 28
42 29
42 30
42 31
42 32
42 33
43 28
43 29
43 30
43 31
43 32
43 33
44 27
44 28
44 29
44 30
44 31
45 26
45 27
45 28
45 29
45 30
45 31
45 32
46 25
46 26
46 27
46 28
46 29
46 30
46 31
47 25
47 26
47 27
47 28
47 29
47 30
47 31
48 25
48 26
48 27
48 28
48 29
48 30
48 31
49 25
49 26
49 27
49 28
49 29
49 30
0
Yes
0 26
0 27
0 28
1 26
1 27
1 28
2 26
2 27
0
Yes
0 29
1 29
2 29
2 30
2 31
3 26
3 27
3 28
3 29
3 30
3 31
4 26
4 27
4 28
4 29
4 30
4 31
5 27
5 28
5 29
5 30
5 31
0
Yes
17 27
17 28
17 29
17 30
17 31
18 25
18 26
18 27
18 28
18 29
18 30
18 31
19 25
19 26
19 27
19 28
19 29
19 30
19 31
20 26
20 27
20 28
20 29
20 30
21 26
21 27
22 26
22 27
22 28
23 25
23 26
23 27
23 28
23 29
24 25
24 26
24 27
24 28
24 29
25 24
25 25
25 26
25 27
25 28
25 29
26 24
26 25
26 26
26 27
26 28
26 29
27 24
27 25
27 26
27 27
27 28
27 29
28 26
28 27
0
Yes
2 21
3 21
3 22
3 23
3 24
3 25
4 21
4 22
4 23
4 24
4 25
5 21
5 22
5 23
5 24
5 25
6 22
6 23
6 24
6 25
7 23
7 24
7 25
0
Yes
35 9
35 15
36 5
36 6
36 7
36 8
36 9
36 15
37 5
37 6
37 7
37 8
37 9
37 15
38 0
38 1
38 2
38 3
38 4
38 5
38 6
38 7
38 8
38 9
38 10
38 11
38 12
38 13
38 14
38 15
38 16
39 0
39 1
39 2
39 3
39 4
39 5
39 6
39 7
39 8
39 9
39 10
39 11
39 12
39 13
39 14
39 15
39 16
39 17
40 0
40 1
40 2
40 3
40 4
40 5
40 7
40 8
40 9
40 10
40 11
40 12
40 13
40 15
40 16
40 17
41 0
41 1
41 2
41 3
41 4
41 8
41 9
41 10
41 11
41 12
41 13
41 15
41 17
42 0
42 1
42 2
42 4
42 8
42 9
42 10
42 11
42 12
43 0
43 1
43 2
43 8
43 9
43 10
43 11
43 12
43 13
44 7
44 8
44 9
44 10
44 11
44 12
44 13
45 4
45 5
45 6
45 7
45 8
45 9
45 10
45 12
46 4
46 5
46 6
46 7
46 8
46 9
46 10
46 12
47 4
47 5
47 6
47 7
47 8
48 5
48 6
48 7
48 8
48 9
48 10
49 5
49 6
49 7
49 8
49 9
0
Yes
5 32
5 33
5 34
5 35
5 36
6 26
6 27
6 28
6 29
6 30
6 31
6 32
6 33
6 34
6 35
6 36
7 26
7 27
7 28
7 29
7 30
7 31
7 32
7 33
7 34
7 35
7 36
8 29
8 30
8 31
8 32
8 33
8 34
8 35
8 36
9 29
9 30
9 31
9 32
9 33
9 34
9 35
9 36
10 29
10 30
10 31
10 32
10 33
10 34
10 35
10 36
11 29
11 30
11 31
11 32
11 33
11 34
11 35
11 36
12 29
12 30
12 31
12 32
12 33
12 34
12 35
12 36
0
Yes
8 37
8 38
8 39
8 40
9 37
9 38
10 37
10 38
10 39
10 40
11 37
11 38
12 37
12 38
12 39
13 38
14 38
15 38
16 38
16 39
16 40
16 41
17 32
17 33
17 34
17 35
17 36
17 37
17 38
17 39
17 40
18 32
18 33
18 34
18 35
18 36
18 37
18 38
18 39
18 40
19 33
19 34
19 35
19 36
19 37
19 38
19 39
19 40
20 33
20 34
20 35
20 36
20 37
20 38
20 39
21 33
21 34
21 35
21 36
21 37
21 38
21 39
0
Yes
22 20
23 19
23 20
24 18
24 19
24 20
25 16
25 17
25 18
25 19
25 20
25 21
25 22
25 23
26 15
26 16
26 17
26 18
26 19
26 20
26 21
26 22
26 23
27 16
27 17
27 18
27 19
27 20
27 21
27 22
27 23
28 18
28 19
28 20
28 21
28 22
28 23
28 24
29 19
29 20
29 21
29 22
29 23
29 24
29 25
29 26
30 21
30 22
30 23
30 24
30 25
30 26
31 21
31 22
31 23
31 24
31 25
31 26
32 19
32 20
32 21
32 22
32 23
32 24
32 25
32 26
33 19
33 20
33 21
33 22
33 23
33 24
33 25
34 19
34 20
34 21
34 22
34 23
34 24
34 25
0
No
0
No
0
Yes
20 32
21 30
21 31
21 32
22 32
22 33
22 34
22 35
22 36
22 37
22 38
22 39
23 33
23 34
23 35
23 36
23 37
23 38
23 39
23 40
24 33
24 34
24 35
24 36
24 37
24 38
24 39
24 40
24 41
24 42
24 43
25 35
25 36
25 37
25 38
25 39
25 40
25 41
25 42
26 35
26 36
26 37
26 38
26 39
26 40
26 41
26 42
27 33
27 35
27 36
27 37
27 38
27 39
27 40
27 41
27 42
28 33
28 34
28 35
28 36
28 37
28 38
28 39
28 40
28 41
28 42
29 32
29 33
29 34
29 35
29 36
29 37
29 38
29 39
29 40
29 41
29 42
30 33
0
Yes
3 18
3 19
3 20
4 19
4 20
5 11
5 18
5 19
5 20
6 11
6 19
6 20
7 11
7 13
7 19
7 20
7 21
8 10
8 11
8 12
8 13
8 14
8 16
8 17
8 18
8 19
8 20
8 21
8 22
8 23
8 24
8 25
8 26
9 10
9 11
9 12
9 13
9 14
9 15
9 16
9 17
9 18
9 19
9 20
9 21
9 22
9 23
9 24
9 25
10 15
10 16
10 17
10 18
10 19
10 20
10 21
10 22
10 23
10 24
10 25
11 16
11 17
11 18
11 19
11 20
11 21
11 22
11 23
11 24
11 25
12 17
12 18
12 19
12 20
12 21
12 22
12 23
12 24
12 25
13 17
13 18
13 19
13 20
13 21
13 22
13 23
13 24
13 25
14 17
14 18
14 19
14 20
14 21
14 22
14 23
14 24
14 25
0
Yes
22 20
23 19
23 20
24 18
24 19
24 20
25 16
25 17
25 18
25 19
25 20
25 21
25 22
25 23
26 15
26 16
26 17
26 18
26 19
26 20
26 21
26 22
26 23
27 16
27 17
27 18
27 19
27 20
27 21
27 22
27 23
28 18
28 19
28 20
28 21
28 22
28 23
28 24
29 19
29 20
29 21
29 22
29 23
29 24
29 25
30 21
30 22
30 23
30 24
30 25
31 21
31 22
31 23
31 24
31 25
32 19
32 20
32 21
32 22
32 23
32 24
32 25
33 19
33 20
33 21
33 22
33 23
33 24
33 25
34 20
0
Yes
8 27
9 27
9 28
10 26
10 27
10 28
11 26
11 27
11 28
12 26
12 27
12 28
13 26
13 27
13 28
13 29
13 30
13 31
13 32
14 26
14 27
14 28
14 29
14 30
14 31
14 32
15 25
15 26
15 27
15 28
15 29
15 30
15 31
15 32
16 25
16 26
16 27
16 28
16 29
16 30
16 31
16 32
0
Yes
3 18
3 19
3 20
4 19
4 20
5 11
5 18
5 19
5 20
6 11
6 19
6 20
7 11
7 13
7 19
7 20
7 21
8 10
8 11
8 12
8 13
8 14
8 16
8 17
8 18
8 19
8 20
8 21
8 22
8 23
8 24
8 25
8 26
9 10
9 11
9 12
9 13
9 14
9 15
9 16
9 17
9 18
9 19
9 20
9 21
9 22
9 23
9 24
9 25
10 15
10 16
10 17
10 18
10 19
10 20
10 21
10 22
10 23
10 24
10 25
11 16
11 17
11 18
11 19
11 20
11 21
11 22
11 23
11 24
11 25
12 17
12 18
12 19
12 20
12 21
12 22
12 23
12 24
12 25
13 17
13 18
13 19
13 20
13 21
13 22
13 23
13 24
13 25
14 17
14 18
14 19
14 20
14 21
14 22
14 23
14 24
15 17
15 19
15 20
15 21
15 22
15 23
0
Yes
0 30
0 31
0 32
0 33
0 34
0 35
0 36
0 37
0 38
1 31
1 32
1 33
1 34
1 35
1 36
1 37
2 32
2 33
2 34
2 35
2 36
2 37
3 32
3 33
3 34
3 35
3 36
3 37
4 32
4 33
4 34
4 35
4 36
0
Yes
16 19
16 20
16 21
16 22
16 23
16 24
17 19
17 20
17 21
17 22
17 23
17 24
17 25
17 26
17 27
17 28
17 29
17 30
17 31
18 25
18 26
18 27
18 28
18 29
18 30
18 31
19 25
19 26
19 27
19 28
19 29
19 30
19 31
20 26
20 27
20 28
20 29
20 30
20 31
20 32
21 26
21 27
21 30
21 31
21 32
22 26
22 27
22 28
22 32
23 25
23 26
23 27
23 28
23 29
24 25
24 26
24 27
24 28
24 29
25 24
25 25
25 26
25 27
25 28
25 29
26 24
26 25
26 26
26 27
26 28
26 29
27 25
27 26
27 27
27 28
27 29
28 26
28 27
28 28
0
No
0
Yes
22 33
22 34
22 35
22 36
22 37
22 38
22 39
23 33
23 34
23 35
23 36
23 37
23 38
23 39
23 40
24 33
24 34
24 35
24 36
24 37
24 38
24 39
24 40
24 41
24 42
24 43
24 44
25 35
25 36
25 37
25 38
25 39
25 40
25 41
25 42
25 43
25 44
26 35
26 36
26 37
26 38
26 39
26 40
26 41
26 42
26 43
26 44
27 33
27 35
27 36
27 37
27 38
27 39
27 40
27 41
27 42
27 43
27 44
28 33
28 34
28 35
28 36
28 37
28 38
28 39
28 40
28 41
28 42
28 43
28 44
29 32
29 33
29 34
29 35
29 36
29 37
29 38
29 39
29 40
29 41
29 42
29 43
29 44
30 33
30 38
30 39
30 40
30 41
30 42
30 43
0
Yes
0 49
1 49
2 49
3 49
4 49
5 49
6 48
6 49
7 46
7 47
7 48
7 49
8 46
8 47
8 48
8 49
9 47
9 49
0
No
0
Yes
8 5
8 6
8 7
8 8
8 9
9 7
9 8
9 9
10 5
10 6
10 7
10 8
10 9
11 5
11 6
11 7
11 8
11 9
0
Yes
10 0
10 1
10 3
11 0
11 1
11 2
11 3
12 0
12 1
12 2
12 3
12 5
12 6
12 7
12 8
12 9
13 0
13 1
13 2
13 3
13 4
13 5
13 6
13 7
13 8
13 9
13 10
14 0
14 1
14 2
14 3
14 4
14 5
14 6
14 7
14 9
15 0
15 1
15 2
15 3
15 4
15 5
15 6
16 0
16 1
16 2
16 3
16 4
16 5
16 6
17 0
17 1
17 2
17 3
17 4
17 5
18 0
18 1
18 2
18 3
18 4
19 0
19 1
19 2
19 3
19 4
20 0
20 1
20 2
20 3
20 4
21 0
21 1
21 2
21 3
21 4
22 0
22 1
22 2
22 3
22 4
23 0
23 1
23 2
23 3
23 4
24 0
24 1
24 2
24 3
24 4
0
Yes
19 10
20 5
20 8
20 9
20 10
21 5
21 8
21 9
21 10
22 5
22 7
22 8
22 9
22 10
22 11
23 5
23 6
23 7
23 8
23 9
23 10
24 5
24 6
24 7
24 8
24 9
24 10
24 11
25 5
25 6
25 7
25 8
25 9
25 10
25 11
25 12
26 6
26 7
26 8
26 9
26 10
26 11
26 12
26 13
27 6
27 7
27 8
27 9
27 10
27 11
28 6
28 7
28 8
28 9
28 10
28 11
29 7
29 8
29 9
29 10
29 11
0
Yes
24 48
25 47
25 48
25 49
26 46
26 47
26 48
26 49
27 46
27 47
27 48
27 49
28 45
28 46
28 47
28 48
28 49
29 45
29 46
29 47
29 48
29 49
30 45
30 46
30 47
30 48
30 49
31 37
31 38
31 39
31 40
31 41
31 42
31 43
31 44
31 45
31 46
31 47
31 48
31 49
32 36
32 37
32 38
32 39
32 40
32 41
32 42
32 43
32 44
32 45
32 46
32 47
32 48
32 49
33 36
33 37
33 38
33 39
33 40
34 36
34 37
34 38
34 39
34 40
35 36
35 37
35 38
35 39
35 40
36 36
36 37
36 38
36 39
36 40
37 36
37 37
37 38
37 39
37 40
38 36
38 37
38 38
38 39
38 40
39 36
39 37
39 38
39 39
39 40
40 36
40 37
40 38
40 39
40 40
41 39
0
Yes
11 45
12 45
13 43
13 44
13 45
14 44
14 45
0
Yes
11 48
11 49
12 49
13 49
14 48
14 49
0
Yes
0 0
0 1
0 2
0 3
0 4
0 5
0 6
0 7
0 8
1 0
1 3
1 4
1 7
2 0
2 3
2 7
2 8
3 8
3 9
4 8
0
No
0
No
0
Yes
0 22
0 23
0 24
1 22
1 23
1 24
0
Yes
5 32
5 33
5 34
5 35
5 36
6 26
6 27
6 28
6 29
6 30
6 31
6 32
6 33
6 34
6 35
6 36
7 26
7 27
7 28
7 29
7 30
7 31
7 32
7 33
7 34
7 35
7 36
8 29
8 30
8 31
8 32
8 33
8 34
8 35
8 36
9 29
9 30
9 31
9 32
9 33
9 34
9 35
9 36
10 29
10 30
10 31
10 32
10 33
10 34
10 35
10 36
11 29
11 30
11 31
11 32
11 33
11 34
11 35
11 36
12 30
12 31
12 32
12 33
12 34
12 35
12 36
13 33
13 34
13 35
13 36
14 33
14 34
14 35
14 36
15 33
0
Yes
22 33
22 34
22 35
22 36
22 37
22 38
22 39
23 33
23 34
23 35
23 36
23 37
23 38
23 39
23 40
24 33
24 34
24 35
24 36
24 37
24 38
24 39
24 40
24 41
24 42
24 43
25 35
25 36
25 37
25 38
25 39
25 40
25 41
25 42
26 35
26 36
26 37
26 38
26 39
26 40
26 41
26 42
27 33
27 35
27 36
27 37
27 38
27 39
27 40
27 41
27 42
28 33
28 34
28 35
28 36
28 37
28 38
28 39
28 40
28 41
28 42
29 32
29 33
29 34
29 35
29 36
29 37
29 38
29 39
29 40
29 41
29 42
30 33
0
Yes
11 45
12 41
12 45
13 40
13 41
13 43
13 44
13 45
14 39
14 40
14 41
14 42
14 43
14 44
14 45
14 46
15 40
15 41
15 42
15 43
15 44
15 45
15 46
15 47
15 48
15 49
16 45
16 46
16 47
16 48
16 49
17 46
17 47
17 48
17 49
18 46
18 47
18 48
18 49
0
Yes
19 10
20 5
20 8
20 9
20 10
21 5
21 8
21 9
21 10
22 5
22 7
22 8
22 9
22 10
22 11
23 5
23 6
23 7
23 8
23 9
23 10
24 5
24 6
24 7
24 8
24 9
24 10
24 11
25 2
25 3
25 4
25 5
25 6
25 7
25 8
25 9
25 10
25 11
25 12
26 2
26 3
26 4
26 5
26 6
26 7
26 8
26 9
26 10
26 11
26 12
26 13
27 2
27 3
27 4
27 5
27 6
27 7
27 8
27 9
27 10
27 11
28 2
28 3
28 4
28 5
28 6
28 7
28 8
28 9
28 10
28 11
28 12
29 2
29 3
29 4
29 5
29 6
29 7
29 8
29 9
29 10
29 11
30 2
30 3
30 4
30 5
30 6
30 7
30 8
30 9
30 10
30 11
31 2
31 3
31 4
31 5
31 6
31 7
31 8
31 9
31 10
31 11
31 12
32 2
32 3
32 4
32 5
32 6
32 7
32 8
32 9
32 10
32 11
32 12
33 8
33 9
33 10
33 11
33 12
0
Yes
25 0
25 1
26 0
26 1
27 0
27 1
28 0
28 1
29 0
29 1
30 0
30 1
31 0
31 1
32 0
32 1
33 0
33 1
33 2
33 3
33 4
33 5
33 6
34 0
34 1
34 2
34 3
34 4
34 5
34 6
34 7
35 0
35 1
35 2
35 3
35 4
35 5
35 6
35 7
36 0
36 1
36 2
36 3
36 4
36 5
36 6
36 7
37 0
37 1
37 2
37 3
37 4
37 5
37 6
37 7
38 0
38 1
38 2
38 3
38 4
38 5
38 6
38 7
39 0
39 1
39 2
39 3
39 4
39 5
39 6
39 7
40 0
40 1
40 2
40 3
40 4
40 5
41 0
41 1
0
Yes
34 8
34 9
34 10
35 8
35 9
35 10
35 11
35 12
35 13
36 8
36 9
36 10
36 11
36 12
36 13
37 8
37 9
37 10
37 11
37 12
37 13
38 8
38 9
38 10
38 11
38 12
38 13
39 8
39 9
39 10
39 11
39 12
39 13
40 8
40 9
40 10
40 11
0
Yes
3 10
4 10
5 8
5 9
5 10
6 9
6 10
0
No
0
Yes
6 5
6 6
6 7
7 7
7 8
7 9
8 5
8 6
8 7
8 8
0
Yes
38 28
38 29
38 30
38 31
38 32
38 33
38 34
38 35
39 29
39 30
39 31
39 32
39 33
39 34
39 35
40 29
40 30
40 31
40 32
40 33
40 34
40 35
41 28
41 29
41 30
41 31
41 32
41 33
41 34
41 35
41 36
41 37
42 26
42 27
42 28
42 29
42 30
42 31
42 32
42 33
42 36
42 37
42 38
43 28
43 29
43 30
43 31
43 32
43 33
44 27
44 28
44 29
44 30
44 31
45 26
45 27
45 28
45 29
45 30
45 31
45 32
46 25
46 26
46 27
46 28
46 29
46 30
46 31
47 25
47 26
47 27
47 28
47 29
47 30
47 31
48 25
48 26
48 27
48 28
48 29
48 30
48 31
49 25
49 26
49 27
49 28
49 29
49 30
49 31
0
Yes
8 37
8 38
8 39
8 40
9 37
9 38
10 37
10 38
10 39
10 40
11 37
11 38
12 37
12 38
13 37
13 38
0
No
0
Yes
0 39
0 40
0 41
0 42
1 39
1 40
1 41
1 42
2 38
2 39
2 40
2 41
2 42
3 38
3 39
3 40
0
Yes
0 43
0 44
0 45
0 46
0 47
0 48
1 43
1 44
1 45
1 46
1 47
1 48
2 43
2 44
2 45
2 46
2 47
2 48
3 42
3 43
3 44
3 45
3 46
3 47
3 48
4 41
4 42
4 43
4 44
4 45
4 46
4 47
4 48
5 41
5 42
5 43
5 44
5 45
5 46
5 47
6 42
6 43
6 44
0
Yes
14 37
14 38
15 35
15 36
15 37
15 38
16 33
16 34
16 35
16 36
16 37
16 38
16 39
16 40
16 41
17 33
17 34
17 35
17 36
17 37
17 38
17 39
17 40
18 33
18 34
18 35
18 36
18 37
18 38
18 39
18 40
19 33
19 34
19 35
19 36
19 37
19 38
19 39
19 40
20 33
20 34
20 35
20 36
20 37
20 38
20 39
0
Yes
18 18
18 19
18 20
18 21
18 22
18 23
19 19
19 20
19 21
19 22
19 23
19 24
20 20
20 21
20 22
20 23
20 24
21 21
21 22
21 23
21 24
22 21
22 22
22 23
22 24
23 21
23 22
23 23
23 24
0
Yes
0 0
0 1
0 2
0 3
0 4
0 5
0 6
0 7
0 8
1 0
1 3
1 4
2 0
2 3
0
Yes
0 39
0 40
0 41
0 42
1 39
1 40
1 41
1 42
2 38
2 39
2 40
2 41
3 39
0
Yes
4 38
4 39
4 40
5 37
5 38
5 39
5 40
6 37
6 38
6 39
6 40
7 37
7 38
7 39
7 40
7 41
7 42
8 37
8 38
8 39
8 40
9 37
9 38
10 37
10 38
10 39
0
Yes
0 19
0 20
0 21
1 18
1 19
1 20
1 21
2 18
2 19
2 20
3 18
3 19
3 20
4 19
4 20
5 18
5 19
5 20
6 19
6 20
7 19
7 20
7 21
8 16
8 17
8 18
8 19
8 20
8 21
8 22
8 23
9 16
9 17
9 18
9 19
9 20
9 21
9 22
9 23
10 16
10 17
10 18
10 19
10 20
10 21
10 22
10 23
11 16
11 17
11 18
11 19
11 20
11 21
11 22
11 23
12 18
12 19
0
No
0
Yes
33 42
33 43
33 44
33 45
33 46
33 47
33 48
33 49
34 41
34 42
34 43
34 44
34 45
34 46
34 47
34 48
34 49
35 41
35 42
35 43
35 44
35 45
35 46
35 47
35 48
35 49
36 41
36 42
36 43
36 44
36 45
36 46
36 47
36 48
36 49
37 41
37 42
37 43
37 44
37 45
37 46
37 47
37 48
37 49
38 41
38 42
38 43
38 44
38 45
38 46
38 47
38 48
38 49
39 41
39 42
39 43
39 44
39 45
39 46
39 47
39 48
39 49
40 41
40 42
40 43
40 44
40 45
40 46
40 47
40 48
40 49
41 41
41 42
41 43
41 44
41 45
41 46
41 47
41 48
41 49
42 39
42 40
42 41
42 42
42 43
42 44
42 45
42 46
42 47
42 48
42 49
43 40
43 41
43 42
43 43
43 44
43 45
43 46
43 47
43 48
43 49
44 39
44 40
44 41
44 42
44 43
44 44
44 45
44 46
44 47
44 48
44 49
45 40
45 41
45 42
45 43
45 44
45 45
45 46
45 47
45 48
45 49
46 42
46 43
46 44
46 45
46 46
46 47
46 48
46 49
47 42
47 43
47 44
47 45
0
Yes
0 19
0 20
0 21
1 18
1 19
1 20
1 21
2 18
2 19
2 20
2 21
3 18
3 19
0
No
0
Yes
0 0
0 1
0 2
0 3
0 4
0 5
0 6
0 7
1 0
1 3
1 4
2 0
2 3
0
Yes
0 25
1 25
2 22
2 23
2 24
2 25
3 21
3 22
3 23
3 24
3 25
4 21
4 22
4 23
4 24
4 25
5 21
5 22
5 23
5 24
5 25
6 21
6 22
6 23
6 24
6 25
7 23
7 24
7 25
0
Yes
4 19
4 20
5 11
5 18
5 19
5 20
6 11
6 19
6 20
7 10
7 11
7 13
7 19
7 20
7 21
8 10
8 11
8 12
8 13
8 14
8 16
8 17
8 18
8 19
8 20
8 21
8 22
8 23
8 24
8 25
8 26
8 27
9 10
9 11
9 12
9 13
9 14
9 15
9 16
9 17
9 18
9 19
9 20
9 21
9 22
9 23
9 24
9 25
9 26
9 27
9 28
10 15
10 16
10 17
10 18
10 19
10 20
10 21
10 22
10 23
10 24
10 25
10 26
10 27
10 28
11 16
11 17
11 18
11 19
11 20
11 21
11 22
11 23
11 24
11 25
11 26
11 27
11 28
12 17
12 18
12 19
12 20
12 21
12 22
12 23
12 24
12 25
12 26
12 27
12 28
13 17
13 18
13 19
13 20
13 21
13 22
13 23
13 24
13 25
13 26
13 27
13 28
14 17
14 18
14 19
14 20
14 21
14 22
14 23
14 24
14 25
14 26
14 27
15 17
15 19
15 20
15 21
15 22
15 23
15 24
15 25
15 26
15 27
0
Yes
21 33
21 34
21 35
21 36
21 37
21 38
21 39
22 33
22 34
22 35
22 36
22 37
22 38
22 39
23 33
23 34
23 35
23 36
23 37
23 38
23 39
23 40
24 33
24 34
24 35
24 36
24 37
24 38
24 39
24 40
24 41
25 35
25 36
25 37
25 38
25 39
25 40
25 41
26 35
26 36
26 37
26 38
26 39
26 40
26 41
27 33
27 35
27 36
27 37
27 38
27 39
27 40
27 41
28 33
28 34
28 35
28 36
28 37
28 38
28 39
28 40
28 41
29 30
29 31
29 32
29 33
29 34
29 35
29 36
29 37
29 38
29 39
29 40
29 41
30 30
30 31
30 32
30 33
30 34
30 35
30 36
30 37
30 38
30 39
30 40
30 41
31 30
31 31
31 32
31 33
31 34
31 35
32 33
0
Yes
0 30
0 31
0 32
0 33
0 34
0 35
1 31
1 32
1 33
1 34
1 35
2 32
2 33
2 34
2 35
3 32
0
No
0
Yes
0 19
0 20
0 21
1 18
1 19
1 20
1 21
2 18
2 19
2 20
0
Yes
9 7
9 8
9 9
10 0
10 1
10 3
10 5
10 6
10 7
10 8
10 9
10 10
10 11
11 0
11 1
11 2
11 3
11 5
11 6
11 7
11 8
11 9
11 10
12 0
12 1
12 2
12 3
12 5
12 6
12 7
12 8
12 9
13 0
13 1
13 2
13 3
13 4
13 5
13 6
13 7
13 8
13 9
13 10
14 0
14 1
14 2
14 3
14 4
14 5
14 6
14 7
14 9
15 0
15 1
15 2
15 3
15 4
15 5
15 6
16 6
0
Yes
0 49
1 49
2 49
3 49
4 49
5 49
6 46
6 47
6 48
6 49
7 46
7 47
7 48
7 49
8 46
8 47
8 48
8 49
9 49
0
Yes
0 30
0 31
0 32
0 33
0 34
1 31
1 32
1 33
1 34
2 32
0
Yes
11 37
11 38
12 37
12 38
12 39
13 30
13 31
13 37
13 38
14 30
14 31
14 32
14 37
14 38
15 30
15 31
15 32
15 35
15 36
15 37
15 38
16 30
16 31
16 32
16 33
16 34
16 35
16 36
16 37
16 38
16 39
16 40
16 41
17 30
17 31
17 32
17 33
17 34
17 35
17 36
17 37
17 38
17 39
17 40
18 30
18 31
18 32
18 33
18 34
18 35
18 36
18 37
18 38
18 39
18 40
19 30
19 31
19 32
19 33
19 34
19 35
19 36
19 37
19 38
19 39
19 40
20 30
20 31
20 32
20 33
20 34
20 35
20 36
20 37
20 38
20 39
0
Yes
0 30
0 31
0 32
0 33
0 34
0 35
1 31
1 32
1 33
1 34
1 35
2 32
2 33
2 34
2 35
3 32
3 33
3 34
3 35
0
Yes
0 36
0 37
0 38
1 36
1 37
2 36
2 37
3 36
3 37
4 32
4 33
4 34
4 35
4 36
4 37
4 38
4 39
4 40
5 37
5 38
5 39
5 40
6 37
6 38
6 39
6 40
7 37
7 38
7 39
7 40
7 41
7 42
7 43
8 37
8 38
8 39
8 40
9 37
9 38
10 37
10 38
10 39
10 40
11 37
11 38
12 37
12 38
12 39
13 29
13 30
13 31
13 37
13 38
14 30
14 31
14 32
14 37
14 38
15 30
15 31
15 32
15 35
15 36
15 37
15 38
16 30
16 31
16 32
16 33
16 34
16 35
16 36
16 37
16 38
16 39
17 30
17 31
17 32
17 33
17 34
17 35
17 36
17 37
17 38
17 39
18 30
18 31
18 32
18 33
18 34
18 35
18 36
18 37
18 38
18 39
19 30
19 31
19 32
19 33
19 34
19 35
19 36
19 37
19 38
19 39
0
No
0
Yes
15 28
15 29
16 19
16 20
16 21
16 22
16 23
16 24
16 25
16 26
16 27
16 28
16 29
17 19
17 20
17 21
17 22
17 23
17 24
17 25
17 26
17 27
17 28
17 29
18 25
18 26
18 27
18 28
18 29
19 25
19 26
19 27
19 28
19 29
20 25
20 26
20 27
20 28
20 29
20 30
20 31
20 32
20 33
20 34
21 25
21 26
21 27
21 30
21 31
21 32
22 25
22 26
22 27
22 28
22 32
23 25
23 26
23 27
23 28
23 29
24 25
24 26
24 27
24 28
24 29
25 25
25 26
25 27
25 28
25 29
26 28
0
No
0
Yes
16 0
16 1
16 2
16 3
16 4
17 0
17 1
17 2
17 3
17 4
18 0
18 1
18 2
18 3
18 4
19 0
19 1
19 2
19 3
19 4
20 0
20 1
20 2
20 3
20 4
21 0
21 1
21 2
0
Yes
0 19
0 20
0 21
0 22
1 18
1 19
1 20
1 21
1 22
2 18
2 19
2 20
3 18
3 19
3 20
0
Yes
19 10
20 8
20 9
20 10
21 8
21 9
21 10
22 7
22 8
22 9
22 10
22 11
23 5
23 6
23 7
23 8
23 9
23 10
24 6
24 7
24 8
24 9
24 10
24 11
25 6
25 7
25 8
25 9
25 10
25 11
25 12
26 6
26 7
26 8
26 9
26 10
26 11
26 12
27 6
27 7
27 8
27 9
27 10
27 11
0
Yes
20 5
21 4
21 5
22 0
22 1
22 2
22 3
22 4
22 5
23 0
23 1
23 2
23 3
23 4
24 0
24 1
24 2
24 3
24 4
25 2
25 3
25 4
25 5
26 2
26 3
26 4
26 5
27 2
27 3
27 4
27 5
28 2
28 3
28 4
28 5
28 6
28 7
28 8
28 9
28 10
28 11
29 2
29 3
29 4
29 5
29 6
29 7
29 8
29 9
29 10
29 11
30 2
30 3
30 4
30 5
30 6
30 7
30 8
30 9
30 10
30 11
31 2
31 3
31 4
31 5
31 6
31 7
31 8
31 9
31 10
31 11
32 3
32 4
32 5
32 6
32 7
32 8
32 9
32 10
32 11
0
Yes
24 22
24 23
24 24
25 24
26 24
26 25
26 26
26 30
27 25
27 26
27 27
27 28
27 29
27 30
28 26
28 27
28 28
28 29
29 26
29 27
29 28
29 29
30 26
30 27
30 28
30 29
31 26
31 27
31 28
31 29
32 26
32 27
32 28
32 29
32 30
32 31
33 18
33 26
33 27
33 28
33 29
33 30
33 31
33 32
33 33
34 18
34 22
34 23
34 24
34 25
34 26
34 27
34 28
34 29
34 30
34 31
34 32
34 33
35 17
35 18
35 19
35 20
35 21
35 22
35 23
35 24
35 25
35 26
35 27
35 28
35 29
35 30
35 31
35 32
35 33
36 17
36 18
36 19
36 20
36 21
36 22
36 23
36 24
36 27
36 28
36 29
36 30
36 31
36 32
36 33
37 18
37 19
37 20
37 21
37 22
37 28
37 29
37 30
37 31
37 32
37 33
38 18
38 19
38 20
39 20
0
Yes
0 30
0 31
0 32
0 33
1 31
1 32
0
Yes
0 39
0 40
0 41
0 42
0 43
0 44
0 45
0 46
0 47
1 39
1 40
1 41
1 42
1 43
1 44
1 45
1 46
1 47
2 38
2 39
2 40
2 41
2 42
2 43
2 44
2 45
2 46
2 47
3 39
3 40
3 41
3 42
3 43
3 44
3 45
3 46
4 41
4 42
4 43
4 44
4 45
4 46
5 41
5 42
5 43
5 44
5 45
5 46
0
Yes
24 42
24 43
24 44
24 48
25 42
25 43
25 44
25 47
25 48
25 49
26 42
26 43
26 44
26 46
26 47
26 48
26 49
27 42
27 43
27 44
27 46
27 47
27 48
27 49
28 42
28 43
28 44
28 45
28 46
28 47
28 48
28 49
29 42
29 43
29 44
29 45
29 46
29 47
29 48
29 49
30 42
30 43
30 44
30 45
30 46
30 47
30 48
30 49
31 37
31 38
31 39
31 40
31 41
31 42
31 43
31 44
31 45
31 46
31 47
31 48
31 49
32 37
32 38
32 39
32 40
32 41
32 42
32 43
32 44
32 45
32 46
32 47
32 48
32 49
33 37
33 38
33 39
33 40
33 41
33 42
33 43
33 44
33 45
33 46
33 47
33 48
33 49
34 37
34 38
34 39
34 40
34 41
34 42
34 43
34 44
34 45
34 46
34 47
34 48
34 49
35 37
35 38
35 39
35 40
35 41
35 42
35 43
35 44
35 45
35 46
35 47
35 48
35 49
36 37
36 38
36 39
36 40
36 41
36 42
36 43
36 44
36 45
36 46
36 47
0
Yes
5 32
5 33
5 34
5 35
6 28
6 29
6 30
6 31
6 32
6 33
6 34
6 35
6 36
7 28
7 29
7 30
7 31
7 32
7 33
7 34
7 35
7 36
8 29
8 30
8 31
8 32
8 33
8 34
8 35
8 36
9 29
9 30
9 31
9 32
9 33
9 34
9 35
9 36
10 32
0
Yes
0 39
0 40
0 41
0 42
0 43
0 44
0 45
1 39
1 40
1 41
1 42
1 43
1 44
1 45
2 38
2 39
2 40
2 41
2 42
2 43
2 44
2 45
3 39
3 40
3 41
3 42
3 43
3 44
0
Yes
31 12
32 12
32 13
33 8
33 9
33 10
33 11
33 12
34 8
34 9
34 10
35 8
35 9
35 10
35 11
35 12
35 13
35 14
35 15
36 8
36 9
36 10
36 11
36 12
36 13
36 14
36 15
37 8
37 9
37 10
37 11
37 12
37 13
37 14
37 15
38 8
38 9
38 10
38 11
38 12
38 13
38 14
38 15
38 16
39 8
39 9
39 10
39 11
39 12
39 13
39 14
39 15
39 16
39 17
40 7
40 8
40 9
40 10
40 11
40 12
40 13
40 15
40 16
40 17
41 8
41 9
41 10
41 11
41 12
41 13
41 15
41 17
42 0
42 1
42 2
42 8
42 9
42 10
42 11
42 12
43 0
43 1
43 2
43 8
43 9
43 10
43 11
43 12
43 13
44 0
44 1
44 2
44 3
44 7
44 8
44 9
44 10
44 11
44 12
44 13
45 0
45 1
45 2
45 3
45 4
45 5
45 6
45 7
45 8
45 9
45 10
45 12
46 1
46 2
46 3
46 4
46 5
46 6
46 7
46 8
46 9
46 10
46 12
47 1
47 2
47 3
47 4
47 5
47 6
47 7
47 8
48 1
48 2
48 3
48 4
48 5
48 6
48 7
48 8
48 9
48 10
49 1
49 2
49 3
49 4
49 5
49 6
49 7
49 8
49 9
0
Yes
32 35
32 36
33 34
33 35
33 36
34 34
34 35
34 36
35 34
35 35
35 36
36 34
36 35
36 36
37 34
37 35
37 36
37 37
37 38
37 39
37 40
37 41
37 42
37 43
37 44
37 45
37 46
37 47
38 28
38 29
38 30
38 31
38 32
38 33
38 34
38 35
38 36
38 37
38 38
38 39
38 40
38 41
38 42
38 43
38 44
38 45
38 46
38 47
39 29
39 30
39 31
39 32
39 33
39 34
39 35
39 36
39 37
39 38
39 39
39 40
39 41
39 42
39 43
39 44
39 45
39 46
39 47
40 29
40 30
40 31
40 32
40 33
40 34
40 35
40 36
40 37
40 38
40 39
40 40
40 41
40 42
40 43
40 44
40 45
40 46
40 47
41 28
41 29
41 30
41 31
41 32
41 33
41 34
41 35
41 36
41 37
41 38
41 39
41 40
41 41
41 42
41 43
41 44
41 45
41 46
41 47
42 28
42 29
42 30
42 31
42 32
42 33
42 36
42 37
42 38
42 39
42 40
42 41
42 42
42 43
42 44
42 45
42 46
42 47
43 28
43 29
43 30
43 31
43 32
43 33
43 37
43 40
43 41
43 42
43 43
43 44
43 45
43 46
44 28
44 29
44 30
44 31
0
Yes
0 23
0 24
0 25
0 26
0 27
0 28
1 23
1 24
1 25
1 26
1 27
2 22
2 23
2 24
2 25
2 26
2 27
3 22
3 23
3 24
3 25
4 22
4 23
4 24
4 25
0
Yes
0 46
0 47
0 48
0 49
1 46
1 47
1 48
1 49
2 46
2 47
2 48
2 49
3 46
3 47
3 48
3 49
4 44
4 45
4 46
4 47
4 48
4 49
5 44
5 45
5 46
5 47
5 48
5 49
6 46
0
Yes
9 7
9 8
9 9
10 3
10 5
10 6
10 7
10 8
10 9
10 10
10 11
11 2
11 3
11 5
11 6
11 7
11 8
11 9
11 10
12 2
12 3
12 5
12 6
12 7
12 8
12 9
13 2
13 3
13 4
13 5
13 6
13 7
13 8
13 9
13 10
14 2
14 3
14 4
14 5
14 6
14 7
14 9
15 2
15 3
15 4
15 5
15 6
0
Yes
1 7
2 7
2 8
3 8
3 9
3 10
4 6
4 7
4 8
4 9
4 10
5 8
0
No
0
No
0
Yes
15 28
15 29
16 20
16 21
16 22
16 23
16 24
16 25
16 26
16 27
16 28
16 29
17 20
17 21
17 22
17 23
17 24
17 25
17 26
17 27
17 28
17 29
18 25
18 26
18 27
18 28
18 29
19 25
19 26
19 27
19 28
19 29
20 25
20 26
20 27
20 28
20 29
20 30
20 31
20 32
21 25
21 26
21 27
21 30
21 31
21 32
22 25
22 26
22 27
22 28
23 25
23 26
23 27
23 28
23 29
24 25
24 26
24 27
24 28
24 29
0
Yes
0 30
0 31
0 32
0 33
0 34
1 31
1 32
1 33
0
Yes
0 46
0 47
0 48
0 49
1 46
1 47
1 48
1 49
2 46
2 47
2 48
2 49
3 46
3 47
3 48
3 49
4 42
4 43
4 44
4 45
4 46
4 47
4 48
4 49
5 42
5 43
5 44
5 45
5 46
5 47
5 48
5 49
6 42
6 43
6 44
6 45
6 46
6 47
6 48
6 49
7 46
7 47
7 48
7 49
8 46
8 47
8 48
8 49
0
Yes
3 21
4 21
5 21
5 22
5 23
5 24
5 25
6 22
6 23
6 24
6 25
7 23
7 24
7 25
0
Yes
0 35
0 36
0 37
0 38
1 35
1 36
1 37
2 35
2 36
2 37
0
Yes
2 32
2 33
2 34
3 32
3 33
3 34
3 35
3 36
3 37
4 32
4 33
4 34
4 35
4 36
4 37
4 38
4 39
4 40
4 41
5 37
5 38
5 39
5 40
5 41
6 37
6 38
6 39
6 40
6 41
7 37
7 38
7 39
7 40
7 41
8 37
8 38
8 39
8 40
9 37
9 38
10 29
10 30
10 34
10 35
10 36
10 37
10 38
11 29
11 30
11 31
11 32
11 33
11 34
11 35
11 36
11 37
11 38
12 29
12 30
12 31
12 32
12 33
12 34
12 35
12 36
12 37
12 38
13 31
13 32
13 33
0
Yes
10 0
10 1
11 0
11 1
12 0
12 1
13 0
13 1
14 0
14 1
15 0
15 1
16 0
16 1
16 2
17 0
17 1
0
Yes
11 45
11 48
11 49
12 41
12 45
12 49
13 39
13 40
13 41
13 43
13 44
13 45
13 49
14 40
14 41
14 42
14 43
14 44
14 45
14 46
14 48
14 49
15 40
15 41
15 42
15 43
15 44
15 45
15 46
15 47
15 48
15 49
16 45
16 46
16 47
16 48
16 49
17 46
17 47
17 48
17 49
0
Yes
13 29
13 35
13 36
13 37
13 38
14 29
14 30
14 31
14 32
14 33
14 34
14 35
14 36
14 37
14 38
15 28
15 29
15 30
15 31
15 32
15 33
15 34
15 35
15 36
15 37
16 24
16 25
16 26
16 27
16 28
16 29
16 30
16 31
16 32
16 33
16 34
16 35
16 36
16 37
17 24
17 25
17 26
17 27
17 28
17 29
17 30
17 31
17 32
17 33
17 34
17 35
17 36
17 37
18 25
18 26
18 27
18 28
18 29
18 30
18 31
18 32
18 33
18 34
18 35
18 36
18 37
19 25
19 26
19 27
19 28
19 29
19 30
19 31
19 32
19 33
19 34
19 35
19 36
19 37
20 25
20 26
20 27
20 28
20 29
20 30
20 31
20 32
20 33
20 34
20 35
20 36
20 37
0
Yes
16 3
16 4
16 5
16 6
17 3
17 4
17 5
18 0
18 1
18 2
18 3
18 4
19 0
19 1
19 2
19 3
19 4
19 10
20 0
20 1
20 2
20 3
20 4
20 5
20 8
20 9
20 10
21 0
21 1
21 2
21 3
21 4
21 5
21 8
21 9
21 10
22 0
22 1
22 2
22 3
22 4
22 5
22 7
22 8
22 9
22 10
22 11
23 0
23 1
23 2
23 3
23 4
23 5
23 6
23 7
23 8
23 9
23 10
24 0
24 1
24 2
24 3
24 4
24 5
24 6
24 7
24 8
24 9
24 10
25 2
25 3
25 4
25 5
25 6
25 7
25 8
25 9
25 10
26 2
26 3
26 4
26 5
26 6
26 7
26 8
26 9
26 10
27 2
27 3
27 4
27 5
27 6
27 7
27 8
27 9
27 10
28 2
28 3
28 4
28 5
28 6
28 7
28 8
28 9
28 10
29 2
29 3
29 4
29 5
29 6
29 7
29 8
29 9
29 10
30 2
30 3
30 4
30 5
30 6
30 7
30 8
30 9
30 10
0
No
0
No
0
Yes
0 0
0 1
0 2
0 3
0 4
0 5
0 6
0 7
1 0
1 3
1 4
2 0
2 3
0
Yes
0 46
0 47
0 48
0 49
1 46
1 47
1 48
1 49
2 46
2 47
2 48
2 49
3 46
0
Yes
0 35
0 36
0 37
0 38
0 39
0 40
0 41
0 42
0 43
0 44
0 45
1 35
1 36
1 37
1 38
1 39
1 40
1 41
1 42
1 43
1 44
1 45
2 36
2 37
2 38
2 39
2 40
2 41
2 42
2 43
2 44
2 45
3 39
3 40
3 41
3 42
3 43
3 44
3 45
3 48
4 42
4 43
4 44
4 45
4 46
4 47
4 48
5 42
5 43
5 44
5 45
5 46
5 47
5 48
6 42
6 43
6 44
6 45
6 46
6 47
6 48
7 42
7 43
0
Yes
4 19
4 20
5 10
5 11
5 18
5 19
5 20
6 11
6 19
6 20
6 26
6 27
7 11
7 13
7 19
7 20
7 21
7 26
7 27
8 11
8 12
8 13
8 14
8 16
8 17
8 18
8 19
8 20
8 21
8 22
8 23
8 24
8 25
8 26
8 27
9 11
9 12
9 13
9 14
9 15
9 16
9 17
9 18
9 19
9 20
9 21
9 22
9 23
9 24
9 25
9 26
9 27
10 15
10 16
10 17
10 18
10 19
10 20
10 21
10 22
10 23
10 24
10 25
10 26
10 27
11 16
11 17
11 18
11 19
11 20
11 21
11 22
11 23
11 24
11 25
11 26
11 27
12 17
12 18
12 19
12 20
12 21
12 22
12 23
12 24
12 25
12 26
12 27
13 17
13 18
13 19
13 20
13 21
13 22
13 23
13 24
13 25
13 26
13 27
14 17
14 18
14 19
14 20
14 21
14 22
14 23
14 24
14 25
14 26
14 27
15 19
15 20
15 21
15 22
15 23
15 24
15 25
15 26
0
Yes
15 39
16 38
16 39
16 40
16 41
17 38
17 39
17 40
18 38
18 39
18 40
19 38
19 39
19 40
19 41
19 42
19 43
20 38
20 39
20 41
20 42
21 31
21 32
21 33
21 34
21 35
21 36
21 37
21 38
21 39
21 41
21 42
22 32
22 33
22 34
22 35
22 36
22 37
22 38
22 39
23 33
23 34
23 35
23 36
23 37
23 38
23 39
23 40
24 33
24 34
24 35
24 36
24 37
24 38
24 39
24 40
24 41
24 42
24 43
24 44
25 35
25 36
25 37
25 38
25 39
25 40
25 41
25 42
25 43
25 44
26 35
26 36
26 37
26 38
26 39
26 40
26 41
26 42
26 43
26 44
27 35
27 36
27 37
27 38
27 39
27 40
27 41
27 42
27 43
27 44
28 35
28 36
28 37
28 38
28 39
28 40
28 41
28 42
28 43
0
Yes
3 49
4 49
5 49
6 49
7 46
7 47
7 48
7 49
8 47
8 48
8 49
9 49
0
Yes
7 10
8 10
9 7
9 8
9 9
9 10
10 5
10 6
10 7
10 8
10 9
10 10
10 11
11 5
11 6
11 7
11 8
11 9
11 10
12 5
12 6
12 7
12 8
12 9
13 3
13 4
13 5
13 6
13 7
13 8
13 9
13 10
14 3
14 4
14 5
14 6
14 7
14 9
15 4
15 5
15 6
0
Yes
10 0
10 1
11 0
11 1
11 2
11 3
12 0
12 1
12 2
12 3
13 0
13 1
13 2
0
Yes
16 19
16 20
16 21
16 22
16 23
17 19
17 20
17 21
17 22
17 23
18 18
18 19
18 20
18 21
18 22
18 23
19 19
19 20
19 21
19 22
19 23
19 24
20 20
20 21
20 22
20 23
20 24
21 21
21 22
21 23
21 24
21 25
21 26
21 27
22 20
22 21
22 22
22 23
22 24
22 25
22 26
22 27
23 19
23 20
23 21
23 22
23 23
23 24
23 25
23 26
23 27
24 18
24 19
24 20
24 21
24 22
24 23
24 24
24 25
24 26
24 27
25 16
25 17
25 18
25 19
25 20
25 21
25 22
25 23
25 24
25 25
25 26
25 27
26 16
26 17
26 18
26 19
26 20
26 21
26 22
26 23
26 24
26 25
26 26
26 27
27 16
27 17
27 18
27 19
27 20
27 21
27 22
27 23
27 24
27 25
27 26
27 27
28 18
28 19
28 20
28 21
28 22
28 23
28 24
28 25
28 26
28 27
29 19
29 20
29 21
29 22
29 23
29 24
0
Yes
22 28
23 28
23 29
24 28
24 29
25 28
25 29
26 28
26 29
26 30
27 28
27 29
27 30
28 28
28 29
29 26
29 27
29 28
29 29
29 30
29 31
29 32
30 25
30 26
30 27
30 28
30 29
30 30
30 31
30 32
31 25
31 26
31 27
31 28
31 29
31 30
31 31
31 32
32 25
32 26
32 27
32 28
32 29
32 30
32 31
32 32
33 26
33 27
33 28
33 29
0
Yes
24 11
25 11
25 12
26 11
26 12
26 13
27 11
28 11
28 12
29 11
30 11
31 3
31 4
31 5
31 6
31 7
31 8
31 9
31 10
31 11
31 12
32 3
32 4
32 5
32 6
32 7
32 8
32 9
32 10
32 11
32 12
32 13
33 8
33 9
33 10
33 11
33 12
34 8
34 9
34 10
35 8
35 9
35 10
35 11
35 12
35 13
35 14
35 15
36 8
36 9
36 10
36 11
36 12
36 13
36 14
37 8
37 9
37 10
37 11
37 12
37 13
37 14
38 8
38 9
38 10
38 11
38 12
38 13
38 14
0
No
0
Yes
24 48
25 47
25 48
25 49
26 46
26 47
26 48
26 49
27 46
27 47
27 48
27 49
28 45
28 46
28 47
28 48
28 49
29 39
29 40
29 41
29 42
29 43
29 44
29 45
29 46
29 47
29 48
29 49
30 40
30 41
30 42
30 43
30 44
30 45
30 46
30 47
30 48
30 49
31 40
31 41
31 42
31 43
31 44
31 45
31 46
31 47
31 48
31 49
32 40
32 41
32 42
32 43
32 44
32 45
32 46
32 47
32 48
32 49
33 40
33 41
33 42
33 43
33 44
33 45
33 46
33 47
33 48
33 49
34 40
34 41
34 42
34 43
34 44
34 45
34 46
34 47
34 48
34 49
35 40
35 41
35 42
35 43
35 44
35 45
35 46
35 47
35 48
35 49
36 40
36 41
36 42
36 43
36 44
36 45
36 46
36 47
36 48
36 49
37 40
37 41
37 42
37 43
37 44
37 45
37 46
37 47
37 48
37 49
0
Yes
27 33
28 33
28 34
29 33
29 34
29 35
29 36
29 37
30 33
30 34
30 35
30 36
30 37
31 33
31 34
31 35
31 36
31 37
32 33
32 34
32 35
32 36
32 37
0
Yes
29 38
30 38
31 38
31 39
32 38
32 39
33 31
33 32
33 33
33 34
33 35
33 36
33 37
33 38
33 39
34 31
34 32
34 33
34 34
34 35
34 36
34 37
34 38
34 39
35 31
35 32
35 33
35 34
35 35
35 36
35 37
35 38
35 39
36 31
36 32
36 33
36 34
36 35
36 36
36 37
36 38
36 39
37 31
37 32
37 33
37 34
37 35
37 36
37 37
37 38
37 39
38 31
38 32
38 33
38 34
38 35
38 36
38 37
38 38
38 39
38 40
39 31
39 32
39 33
39 34
39 35
39 36
39 37
39 38
39 39
39 40
40 37
40 38
0
Yes
9 28
10 28
11 28
12 28
13 28
13 29
14 28
14 29
14 30
14 31
14 32
14 33
14 34
15 28
15 29
15 30
15 31
15 32
15 33
15 34
16 24
16 25
16 26
16 27
16 28
16 29
16 30
16 31
16 32
16 33
16 34
17 24
17 25
17 26
17 27
17 28
17 29
17 30
17 31
17 32
17 33
17 34
18 24
18 25
18 26
18 27
18 28
18 29
18 30
18 31
18 32
18 33
18 34
19 24
19 25
19 26
19 27
19 28
19 29
19 30
19 31
19 32
19 33
19 34
20 26
20 27
20 28
20 29
0
Yes
14 0
14 1
14 2
15 0
15 1
15 2
16 0
16 1
16 2
16 3
16 4
16 5
16 6
17 0
17 1
17 2
17 3
17 4
17 5
18 0
18 1
18 2
18 3
18 4
19 0
19 1
19 2
19 3
19 4
20 0
20 1
20 2
20 3
20 4
20 5
21 0
21 1
21 2
21 3
21 4
21 5
22 0
22 1
22 2
22 3
22 4
22 5
23 0
23 1
23 2
23 3
23 4
23 5
24 0
24 1
24 2
24 3
24 4
24 5
25 2
25 3
25 4
25 5
26 2
26 3
0
Yes
16 19
16 20
16 21
16 22
16 23
17 19
17 20
17 21
17 22
17 23
18 18
18 19
18 20
18 21
18 22
18 23
19 19
19 20
19 21
19 22
19 23
20 20
20 21
20 22
20 23
20 24
21 21
21 22
21 23
21 24
22 20
22 21
22 22
22 23
22 24
23 19
23 20
23 21
23 22
23 23
23 24
24 18
24 19
24 20
24 21
24 22
24 23
24 24
25 18
25 19
25 20
25 21
25 22
0
Yes
21 25
21 26
21 27
22 25
22 26
22 27
23 25
23 26
23 27
24 25
24 26
24 27
25 16
25 17
25 24
25 25
25 26
25 27
26 16
26 17
26 18
26 19
26 20
26 21
26 22
26 23
26 24
26 25
26 26
26 27
27 16
27 17
27 18
27 19
27 20
27 21
27 22
27 23
27 24
27 25
27 26
27 27
28 18
28 19
28 20
28 21
28 22
28 23
28 24
28 25
28 26
29 19
29 20
29 21
29 22
29 23
29 24
30 21
30 22
30 23
30 24
31 21
31 22
31 23
31 24
32 21
32 22
32 23
32 24
33 21
33 22
33 23
33 24
34 21
34 22
34 23
34 24
34 25
34 26
35 25
0
No
0
Yes
0 19
0 20
0 21
0 22
1 18
1 19
1 20
1 21
2 18
2 19
2 20
2 21
3 18
3 19
3 20
3 21
4 21
5 21
5 22
0
Yes
13 35
13 36
13 37
13 38
14 35
14 36
14 37
14 38
15 35
15 36
15 37
16 35
0
Yes
2 32
2 33
2 34
3 32
3 33
3 34
3 35
3 36
3 37
4 32
4 33
4 34
4 35
4 36
4 37
4 38
4 39
4 40
5 37
5 38
5 39
5 40
5 41
6 37
6 38
6 39
6 40
6 41
7 37
7 38
7 39
7 40
7 41
8 37
8 38
8 39
8 40
9 37
9 38
10 34
10 35
10 36
10 37
10 38
11 34
0
Yes
9 28
10 28
10 29
10 30
11 28
11 29
11 30
11 31
11 32
11 33
11 36
11 37
11 38
12 28
12 29
12 30
12 31
12 32
12 33
12 34
12 35
12 36
12 37
12 38
12 39
13 28
13 29
13 30
13 31
13 32
13 33
13 34
14 28
14 29
14 30
14 31
14 32
14 33
14 34
15 28
15 29
15 30
15 31
15 32
15 33
15 34
16 19
16 20
16 21
16 22
16 23
16 24
16 25
16 26
16 27
16 28
16 29
16 30
16 31
16 32
16 33
16 34
17 19
17 20
17 21
17 22
17 23
17 24
17 25
17 26
17 27
17 28
17 29
17 30
17 31
17 32
17 33
17 34
17 35
17 36
18 19
18 20
18 21
18 22
18 23
18 24
18 25
18 26
18 27
18 28
18 29
18 30
18 31
18 32
18 33
18 34
18 35
18 36
19 19
19 20
19 21
19 22
19 23
19 24
19 25
19 26
19 27
19 28
19 29
19 30
19 31
19 32
19 33
19 34
19 35
20 20
20 21
20 22
20 23
20 24
20 25
20 26
20 27
20 28
20 29
20 30
20 31
20 32
20 33
20 34
20 35
21 30
21 31
21 32
21 33
21 34
21 35
0
Yes
14 0
14 1
14 2
15 0
15 1
15 2
16 0
16 1
16 2
16 3
16 4
16 5
16 6
17 0
17 1
17 2
17 3
17 4
17 5
18 0
18 1
18 2
18 3
18 4
19 0
19 1
19 2
19 3
19 4
20 0
20 1
20 2
20 3
20 4
20 5
21 0
21 1
21 2
21 3
21 4
21 5
22 0
22 1
22 2
22 3
22 4
22 5
22 7
22 8
23 0
23 1
23 2
23 3
23 4
23 5
23 6
23 7
23 8
24 0
24 1
24 2
24 3
24 4
24 5
24 6
24 7
24 8
25 0
25 1
25 2
25 3
25 4
25 5
25 6
25 7
25 8
26 0
26 1
26 2
26 3
26 4
26 5
26 6
26 7
26 8
27 0
27 1
27 2
27 3
27 4
27 5
27 6
27 7
28 0
28 1
28 2
28 3
28 4
28 5
28 6
28 7
29 0
29 1
29 2
29 3
29 4
29 5
29 6
29 7
0
Yes
15 39
16 37
16 38
16 39
16 40
16 41
17 37
17 38
17 39
17 40
18 37
18 38
18 39
18 40
19 37
19 38
19 39
19 40
19 41
19 42
19 43
20 36
20 37
20 38
20 39
20 41
20 42
21 36
21 37
21 38
21 39
21 41
21 42
22 33
22 34
22 35
22 36
22 37
22 38
22 39
23 33
23 34
23 35
23 36
23 37
23 38
23 39
23 40
24 33
24 34
24 35
24 36
24 37
24 38
24 39
24 40
24 41
24 42
24 43
25 35
25 36
25 37
25 38
25 39
25 40
25 41
25 42
25 43
26 35
26 36
26 37
26 38
26 39
26 40
26 41
26 42
26 43
27 35
27 36
27 37
27 38
27 39
27 40
27 41
27 42
0
Yes
0 23
0 24
0 25
0 26
1 23
1 24
1 25
2 23
2 24
2 25
0
Yes
7 10
8 10
9 7
9 8
9 9
9 10
10 5
10 6
10 7
10 8
10 9
10 10
10 11
11 5
11 6
11 7
11 8
11 9
11 10
12 5
12 6
12 7
12 8
12 9
13 5
13 6
13 7
13 8
13 9
13 10
14 9
0
Yes
11 45
12 45
13 41
13 43
13 44
13 45
14 41
14 42
14 43
14 44
14 45
14 46
15 41
15 42
15 43
15 44
15 45
15 46
15 47
16 45
16 46
16 47
0
Yes
19 10
20 8
20 9
20 10
21 8
21 9
21 10
22 9
22 10
22 11
23 9
23 10
24 9
24 10
25 9
25 10
26 9
26 10
27 9
27 10
28 8
28 9
28 10
29 8
29 9
29 10
30 8
30 9
0
Yes
21 21
21 22
21 23
21 24
22 20
22 21
22 22
22 23
22 24
23 19
23 20
23 21
23 22
23 23
23 24
24 19
24 20
24 21
24 22
24 23
25 20
25 21
25 22
0
Yes
2 22
3 22
3 23
3 24
3 25
4 23
4 24
4 25
5 23
5 24
5 25
6 23
0
Yes
2 32
2 33
2 34
3 32
3 33
3 34
3 35
3 36
3 37
4 32
4 33
4 34
4 35
4 36
4 37
4 38
4 39
4 40
5 37
5 38
5 39
5 40
5 41
6 37
6 38
6 39
6 40
6 41
7 37
7 38
7 39
7 40
7 41
8 37
8 38
8 39
8 40
9 37
9 38
10 34
10 35
10 36
10 37
10 38
10 39
10 40
0
Yes
13 4
14 0
14 1
14 2
14 3
14 4
14 5
14 6
14 7
15 0
15 1
15 2
15 3
15 4
15 5
15 6
16 0
16 1
16 2
16 3
16 4
16 5
16 6
17 0
17 1
17 2
17 3
17 4
17 5
18 0
18 1
18 2
18 3
18 4
19 0
19 1
19 2
19 3
19 4
20 0
20 1
20 2
20 3
20 4
20 5
21 0
21 1
21 2
21 3
21 4
21 5
22 0
22 1
22 2
22 3
22 4
22 5
22 7
23 0
23 1
23 2
23 3
23 4
23 5
23 6
23 7
23 8
24 0
24 1
24 2
24 3
24 4
24 5
24 6
24 7
24 8
25 0
25 1
25 2
25 3
25 4
25 5
25 6
25 7
25 8
26 0
26 1
26 2
26 3
26 4
26 5
26 6
26 7
26 8
27 0
27 1
27 2
27 3
27 4
27 5
27 6
27 7
28 0
28 1
28 2
28 3
28 4
28 5
28 6
28 7
29 0
29 1
29 2
29 3
29 4
29 5
29 6
29 7
30 0
30 1
30 2
30 3
30 4
30 5
30 6
30 7
31 0
31 1
31 2
32 0
32 1
32 2
33 0
33 1
33 2
33 3
33 4
0
Yes
2 32
2 33
2 34
3 32
3 33
3 34
3 35
3 36
3 37
4 32
4 33
4 34
4 35
4 36
4 37
4 38
4 39
4 40
5 37
5 38
5 39
5 40
5 41
6 37
6 38
6 39
6 40
6 41
7 37
7 38
7 39
7 40
7 41
8 37
8 38
8 39
8 40
9 37
0
Yes
32 19
32 20
33 18
33 19
33 20
34 18
34 19
34 20
35 17
35 18
35 19
35 20
35 21
35 22
36 17
36 18
36 19
36 20
36 21
36 22
37 18
37 19
37 20
37 21
0
Yes
3 49
4 49
5 49
6 49
7 46
7 47
7 48
7 49
8 47
8 48
8 49
9 49
0
Yes
33 5
33 6
34 0
34 1
34 2
34 3
34 4
34 5
34 6
34 7
35 0
35 1
35 2
35 3
35 4
35 5
35 6
35 7
36 0
36 1
36 2
36 3
36 4
36 5
36 6
36 7
37 0
37 1
37 2
37 3
37 4
37 5
37 6
37 7
38 0
38 1
38 2
38 3
38 4
38 5
38 6
38 7
39 0
39 1
39 2
39 3
39 4
39 5
39 6
39 7
39 8
39 9
39 10
39 11
39 12
39 13
40 0
40 1
40 2
40 3
40 4
40 5
40 7
40 8
40 9
40 10
40 11
40 12
40 13
41 0
41 1
41 2
41 3
41 4
41 8
41 9
41 10
41 11
41 12
41 13
42 0
42 1
42 2
42 4
42 8
42 9
42 10
42 11
42 12
43 0
43 1
43 2
43 8
43 9
43 10
43 11
43 12
44 0
44 1
44 2
44 3
44 7
44 8
44 9
44 10
44 11
44 12
45 0
45 1
45 2
45 3
45 4
45 5
45 6
45 7
45 8
45 9
0
Yes
13 39
13 40
14 39
14 40
15 39
15 40
16 37
16 38
16 39
16 40
16 41
17 37
17 38
17 39
17 40
18 37
18 38
18 39
18 40
19 37
19 38
19 39
19 40
19 41
19 42
19 43
20 36
20 37
20 38
20 39
20 41
20 42
21 36
21 37
21 38
21 39
21 41
21 42
22 34
22 35
22 36
22 37
22 38
22 39
23 34
23 35
23 36
23 37
23 38
23 39
23 40
24 34
24 35
24 36
24 37
24 38
24 39
24 40
24 41
24 42
25 35
25 36
25 37
25 38
25 39
25 40
25 41
25 42
26 35
26 36
26 37
26 38
26 39
26 40
26 41
26 42
27 39
0
Yes
22 28
23 28
23 29
24 28
24 29
25 28
25 29
26 28
26 29
26 30
27 28
27 29
27 30
28 28
28 29
29 26
29 27
29 28
29 29
29 30
29 31
29 32
30 25
30 26
30 27
30 28
30 29
30 30
30 31
30 32
31 25
31 26
31 27
31 28
31 29
31 30
31 31
31 32
32 25
32 26
32 27
32 28
32 29
32 30
32 31
32 32
33 26
33 27
33 28
33 29
33 30
34 27
34 28
34 29
34 30
35 27
35 28
35 29
35 30
36 27
36 28
36 29
36 30
37 28
37 29
37 30
38 28
38 29
38 30
39 29
39 30
40 29
40 30
40 31
41 28
41 29
41 30
41 31
42 27
42 28
42 29
42 30
42 31
43 28
0
Yes
33 5
33 6
34 0
34 1
34 2
34 3
34 4
34 5
34 6
34 7
35 0
35 1
35 2
35 3
35 4
35 5
35 6
35 7
36 0
36 1
36 2
36 3
36 4
36 5
36 6
36 7
37 0
37 1
37 2
37 3
37 4
37 5
37 6
37 7
38 0
38 1
38 2
38 3
38 4
38 5
38 6
38 7
39 0
39 1
39 2
39 3
39 4
39 5
39 6
39 7
39 8
39 9
39 10
40 0
40 1
40 2
40 3
40 4
40 5
40 7
40 8
40 9
40 10
41 0
41 1
41 2
41 3
41 4
41 8
41 9
41 10
42 4
0
Yes
37 15
38 15
38 16
39 11
39 12
39 13
39 14
39 15
39 16
39 17
40 11
40 12
40 13
40 15
40 16
40 17
41 11
41 12
41 13
41 15
41 17
42 2
42 8
42 9
42 10
42 11
42 12
43 2
43 8
43 9
43 10
43 11
43 12
43 13
44 2
44 3
44 7
44 8
44 9
44 10
44 11
44 12
44 13
45 2
45 3
45 4
45 5
45 6
45 7
45 8
45 9
45 10
45 12
46 2
46 3
46 4
46 5
46 6
46 7
46 8
46 9
46 10
46 12
47 2
47 3
47 4
47 5
47 6
47 7
47 8
48 2
48 3
48 4
48 5
48 6
48 7
48 8
48 9
48 10
49 2
49 3
49 4
49 5
49 6
49 7
49 8
49 9
0
Yes
38 41
38 42
38 43
38 44
38 45
38 46
38 47
38 48
38 49
39 41
39 42
39 43
39 44
39 45
39 46
39 47
39 48
39 49
40 32
40 33
40 34
40 35
40 40
40 41
40 42
40 43
40 44
40 45
40 46
40 47
40 48
40 49
41 32
41 33
41 34
41 35
41 36
41 37
41 38
41 39
41 40
41 41
41 42
41 43
41 44
41 45
41 46
41 47
41 48
41 49
42 32
42 33
42 36
42 37
42 38
42 39
42 40
42 41
42 42
42 43
42 44
42 45
42 46
42 47
42 48
42 49
43 37
43 40
43 41
43 42
43 43
43 44
43 45
43 46
43 47
43 48
43 49
44 39
44 40
44 41
44 42
44 43
44 44
44 45
44 46
44 47
44 48
44 49
45 40
45 41
45 42
45 43
45 44
45 45
45 46
45 47
45 48
45 49
46 42
46 43
46 44
46 45
46 46
46 47
46 48
46 49
47 41
47 42
47 43
47 44
47 45
47 46
47 47
47 48
47 49
48 42
48 43
48 44
48 45
48 46
48 47
48 48
48 49
49 42
49 43
49 44
0
No
0
No
0
Yes
0 19
0 20
0 21
0 22
1 18
1 19
1 20
1 21
1 22
2 18
2 19
2 20
2 21
2 22
3 18
3 19
3 20
3 21
3 22
3 23
3 24
3 25
4 21
4 22
4 23
4 24
4 25
5 21
5 22
5 23
5 24
5 25
6 22
6 23
0
Yes
24 43
24 44
24 48
25 43
25 44
25 47
25 48
25 49
26 43
26 44
26 46
26 47
26 48
26 49
27 35
27 36
27 37
27 41
27 42
27 43
27 44
27 46
27 47
27 48
27 49
28 36
28 37
28 38
28 39
28 40
28 41
28 42
28 43
28 44
28 45
28 46
28 47
28 48
28 49
29 39
29 40
29 41
29 42
29 43
29 44
29 45
29 46
29 47
29 48
29 49
30 40
30 41
30 42
30 43
30 44
30 45
30 46
30 47
30 48
30 49
31 40
31 41
31 42
31 43
31 44
31 45
31 46
31 47
31 48
31 49
32 40
32 41
32 42
32 43
32 44
32 45
32 46
32 47
32 48
32 49
33 40
33 41
33 42
33 43
33 44
33 45
33 46
33 47
33 48
33 49
34 40
34 41
34 42
34 43
34 44
34 45
34 46
34 47
34 48
34 49
35 40
35 41
35 42
35 43
35 44
35 45
35 46
35 47
35 48
35 49
36 40
36 41
36 42
36 43
36 44
36 45
36 46
36 47
36 48
36 49
37 41
37 42
37 43
37 44
37 45
37 46
0
No
0
Yes
5 32
5 33
5 34
5 35
6 28
6 29
6 30
6 31
6 32
6 33
6 34
6 35
6 36
7 28
7 29
7 30
7 31
7 32
7 33
7 34
7 35
7 36
8 28
8 29
8 30
8 31
8 32
8 33
8 34
8 35
9 30
9 31
9 32
9 33
9 34
9 35
0
No
0
No
0
No
0
No
0
Yes
37 15
38 15
38 16
39 11
39 12
39 13
39 14
39 15
39 16
39 17
40 11
40 12
40 13
40 15
40 16
40 17
41 11
41 12
41 13
41 15
41 17
42 1
42 2
42 8
42 9
42 10
42 11
42 12
43 1
43 2
43 8
43 9
43 10
43 11
43 12
43 13
44 1
44 2
44 3
44 7
44 8
44 9
44 10
44 11
44 12
44 13
45 1
45 2
45 3
45 4
45 5
45 6
45 7
45 8
45 9
45 10
45 12
46 1
46 2
46 3
46 4
46 5
46 6
46 7
46 8
46 9
46 10
46 12
47 1
47 2
47 3
47 4
47 5
47 6
47 7
47 8
48 1
48 2
48 3
48 4
48 5
48 6
48 7
48 8
48 9
48 10
49 2
49 3
49 4
49 5
49 6
49 7
49 8
49 9
0
No
0
Yes
43 30
43 31
43 32
43 33
44 27
44 28
44 29
44 30
44 31
45 26
45 27
45 28
45 29
45 30
45 31
45 32
46 26
46 27
46 28
46 29
46 30
46 31
47 26
47 27
47 28
47 29
47 30
47 31
48 27
48 28
48 29
48 30
48 31
0
Yes
7 10
8 10
9 7
9 8
9 9
9 10
10 5
10 6
10 7
10 8
10 9
10 10
10 11
11 5
11 6
11 7
11 8
11 9
11 10
12 5
12 6
12 7
12 8
12 9
13 4
13 5
13 6
13 7
13 8
13 9
13 10
14 0
14 1
14 2
14 3
14 4
14 5
14 6
14 7
14 9
15 0
15 1
15 2
15 3
15 4
15 5
15 6
16 0
16 1
16 2
16 3
16 4
16 5
16 6
17 0
17 1
17 2
17 3
17 4
17 5
18 0
18 1
18 2
18 3
18 4
0
Yes
19 0
19 1
19 2
19 3
19 4
19 10
20 0
20 1
20 2
20 3
20 4
20 5
20 8
20 9
20 10
21 0
21 1
21 2
21 3
21 4
21 5
21 8
21 9
21 10
22 0
22 1
22 2
22 3
22 4
22 5
22 7
22 8
22 9
22 10
22 11
23 0
23 1
23 2
23 3
23 4
23 5
23 6
23 7
23 8
23 9
23 10
24 0
24 1
24 2
24 3
24 4
24 5
24 6
24 7
24 8
24 9
24 10
25 0
25 1
25 2
25 3
25 4
25 5
25 6
25 7
25 8
25 9
25 10
26 0
26 1
26 2
26 3
26 4
26 5
26 6
26 7
26 8
26 9
26 10
27 0
27 1
27 2
27 3
27 4
27 5
27 6
27 7
27 8
27 9
27 10
28 0
28 1
28 2
28 3
28 4
28 5
28 6
28 7
28 8
28 9
28 10
29 0
29 1
29 2
29 3
29 4
29 5
29 6
29 7
29 8
29 9
29 10
30 0
30 1
30 2
30 3
30 4
30 5
30 6
30 7
30 8
30 9
31 0
31 1
31 2
32 0
32 1
32 2
33 0
33 1
33 2
0
Yes
0 46
0 47
0 48
0 49
1 46
1 47
1 48
1 49
2 46
2 47
2 48
2 49
3 49
4 49
0
No
0
Yes
33 3
33 4
33 5
33 6
34 0
34 1
34 2
34 3
34 4
34 5
34 6
34 7
35 0
35 1
35 2
35 3
35 4
35 5
35 6
35 7
36 0
36 1
36 2
36 3
36 4
36 5
36 6
36 7
37 0
37 1
37 2
37 3
37 4
37 5
37 6
37 7
38 0
38 1
38 2
38 3
38 4
38 5
38 6
38 7
39 0
39 1
39 2
39 3
39 4
39 5
39 6
39 7
0
No
0
Yes
0 46
0 47
0 48
0 49
1 46
1 47
1 48
1 49
2 46
2 47
2 48
2 49
0
Yes
37 48
37 49
38 41
38 42
38 43
38 44
38 45
38 46
38 47
38 48
38 49
39 41
39 42
39 43
39 44
39 45
39 46
39 47
39 48
39 49
40 40
40 41
40 42
40 43
40 44
40 45
40 46
40 47
40 48
40 49
41 40
41 41
41 42
41 43
41 44
41 45
41 46
41 47
41 48
41 49
42 40
42 41
42 42
42 43
42 44
42 45
42 46
42 47
42 48
42 49
43 40
43 41
43 42
43 43
43 44
43 45
43 46
43 47
43 48
43 49
44 40
44 41
44 42
44 43
44 44
44 45
44 46
44 47
44 48
44 49
45 40
45 41
45 42
45 43
45 44
45 45
45 46
45 47
45 48
45 49
46 42
46 43
46 44
46 45
46 46
46 47
46 48
46 49
47 42
47 43
47 44
47 45
47 46
47 47
47 48
47 49
48 42
48 43
48 44
48 45
48 46
48 47
48 48
48 49
49 46
49 47
49 48
49 49
0
Yes
37 48
37 49
38 42
38 43
38 44
38 45
38 46
38 47
38 48
38 49
39 42
39 43
39 44
39 45
39 46
39 47
39 48
39 49
40 43
40 44
40 45
40 46
40 47
40 48
40 49
41 43
41 44
41 45
41 46
41 47
41 48
41 49
42 43
42 44
42 45
42 46
42 47
42 48
42 49
43 43
43 44
43 45
43 46
43 47
43 48
43 49
0
No
0
No
0
Yes
37 15
38 15
38 16
39 8
39 9
39 10
39 11
39 12
39 13
39 14
39 15
39 16
39 17
40 7
40 8
40 9
40 10
40 11
40 12
40 13
40 15
40 16
40 17
41 2
41 8
41 9
41 10
41 11
41 12
41 13
41 15
41 17
42 2
42 8
42 9
42 10
42 11
42 12
43 2
43 8
43 9
43 10
43 11
43 12
43 13
44 2
44 3
44 7
44 8
44 9
44 10
44 11
44 12
44 13
45 2
45 3
45 4
45 5
45 6
45 7
45 8
45 9
45 10
45 12
46 2
46 3
46 4
46 5
46 6
46 7
46 8
46 9
46 10
46 12
47 2
47 3
47 4
47 5
47 6
47 7
47 8
48 2
48 3
48 4
48 5
48 6
48 7
48 8
48 9
48 10
49 2
49 3
49 4
49 5
49 6
49 7
49 8
49 9
0
Yes
27 33
28 33
28 34
29 33
29 34
29 35
29 36
29 37
30 33
30 34
30 35
30 36
30 37
30 38
31 33
31 34
31 35
31 36
31 37
31 38
31 39
32 33
32 34
32 35
32 36
32 37
32 38
32 39
33 32
33 33
33 34
33 35
33 36
33 37
33 38
33 39
34 31
34 32
34 33
34 34
34 35
34 36
34 37
34 38
34 39
35 31
35 32
35 33
35 34
35 35
35 36
35 37
35 38
35 39
36 31
36 32
36 33
36 34
36 35
36 36
36 37
36 38
36 39
37 31
37 32
37 33
37 34
37 35
37 36
37 37
37 38
37 39
38 31
38 32
38 33
38 34
38 35
38 36
38 37
38 38
38 39
38 40
38 41
39 32
39 33
39 34
39 35
39 36
39 37
39 38
39 39
39 40
40 32
40 33
40 34
40 35
40 36
40 37
40 38
40 39
40 40
41 32
41 33
41 34
41 35
41 36
41 37
41 38
41 39
41 40
42 32
42 33
42 36
42 37
42 38
42 39
42 40
43 31
43 32
43 33
0
No
0
Yes
0 0
0 1
0 2
0 3
0 4
0 5
0 6
0 7
0 8
1 0
1 3
1 4
1 7
2 0
2 3
2 7
2 8
3 8
3 9
3 10
4 6
4 7
4 8
4 9
4 10
5 8
5 9
0
Yes
0 19
0 20
0 21
0 22
0 23
1 18
1 19
1 20
1 21
1 22
1 23
2 18
2 19
2 20
2 21
2 22
3 18
3 19
3 20
3 21
3 22
0
Yes
0 24
0 25
0 26
0 27
0 28
0 29
0 30
1 24
1 25
1 26
1 27
1 28
1 29
1 30
2 24
2 25
2 26
2 27
2 28
2 29
2 30
3 23
3 24
3 25
3 26
3 27
3 28
3 29
3 30
4 23
4 24
4 25
4 26
4 27
4 28
4 29
5 23
5 24
5 25
5 26
5 27
5 28
5 29
0
Yes
0 31
0 32
0 33
0 34
0 35
0 36
0 37
0 38
0 39
0 40
0 41
0 42
0 43
0 44
0 45
1 31
1 32
1 33
1 34
1 35
1 36
1 37
1 38
1 39
1 40
1 41
1 42
1 43
1 44
1 45
2 31
2 36
2 37
2 38
2 39
2 40
2 41
2 42
2 43
2 44
2 45
3 31
3 39
3 40
3 41
3 42
3 43
3 44
3 45
3 46
4 31
4 42
4 43
4 44
4 45
4 46
5 42
5 43
5 44
5 45
6 42
6 43
6 44
6 45
0
Yes
0 31
0 32
0 33
0 34
0 35
0 36
0 37
0 38
0 39
1 31
1 32
1 33
1 34
1 35
1 36
1 37
1 38
1 39
2 31
2 36
2 37
2 38
2 39
3 31
4 31
5 30
5 31
5 32
5 33
5 34
6 29
6 30
6 31
6 32
6 33
6 34
7 29
7 30
7 31
7 32
7 33
7 34
8 31
0
Yes
0 40
0 41
0 42
0 43
0 44
0 45
1 40
1 41
1 42
1 43
1 44
1 45
2 40
2 41
2 42
2 43
2 44
2 45
3 39
3 40
3 41
3 42
3 43
3 44
3 45
3 46
3 47
3 48
3 49
4 42
4 43
4 44
4 45
4 46
4 47
4 48
4 49
5 42
5 43
5 44
5 45
5 46
5 47
5 48
5 49
6 42
6 43
6 44
6 45
6 46
6 47
6 48
6 49
7 42
7 43
7 46
7 47
7 48
7 49
8 46
0
Yes
13 36
13 37
13 38
13 39
13 40
14 35
14 36
14 37
14 38
14 39
14 40
15 35
15 36
15 37
15 38
15 39
15 40
16 36
16 37
16 38
16 39
16 40
16 41
17 37
17 38
17 39
17 40
18 37
18 38
18 39
18 40
19 37
19 38
19 39
19 40
19 41
19 42
19 43
20 36
20 37
20 38
20 39
20 41
20 42
21 36
21 37
21 38
21 39
21 41
21 42
22 32
22 33
22 34
22 35
22 36
22 37
22 38
22 39
23 33
23 34
23 35
23 36
23 37
23 38
23 39
24 33
24 34
24 35
24 36
24 37
24 38
24 39
25 35
25 36
25 37
25 38
25 39
26 35
26 36
26 37
26 38
26 39
0
No
0
Yes
22 28
23 28
23 29
24 28
24 29
25 28
25 29
26 28
26 29
26 30
27 28
27 29
27 30
28 28
28 29
29 26
29 27
29 28
29 29
29 30
30 26
30 27
30 28
30 29
30 30
31 27
31 28
31 29
0
Yes
4 21
4 22
5 21
5 22
6 22
0
Yes
29 31
29 32
30 25
30 31
30 32
31 25
31 31
31 32
32 25
32 26
32 27
32 28
32 29
32 30
32 31
33 26
33 27
33 28
33 29
33 30
34 27
34 28
34 29
34 30
35 27
35 28
35 29
35 30
36 27
36 28
36 29
36 30
37 28
37 29
37 30
38 28
38 29
38 30
39 29
39 30
40 29
40 30
40 31
41 28
41 29
41 30
41 31
42 26
42 27
42 28
42 29
42 30
43 28
43 29
43 30
44 27
44 28
44 29
44 30
44 31
45 26
45 27
45 28
45 29
45 30
45 31
45 32
46 25
46 26
46 27
46 28
46 29
46 30
46 31
47 25
47 26
47 27
47 28
47 29
47 30
47 31
48 25
48 26
48 27
48 28
48 29
48 30
48 31
48 33
48 34
49 26
49 27
49 28
49 29
49 30
49 31
49 32
49 33
49 34
0
Yes
0 0
0 1
0 2
0 3
0 4
0 5
1 0
1 3
1 4
2 0
0
No
0
Yes
0 6
0 7
0 8
1 7
2 7
2 8
3 8
3 9
4 8
0
No
0
Yes
3 10
4 10
5 8
5 9
5 10
5 11
6 5
6 6
6 7
6 8
6 9
6 10
6 11
7 7
7 8
7 9
7 11
7 13
8 5
8 6
8 7
8 8
8 11
8 12
8 13
8 14
8 16
8 17
8 18
9 12
9 13
9 14
9 15
9 16
9 17
9 18
10 15
10 16
10 17
10 18
0
Yes
4 19
4 20
4 21
4 22
5 18
5 19
5 20
5 21
5 22
6 19
6 20
6 21
6 22
6 23
6 24
6 25
6 26
7 19
7 20
7 21
7 22
7 23
7 24
7 25
7 26
8 19
8 20
8 21
8 22
8 23
8 24
8 25
8 26
9 19
9 20
9 21
9 22
9 23
9 24
9 25
9 26
10 19
10 20
10 21
10 22
10 23
10 24
10 25
10 26
11 17
11 18
11 19
11 20
11 21
11 22
11 23
11 24
11 25
11 26
12 17
12 18
12 19
12 20
12 21
12 22
12 23
12 24
12 25
12 26
13 17
13 18
13 19
13 20
13 21
13 22
13 23
0
No
0
Yes
6 27
6 28
7 27
7 28
8 27
8 28
8 29
9 27
10 27
11 27
12 27
13 25
13 26
13 27
14 18
14 19
14 20
14 21
14 22
14 23
14 24
14 25
14 26
14 27
15 19
15 20
15 21
15 22
15 23
15 24
15 25
15 26
0
Yes
5 35
6 35
6 36
7 35
7 36
8 33
8 34
8 35
8 36
9 30
9 31
9 32
9 33
9 34
9 35
9 36
10 32
10 33
10 34
10 35
10 36
10 37
10 38
10 39
0
Yes
2 33
2 34
3 33
3 34
0
Yes
3 35
3 36
3 37
3 38
4 33
4 34
4 35
4 36
4 37
4 38
4 39
5 35
5 36
5 37
5 38
5 39
6 35
6 36
6 37
6 38
6 39
7 35
7 36
7 37
7 38
7 39
8 35
0
Yes
4 40
5 40
5 41
6 40
6 41
7 40
7 41
8 33
8 34
8 37
8 38
8 39
8 40
9 30
9 31
9 32
9 33
9 34
9 35
9 36
9 37
9 38
10 30
10 31
10 32
10 33
10 34
10 35
10 36
10 37
10 38
10 39
10 40
11 30
11 31
11 32
11 33
11 34
11 35
11 36
11 37
11 38
12 30
12 31
12 32
12 33
12 34
12 35
12 36
12 37
12 38
12 39
0
Yes
24 11
25 11
25 12
26 11
26 12
26 13
27 11
28 11
28 12
29 11
30 11
31 4
31 5
31 6
31 7
31 8
31 9
31 10
31 11
31 12
32 3
32 4
32 5
32 6
32 7
32 8
32 9
32 10
32 11
32 12
32 13
33 3
33 4
33 5
33 6
33 7
33 8
33 9
33 10
33 11
33 12
34 0
34 1
34 2
34 3
34 4
34 5
34 6
34 7
34 8
34 9
34 10
35 0
35 1
35 2
35 3
35 4
35 5
35 6
35 7
35 8
35 9
35 10
35 11
35 12
35 13
35 14
35 15
36 0
36 1
36 2
36 3
36 4
36 5
36 6
36 7
36 8
36 9
36 10
36 11
36 12
36 13
36 14
36 15
37 0
37 1
37 2
37 3
37 4
37 5
37 6
37 7
37 8
37 9
37 10
37 11
37 12
37 13
37 14
38 0
38 1
38 2
38 3
38 4
38 5
38 6
38 7
38 8
38 9
38 10
38 11
38 12
38 13
39 0
39 1
39 2
39 3
39 4
39 5
39 6
40 0
40 1
40 2
40 3
40 4
40 5
41 0
41 1
41 3
41 4
42 0
42 1
42 4
43 0
43 1
44 0
44 1
45 0
45 1
46 0
46 1
47 0
47 1
48 1
0
No
0
Yes
9 29
10 28
10 29
11 28
11 29
12 28
12 29
13 28
13 29
13 30
13 31
13 32
13 33
13 34
14 28
14 29
14 30
14 31
14 32
14 33
14 34
15 28
15 29
15 30
15 31
15 32
15 33
15 34
16 19
16 20
16 21
16 22
16 23
16 24
16 25
16 26
16 27
16 28
16 29
16 30
16 31
16 32
16 33
16 34
17 19
17 20
17 21
17 22
17 23
17 24
17 25
17 26
17 27
17 28
17 29
17 30
17 31
17 32
17 33
17 34
17 35
18 18
18 19
18 20
18 21
18 22
18 23
18 24
18 25
18 26
18 27
18 28
18 29
18 30
18 31
18 32
18 33
18 34
18 35
18 36
19 19
19 20
19 21
19 22
19 23
19 24
19 25
19 26
19 27
19 28
19 29
19 30
19 31
19 32
19 33
19 34
19 35
20 20
20 21
20 22
20 23
20 24
20 25
20 26
20 27
20 28
20 29
20 30
20 31
20 32
20 33
20 34
20 35
21 21
21 22
21 23
21 24
21 30
21 31
21 32
21 33
21 34
22 20
22 21
22 22
22 23
22 24
23 19
23 20
23 21
23 22
23 23
23 24
24 19
24 20
24 21
24 22
24 23
25 19
25 20
25 21
25 22
0
Yes
24 11
25 11
25 12
26 11
26 12
26 13
27 11
28 11
28 12
29 11
30 11
31 6
31 7
31 8
31 9
31 10
31 11
31 12
32 6
32 7
32 8
32 9
32 10
32 11
32 12
32 13
33 6
33 7
33 8
33 9
33 10
33 11
33 12
34 6
34 7
34 8
34 9
34 10
35 7
35 8
35 9
35 10
0
Yes
31 4
31 5
32 3
32 4
32 5
33 3
33 4
33 5
34 0
34 1
34 2
34 3
34 4
34 5
35 0
35 1
35 2
35 3
35 4
35 5
36 0
36 1
36 2
36 3
36 4
36 5
36 6
37 0
37 1
37 2
37 3
37 4
37 5
37 6
38 4
0
Yes
37 48
37 49
38 42
38 43
38 44
38 45
38 46
38 47
38 48
38 49
39 42
39 43
39 44
39 45
39 46
39 47
39 48
39 49
40 42
40 43
40 44
40 45
40 46
40 47
40 48
40 49
41 42
41 43
41 44
41 45
41 46
41 47
41 48
41 49
42 42
42 43
42 44
42 45
42 46
42 47
42 48
42 49
43 42
43 43
43 44
43 45
43 46
43 47
43 48
43 49
44 42
44 43
44 44
44 45
44 46
44 47
44 48
44 49
45 42
45 43
45 44
45 45
45 46
45 47
45 48
45 49
46 45
46 46
46 47
46 48
46 49
0
No
0
Yes
24 11
25 11
25 12
26 11
26 12
26 13
27 11
28 11
28 12
29 11
30 11
31 6
31 7
31 8
31 9
31 10
31 11
31 12
32 6
32 7
32 8
32 9
32 10
32 11
32 12
32 13
33 6
33 7
33 8
33 9
33 10
33 11
33 12
34 6
34 7
34 8
34 9
34 10
35 7
35 8
35 9
35 10
35 11
35 12
35 13
35 14
35 15
36 7
36 8
36 9
36 10
36 11
36 12
36 13
36 14
36 15
37 7
37 8
37 9
37 10
37 11
37 12
37 13
37 14
38 6
38 7
38 8
38 9
38 10
38 11
38 12
38 13
39 5
39 6
0
Yes
3 10
4 10
5 8
5 9
5 10
5 11
6 5
6 6
6 7
6 8
6 9
6 10
6 11
7 7
7 8
7 9
7 11
8 7
8 8
8 11
8 12
0
No
0
No
0
No
0
Yes
0 46
0 47
1 46
1 47
0
Yes
32 19
32 20
33 18
33 19
33 20
34 18
34 19
34 20
35 17
35 18
35 19
35 20
35 21
35 22
35 23
36 17
36 18
36 19
36 20
36 21
36 22
37 18
37 19
37 20
37 21
37 22
38 18
38 19
38 20
0
No
0
Yes
7 13
8 13
8 14
8 16
8 17
8 18
9 12
9 13
9 14
9 15
9 16
9 17
10 15
10 16
10 17
0
Yes
10 0
10 1
11 0
11 1
11 2
12 0
12 1
12 2
13 0
13 1
13 2
0
No
0
Yes
6 27
6 28
7 27
7 28
8 27
8 28
8 29
9 27
10 27
11 27
12 27
13 25
13 26
13 27
14 23
14 24
14 25
14 26
14 27
15 23
15 24
15 25
15 26
0
Yes
22 28
23 28
23 29
24 28
24 29
25 28
25 29
26 28
26 29
26 30
27 28
27 29
27 30
28 28
28 29
29 26
29 27
29 28
29 29
29 30
30 26
30 27
30 28
30 29
30 30
31 28
0
No
0
No
0
Yes
0 48
0 49
1 48
1 49
2 47
2 48
2 49
0
Yes
4 19
4 20
4 21
4 22
5 18
5 19
5 20
5 21
6 19
6 20
6 21
0
Yes
6 22
6 23
6 24
7 21
7 22
7 23
7 24
8 22
0
Yes
6 25
6 26
7 25
7 26
8 24
8 25
8 26
9 23
9 24
9 25
9 26
10 23
10 24
10 25
10 26
0
Yes
7 13
8 13
8 14
8 16
8 17
9 12
9 13
9 14
9 15
9 16
9 17
10 15
10 16
0
Yes
7 19
7 20
8 18
8 19
8 20
9 18
9 19
9 20
9 21
9 22
10 18
10 19
10 20
10 21
10 22
11 16
11 17
11 18
11 19
11 20
11 21
11 22
11 23
11 24
11 25
11 26
12 17
12 18
12 19
12 20
12 21
12 22
12 23
12 24
12 25
13 17
13 18
13 19
13 20
13 21
13 22
13 23
14 17
14 18
14 19
14 20
14 21
14 22
15 16
15 17
15 19
15 20
15 21
15 22
16 19
16 20
16 21
16 22
17 19
17 20
17 21
17 22
18 18
18 19
18 20
18 21
18 22
0
Yes
9 29
10 28
10 29
11 28
11 29
12 28
12 29
13 28
13 29
13 30
13 31
13 32
13 33
13 34
14 28
14 29
14 30
14 31
14 32
14 33
14 34
15 28
15 29
15 30
15 31
15 32
15 33
15 34
16 28
16 29
16 30
16 31
16 32
16 33
16 34
17 28
17 29
17 30
17 31
17 32
17 33
17 34
0
Yes
2 33
2 34
3 32
3 33
0
Yes
16 23
16 24
16 25
16 26
16 27
17 23
17 24
17 25
17 26
17 27
18 23
18 24
18 25
18 26
18 27
18 28
18 29
18 30
18 31
19 19
19 20
19 21
19 22
19 23
19 24
19 25
19 26
19 27
19 28
19 29
19 30
19 31
20 20
20 21
20 22
20 23
20 24
20 25
20 26
20 27
20 28
20 29
20 30
20 31
21 21
21 22
21 23
21 24
21 25
21 26
21 27
22 20
22 21
22 22
22 23
22 24
22 25
22 26
22 27
23 20
23 21
23 22
23 23
23 24
23 25
23 26
23 27
24 20
24 21
24 22
24 23
24 24
24 25
24 26
24 27
25 20
25 21
25 22
25 23
25 24
25 25
25 26
25 27
26 21
26 22
26 23
26 24
0
Yes
27 33
28 33
28 34
29 33
29 34
29 35
29 36
29 37
30 33
30 34
30 35
30 36
30 37
30 38
31 33
31 34
31 35
31 36
31 37
31 38
31 39
32 33
32 34
32 35
32 36
32 37
32 38
32 39
33 32
33 33
33 34
33 35
33 36
33 37
33 38
33 39
34 31
34 32
34 33
34 34
34 35
34 36
34 37
34 38
34 39
35 31
35 32
35 33
35 34
35 35
35 36
35 37
35 38
35 39
36 31
36 32
36 33
36 34
36 35
36 36
36 37
36 38
36 39
37 31
37 32
37 33
37 34
37 35
37 36
37 37
37 38
0
Yes
23 19
24 18
24 19
25 16
25 17
25 18
25 19
26 15
26 16
26 17
26 18
26 19
27 16
27 17
27 18
27 19
27 20
27 21
27 22
27 23
27 24
27 25
28 18
28 19
28 20
28 21
28 22
28 23
28 24
28 25
29 19
29 20
29 21
29 22
29 23
29 24
29 25
30 21
30 22
30 23
30 24
31 21
31 22
31 23
31 24
0
Yes
37 48
37 49
38 37
38 38
38 39
38 40
38 41
38 42
38 43
38 44
38 45
38 46
38 47
38 48
38 49
39 37
39 38
39 39
39 40
39 41
39 42
39 43
39 44
39 45
39 46
39 47
39 48
39 49
40 37
40 38
40 39
40 40
40 41
40 42
40 43
40 44
40 45
40 46
40 47
40 48
40 49
41 37
41 38
41 39
41 40
41 41
41 42
41 43
41 44
41 45
41 46
41 47
41 48
41 49
42 37
42 38
42 39
42 40
42 41
42 42
42 43
42 44
42 45
42 46
42 47
42 48
42 49
43 40
43 41
43 42
43 43
43 44
43 45
43 46
43 47
43 48
43 49
44 40
44 41
44 42
44 43
44 44
44 45
44 46
44 47
44 48
44 49
45 40
45 41
45 42
45 43
45 44
45 45
45 46
45 47
45 48
45 49
46 42
46 43
46 44
46 45
46 46
46 47
46 48
46 49
47 42
47 43
47 44
47 45
47 46
47 47
47 48
47 49
48 42
48 43
48 44
48 45
48 46
48 47
48 48
48 49
49 46
49 47
49 48
49 49
0
No
0
Yes
0 0
0 1
0 2
0 3
1 0
2 0
0
Yes
3 10
4 10
5 8
5 9
5 10
5 11
6 8
6 9
6 10
6 11
0
Yes
23 19
24 18
24 19
25 16
25 17
25 18
25 19
26 15
26 16
26 17
26 18
26 19
27 16
27 17
27 18
27 19
27 20
27 21
27 22
27 23
28 18
28 19
28 20
28 21
28 22
28 23
29 19
29 20
29 21
29 22
0
Yes
23 40
24 40
24 41
24 42
24 43
24 44
25 40
25 41
25 42
25 43
25 44
26 40
26 41
26 42
26 43
26 44
26 46
26 47
27 35
27 36
27 37
27 38
27 39
27 40
27 41
27 42
27 43
27 44
27 46
27 47
28 36
28 37
28 38
28 39
28 40
28 41
28 42
28 43
28 44
28 45
28 46
28 47
29 39
29 40
29 41
29 42
29 43
29 44
29 45
29 46
29 47
30 40
30 41
30 42
30 43
30 44
30 45
30 46
31 40
31 41
31 42
31 43
31 44
31 45
31 46
32 40
32 41
32 42
32 43
32 44
32 45
32 46
33 40
33 41
33 42
33 43
33 44
33 45
33 46
0
Yes
24 48
25 47
25 48
25 49
26 48
26 49
27 48
27 49
28 48
28 49
29 48
29 49
30 48
30 49
31 47
31 48
31 49
32 47
32 48
32 49
33 47
33 48
33 49
34 43
34 44
34 45
34 46
34 47
34 48
34 49
35 43
35 44
35 45
35 46
35 47
35 48
35 49
36 43
36 44
36 45
36 46
36 47
36 48
36 49
37 46
0
No
0
No
0
Yes
0 40
0 41
0 42
1 40
1 41
1 42
2 40
0
No
0
Yes
0 43
0 44
0 45
1 43
1 44
1 45
2 42
2 43
2 44
2 45
2 46
3 42
3 43
3 44
3 45
3 46
4 42
4 43
4 44
4 45
4 46
0
Yes
0 48
0 49
1 48
1 49
2 47
2 48
2 49
3 47
3 48
3 49
4 47
4 48
4 49
5 46
5 47
5 48
5 49
6 46
6 47
6 48
6 49
0
Yes
6 5
6 6
6 7
7 7
7 8
7 9
7 10
7 11
8 5
8 6
8 7
8 8
8 9
8 10
8 11
9 7
9 8
9 9
9 10
9 11
10 3
10 5
10 6
10 7
10 8
10 9
10 10
10 11
11 3
11 5
11 6
11 7
11 8
11 9
11 10
12 3
12 5
12 6
12 7
12 8
12 9
13 3
13 4
13 5
13 6
13 7
13 8
13 9
14 2
14 3
14 4
14 5
14 6
14 7
15 2
15 3
15 4
15 5
15 6
16 2
16 3
16 4
16 5
16 6
17 3
17 4
17 5
0
Yes
2 33
2 34
3 32
3 33
3 34
4 33
4 34
0
Yes
23 19
24 18
24 19
25 16
25 17
25 18
25 19
26 15
26 16
26 17
26 18
26 19
26 26
26 27
27 16
27 17
27 18
27 19
27 20
27 21
27 22
27 23
27 24
27 25
27 26
27 27
28 18
28 19
28 20
28 21
28 22
28 23
28 24
28 25
28 26
29 19
29 20
29 21
29 22
29 23
29 24
29 25
30 21
30 22
30 23
30 24
30 25
31 21
31 22
31 23
31 24
31 25
32 19
32 20
32 21
32 22
32 23
32 24
32 25
33 18
33 19
33 20
33 21
33 22
33 23
33 24
33 25
34 18
34 19
34 20
34 21
34 22
34 23
34 24
34 25
35 17
35 18
35 19
35 20
35 21
35 22
35 23
35 24
35 25
36 17
36 18
36 19
36 20
36 21
36 22
36 23
36 24
37 18
37 19
0
Yes
0 31
0 32
0 33
0 34
0 35
0 36
0 37
0 38
0 39
1 31
1 32
1 33
1 34
1 35
1 36
1 37
1 38
1 39
2 31
2 35
2 36
2 37
2 38
2 39
3 31
3 35
3 36
3 37
3 38
3 39
3 40
3 41
4 31
4 35
4 36
4 37
4 38
4 39
5 30
5 31
5 32
5 33
5 34
5 35
5 36
5 37
5 38
5 39
6 27
6 28
6 29
6 30
6 31
6 32
6 33
6 34
6 35
6 36
6 37
6 38
6 39
7 27
7 28
7 29
7 30
7 31
7 32
7 33
7 34
7 35
7 36
7 37
7 38
8 27
8 28
8 29
8 30
8 31
9 27
10 27
11 27
12 27
13 25
13 26
13 27
14 24
14 25
14 26
14 27
15 23
15 24
15 25
15 26
15 27
0
Yes
27 33
28 33
28 34
29 31
29 32
29 33
29 34
29 35
29 36
29 37
30 31
30 32
30 33
30 34
30 35
30 36
30 37
30 38
31 30
31 31
31 32
31 33
31 34
31 35
31 36
31 37
31 38
31 39
32 28
32 29
32 30
32 31
32 32
32 33
32 34
32 35
32 36
32 37
32 38
32 39
33 28
33 29
33 30
33 31
33 32
33 33
33 34
33 35
33 36
33 37
33 38
33 39
34 28
34 29
34 30
34 31
34 32
34 33
34 34
34 35
34 36
34 37
34 38
34 39
35 28
35 29
35 30
35 31
35 32
35 33
35 34
35 35
35 36
35 37
35 38
35 39
36 28
36 29
36 30
36 31
36 32
36 33
36 34
36 35
36 36
36 37
36 38
36 39
37 29
37 30
37 31
37 32
37 33
37 34
37 35
37 36
0
Yes
0 31
0 32
0 33
0 34
0 35
0 36
0 37
0 38
0 39
1 31
1 32
1 33
1 34
1 35
1 36
1 37
1 38
1 39
2 31
2 35
2 36
2 37
2 38
2 39
3 31
3 35
3 36
3 37
3 38
3 39
4 31
4 35
4 36
4 37
4 38
4 39
5 30
5 31
5 32
5 33
5 34
5 35
5 36
6 30
6 31
6 32
6 33
6 34
7 30
7 31
7 32
7 33
0
Yes
22 28
23 28
23 29
24 28
24 29
25 28
25 29
26 28
26 29
26 30
27 28
27 29
27 30
28 28
28 29
29 27
29 28
29 29
29 30
30 26
30 27
30 28
30 29
31 26
31 27
31 28
32 26
32 27
0
No
0
Yes
38 28
38 29
38 30
38 31
38 32
38 33
38 34
38 35
39 29
39 30
39 31
39 32
39 33
39 34
39 35
40 29
40 30
40 31
40 32
40 33
40 34
40 35
41 28
41 29
41 30
41 31
41 32
41 33
41 34
41 35
42 26
42 27
42 28
42 29
42 30
42 31
42 32
42 33
43 28
43 29
43 30
43 31
43 32
43 33
44 27
44 28
44 29
44 30
44 31
0
No
0
Yes
0 19
0 20
0 21
0 22
0 23
1 18
1 19
1 20
1 21
1 22
1 23
2 18
2 19
2 20
2 21
2 22
3 18
3 19
3 20
3 21
3 22
4 19
4 20
4 21
4 22
5 18
5 19
5 20
5 21
5 22
6 19
6 20
6 21
6 22
6 23
6 24
7 19
7 20
7 21
7 22
7 23
8 18
8 19
8 20
8 21
8 22
9 18
9 19
9 20
9 21
9 22
9 27
10 18
10 19
10 20
10 21
10 22
10 27
11 16
11 17
11 18
11 19
11 20
11 21
11 22
11 23
11 24
11 25
11 26
11 27
12 17
12 18
12 19
12 20
12 21
12 22
12 23
12 24
12 25
12 26
12 27
13 17
13 18
13 19
13 20
13 21
13 22
13 23
13 24
13 25
13 26
13 27
14 17
14 18
14 19
14 20
14 21
14 22
14 23
14 24
14 25
14 26
14 27
15 16
15 17
15 19
15 20
15 21
15 22
15 23
15 24
15 25
15 26
15 27
16 19
16 20
16 21
16 22
17 19
17 20
17 21
17 22
18 19
18 20
18 21
0
Yes
0 4
0 5
0 6
1 4
0
No
0
Yes
0 7
0 8
1 7
2 7
2 8
3 8
3 9
3 10
4 6
4 7
4 8
4 9
4 10
5 8
5 9
0
Yes
16 24
16 25
16 26
16 27
17 23
17 24
17 25
17 26
17 27
18 23
18 24
18 25
18 26
18 27
18 28
18 29
19 20
19 21
19 22
19 23
19 24
19 25
19 26
19 27
19 28
19 29
20 20
20 21
20 22
20 23
20 24
20 25
20 26
20 27
20 28
20 29
21 21
21 22
21 23
21 24
21 25
21 26
21 27
22 21
22 22
22 23
22 24
22 25
22 26
22 27
23 21
23 22
23 23
23 24
23 25
23 26
0
No
0
No
0
Yes
22 20
22 28
23 20
23 28
23 29
24 20
24 21
24 22
24 23
24 24
24 25
24 26
24 27
24 28
24 29
25 20
25 21
25 22
25 23
25 24
25 25
25 26
25 27
25 28
25 29
26 21
26 22
26 23
26 24
26 28
26 29
26 30
27 28
27 29
27 30
28 28
28 29
29 27
29 28
29 29
30 26
30 27
30 28
30 29
31 26
31 27
0
No
0
Yes
38 28
38 29
38 30
38 31
38 32
38 33
38 34
38 35
39 29
39 30
39 31
39 32
39 33
39 34
39 35
40 29
40 30
40 31
40 32
40 33
40 34
40 35
41 28
41 29
41 30
41 31
41 32
41 33
41 34
42 26
42 27
42 28
42 29
42 30
42 31
42 32
42 33
43 28
43 29
43 30
43 31
43 32
43 33
44 28
44 29
44 30
44 31
0
No
0
Yes
0 40
0 41
0 42
1 40
1 41
1 42
0
Yes
0 0
0 1
0 2
1 0
2 0
0
Yes
27 33
28 33
28 34
29 30
29 31
29 32
29 33
29 34
29 35
29 36
29 37
30 30
30 31
30 32
30 33
30 34
30 35
30 36
30 37
30 38
31 29
31 30
31 31
31 32
31 33
31 34
31 35
31 36
31 37
31 38
31 39
32 28
32 29
32 30
32 31
32 32
32 33
32 34
32 35
32 36
32 37
32 38
32 39
33 28
33 29
33 30
33 31
33 32
33 33
33 34
33 35
33 36
33 37
33 38
33 39
34 28
34 29
34 30
34 31
34 32
34 33
34 34
34 35
34 36
34 37
34 38
34 39
35 28
35 29
35 30
35 31
35 32
35 33
35 34
35 35
35 36
35 37
35 38
35 39
36 28
36 29
36 30
36 31
36 32
36 33
36 34
36 35
36 36
36 37
36 38
36 39
37 29
37 30
37 31
37 32
37 33
37 34
37 35
37 36
37 37
0
No
0
Yes
0 43
0 44
0 45
1 43
1 44
1 45
2 40
2 41
2 42
2 43
2 44
2 45
2 46
3 40
3 41
3 42
3 43
3 44
3 45
3 46
4 42
4 43
4 44
4 45
5 42
5 43
5 44
5 45
6 42
6 43
6 44
6 45
7 42
7 43
0
Yes
5 11
6 5
6 6
6 7
6 8
6 9
6 10
6 11
7 7
7 8
7 9
7 10
7 11
7 13
8 5
8 6
8 7
8 8
8 9
8 10
8 11
8 12
8 13
8 14
8 16
8 17
9 7
9 8
9 9
9 10
9 11
9 12
9 13
9 14
9 15
9 16
9 17
10 7
10 8
10 9
10 10
10 11
10 15
11 7
11 8
11 9
11 10
0
Yes
0 3
0 4
0 5
0 6
0 7
0 8
1 3
1 4
1 7
2 3
0
Yes
10 0
10 1
10 3
11 0
11 1
11 2
11 3
12 0
12 1
12 2
12 3
13 0
13 1
13 2
13 3
14 0
14 1
14 2
14 3
15 0
15 1
0
Yes
10 5
10 6
11 5
11 6
12 5
12 6
12 7
12 8
12 9
13 4
13 5
13 6
13 7
13 8
13 9
14 4
14 5
14 6
14 7
15 4
15 5
15 6
16 4
16 5
16 6
0
Yes
11 45
11 48
11 49
12 41
12 45
12 49
13 35
13 36
13 37
13 38
13 39
13 40
13 41
13 43
13 44
13 45
13 49
14 35
14 36
14 37
14 38
14 39
14 40
14 41
14 42
14 43
14 44
14 45
14 46
14 48
14 49
15 35
15 36
15 37
15 38
15 39
15 40
15 41
15 42
15 43
15 44
15 45
15 46
15 47
15 48
15 49
16 35
16 36
16 37
16 38
16 39
16 40
16 41
16 45
16 46
16 47
16 48
16 49
17 35
17 36
17 37
17 38
17 39
17 40
17 46
17 47
17 48
17 49
18 34
18 35
18 36
18 37
18 38
18 39
18 40
18 46
18 47
18 48
18 49
19 34
19 35
19 36
19 37
19 38
19 39
19 40
19 41
19 42
19 43
19 47
19 49
20 34
20 35
20 36
20 37
20 38
20 39
20 41
20 42
21 34
21 35
21 36
21 37
21 38
21 39
21 41
21 42
22 34
22 35
22 36
22 37
22 38
22 39
23 34
23 35
23 36
23 37
23 38
23 39
23 40
24 34
24 35
24 36
24 37
24 38
24 39
24 40
24 41
24 42
24 43
24 44
25 35
25 36
25 37
25 38
25 39
25 40
25 41
25 42
25 43
25 44
26 42
26 43
26 44
0
Yes
2 7
2 8
3 8
3 9
3 10
4 6
4 7
4 8
4 9
4 10
5 8
0
Yes
23 19
24 18
24 19
25 16
25 17
25 18
25 19
26 15
26 16
26 17
26 18
26 19
26 26
27 16
27 17
27 18
27 19
27 20
27 21
27 22
27 23
27 24
27 25
27 26
28 18
28 19
28 20
28 21
28 22
28 23
28 24
28 25
28 26
29 19
29 20
29 21
29 22
29 23
29 24
29 25
30 21
30 22
30 23
30 24
30 25
31 21
31 22
31 23
31 24
31 25
32 19
32 20
32 21
32 22
32 23
32 24
32 25
0
Yes
18 30
18 31
18 32
18 33
19 30
19 31
19 32
19 33
20 30
20 31
20 32
20 33
21 30
21 31
21 32
21 33
22 32
0
Yes
26 35
26 36
26 37
26 38
26 39
26 40
27 33
27 35
27 36
27 37
27 38
27 39
27 40
27 41
27 42
27 43
28 33
28 34
28 35
28 36
28 37
28 38
28 39
28 40
28 41
28 42
28 43
29 30
29 31
29 32
29 33
29 34
29 35
29 36
29 37
29 38
29 39
29 40
29 41
29 42
29 43
30 30
30 31
30 32
30 33
30 34
30 35
30 36
30 37
30 38
30 39
30 40
30 41
30 42
30 43
31 30
31 31
31 32
31 33
31 34
31 35
31 36
31 37
31 38
31 39
31 40
31 41
31 42
31 43
32 30
32 31
32 32
32 33
32 34
32 35
32 36
32 37
32 38
32 39
32 40
32 41
32 42
32 43
33 30
33 31
33 32
33 33
33 34
33 35
33 36
33 37
33 38
33 39
33 40
33 41
33 42
33 43
34 30
34 31
34 32
34 33
34 34
34 35
34 36
34 37
34 38
34 39
34 40
34 41
34 42
35 31
35 32
35 33
35 34
35 35
35 36
35 37
35 38
0
Yes
31 29
32 26
32 27
32 28
32 29
33 18
33 19
33 20
33 21
33 22
33 23
33 24
33 25
33 26
33 27
33 28
33 29
34 18
34 19
34 20
34 21
34 22
34 23
34 24
34 25
34 26
34 27
34 28
34 29
35 17
35 18
35 19
35 20
35 21
35 22
35 23
35 24
35 25
35 26
35 27
35 28
35 29
35 40
35 41
36 17
36 18
36 19
36 20
36 21
36 22
36 23
36 24
36 27
36 28
36 29
36 30
36 31
36 32
36 33
36 34
36 35
36 36
36 37
36 38
36 39
36 40
36 41
37 18
37 19
37 20
37 21
37 22
37 28
37 29
37 30
37 31
37 32
37 33
37 34
37 35
37 36
37 37
37 38
37 39
37 40
37 41
38 18
38 19
38 20
38 36
38 37
38 38
38 39
38 40
38 41
39 36
39 37
39 38
39 39
39 40
39 41
40 36
40 37
0
Yes
35 42
36 42
37 42
37 43
37 44
37 48
37 49
38 42
38 43
38 44
38 45
38 46
38 47
38 48
38 49
39 42
39 43
39 44
39 45
39 46
39 47
39 48
39 49
40 39
40 40
40 41
40 42
40 43
40 44
40 45
40 46
40 47
40 48
41 39
41 40
41 41
41 42
41 43
41 44
41 45
41 46
41 47
41 48
42 39
42 40
42 41
42 42
42 43
42 44
42 45
42 46
42 47
42 48
43 40
43 41
43 42
43 43
43 44
43 45
43 46
43 47
43 48
0
Yes
35 42
36 42
37 42
37 43
37 44
37 48
37 49
38 42
38 43
38 44
38 45
38 46
38 47
38 48
38 49
39 42
39 43
39 44
39 45
39 46
39 47
39 48
39 49
40 39
40 40
40 41
40 42
40 43
40 44
40 45
40 46
40 47
40 48
40 49
41 39
41 40
41 41
41 42
41 43
41 44
41 45
41 46
41 47
41 48
41 49
42 39
42 40
42 41
42 42
42 43
42 44
42 45
42 46
42 47
42 48
43 40
43 41
43 42
43 43
43 44
43 45
43 46
43 47
43 48
0
Yes
26 46
27 44
27 46
27 47
28 44
28 45
28 46
28 47
29 44
29 45
29 46
29 47
30 44
30 45
30 46
31 45
31 46
0
No
0
Yes
38 0
38 1
38 2
39 0
39 1
39 2
39 3
39 4
40 0
40 1
40 2
40 3
40 4
40 5
41 0
41 1
41 2
41 3
41 4
42 0
42 1
42 2
42 4
43 0
43 1
43 2
44 0
44 1
44 2
44 3
45 0
45 1
45 2
45 3
46 0
46 1
46 2
46 3
47 0
47 1
0
Yes
0 24
0 25
0 26
0 27
0 28
1 24
1 25
1 26
1 27
2 24
2 25
2 26
2 27
3 24
3 25
3 26
3 27
0
Yes
0 29
0 30
1 29
1 30
2 29
0
No
0
Yes
2 28
3 23
3 28
3 29
3 30
4 23
4 24
4 25
4 26
4 27
4 28
4 29
5 24
5 25
5 26
5 27
5 28
5 29
6 27
6 28
6 29
7 27
7 28
7 29
8 27
8 28
8 29
8 30
8 31
8 32
8 33
9 30
9 31
9 32
9 33
10 30
10 31
10 32
10 33
0
Yes
4 40
5 38
5 39
5 40
5 41
6 36
6 37
6 38
6 39
6 40
6 41
7 35
7 36
7 37
7 38
7 39
7 40
7 41
8 34
8 35
8 36
8 37
8 38
8 39
8 40
9 34
9 35
9 36
9 37
9 38
10 34
10 35
10 36
10 37
10 38
10 39
10 40
11 34
11 35
11 36
11 37
11 38
12 34
12 35
12 36
12 37
12 38
12 39
12 41
13 35
13 36
13 37
13 38
13 39
13 40
13 41
14 35
14 36
14 37
14 38
14 39
14 40
14 41
15 37
15 38
15 39
15 40
15 41
0
No
0
Yes
0 40
0 41
0 42
1 40
1 41
0
Yes
11 45
12 45
13 43
13 44
13 45
14 43
14 44
14 45
14 46
15 43
15 44
15 45
15 46
16 45
0
Yes
2 7
2 8
3 8
3 9
0
Yes
15 35
16 35
16 36
16 37
16 38
16 39
16 40
16 41
17 35
17 36
17 37
17 38
17 39
17 40
18 34
18 35
18 36
18 37
18 38
18 39
18 40
19 34
19 35
19 36
19 37
19 38
19 39
19 40
19 41
19 42
19 43
20 34
20 35
20 36
20 37
20 38
20 39
20 41
20 42
21 34
21 35
21 36
21 37
21 38
21 39
21 41
21 42
22 34
22 35
22 36
22 37
22 38
22 39
23 33
23 34
23 35
23 36
23 37
23 38
23 39
23 40
24 33
24 34
24 35
24 36
24 37
24 38
24 39
24 40
24 41
24 42
24 43
25 35
25 36
25 37
25 38
25 39
25 40
25 41
25 42
0
Yes
38 15
38 16
39 8
39 9
39 10
39 11
39 12
39 13
39 14
39 15
39 16
39 17
40 8
40 9
40 10
40 11
40 12
40 13
40 15
40 16
40 17
41 8
41 9
41 10
41 11
41 12
41 13
41 15
41 17
42 8
42 9
42 10
42 11
42 12
43 12
0
Yes
38 28
38 29
38 30
38 31
38 32
38 33
38 34
39 29
39 30
39 31
39 32
39 33
39 34
39 35
40 29
40 30
40 31
40 32
40 33
40 34
40 35
41 28
41 29
41 30
41 31
41 32
41 33
41 34
41 35
42 26
42 27
42 28
42 29
42 30
42 31
42 32
42 33
43 28
43 29
43 30
43 31
43 32
43 33
44 27
44 28
44 29
44 30
44 31
45 27
45 28
45 29
45 30
45 31
0
Yes
43 8
43 9
43 10
44 7
44 8
44 9
44 10
44 11
44 12
45 5
45 6
45 7
45 8
45 9
45 10
46 5
46 6
46 7
46 8
46 9
46 10
47 5
47 6
47 7
47 8
48 6
48 7
48 8
0
Yes
15 35
16 35
16 36
16 37
16 38
16 39
16 40
16 41
17 35
17 36
17 37
17 38
17 39
17 40
18 34
18 35
18 36
18 37
18 38
18 39
18 40
19 34
19 35
19 36
19 37
19 38
19 39
19 40
19 41
20 34
20 35
20 36
20 37
20 38
20 39
21 34
21 35
21 36
21 37
21 38
21 39
22 34
22 35
22 36
22 37
22 38
22 39
23 33
23 34
23 35
23 36
23 37
23 38
23 39
24 33
24 34
24 35
24 36
24 37
24 38
24 39
25 35
25 36
25 37
25 38
0
Yes
4 40
5 38
5 39
5 40
5 41
6 37
6 38
6 39
6 40
6 41
7 37
7 38
7 39
7 40
7 41
8 37
8 38
8 39
8 40
0
Yes
2 33
3 32
3 33
3 34
0
Yes
6 36
7 35
7 36
8 34
8 35
8 36
9 34
9 35
9 36
9 37
9 38
10 34
10 35
10 36
10 37
10 38
10 39
10 40
11 30
11 31
11 32
11 33
11 34
11 35
11 36
11 37
11 38
12 31
12 32
12 33
12 34
12 35
12 36
12 37
12 38
12 39
13 35
13 36
13 37
13 38
13 39
13 40
13 41
14 35
14 36
14 37
14 38
14 39
14 40
14 41
15 37
15 38
15 39
15 40
15 41
0
Yes
23 40
24 40
24 41
24 42
24 43
24 44
25 40
25 41
25 42
25 43
25 44
26 35
26 36
26 37
26 38
26 39
26 40
26 41
26 42
26 43
26 44
27 33
27 35
27 36
27 37
27 38
27 39
27 40
27 41
27 42
27 43
28 33
28 34
28 35
28 36
28 37
28 38
28 39
28 40
28 41
28 42
28 43
29 31
29 32
29 33
29 34
29 35
29 36
29 37
29 38
29 39
29 40
29 41
29 42
29 43
30 32
30 33
30 34
30 35
30 36
30 37
30 38
30 39
30 40
30 41
30 42
30 43
31 32
31 33
31 34
31 35
31 36
31 37
31 38
31 39
31 40
31 41
31 42
31 43
32 32
32 33
32 34
32 35
32 36
32 37
32 38
32 39
32 40
32 41
32 42
32 43
32 44
32 45
33 32
33 33
33 34
33 35
33 36
33 37
33 38
33 39
33 40
33 41
33 42
33 43
33 44
33 45
34 32
34 33
34 34
34 35
34 36
34 37
34 38
34 39
34 40
34 41
34 42
35 32
35 33
35 34
35 35
35 36
35 37
35 38
0
Yes
6 36
7 35
7 36
8 34
8 35
8 36
9 28
9 34
9 35
9 36
9 37
9 38
10 28
10 29
10 34
10 35
10 36
10 37
10 38
10 39
10 40
11 28
11 29
11 30
11 31
11 32
11 33
11 34
11 35
11 36
11 37
11 38
12 28
12 29
12 30
12 31
12 32
12 33
12 34
12 35
12 36
12 37
12 38
12 39
12 41
13 28
13 29
13 30
13 31
13 32
13 33
13 34
13 35
13 36
13 37
13 38
13 39
13 40
13 41
14 28
14 29
14 30
14 31
14 32
14 33
14 34
14 35
14 36
14 37
14 38
14 39
14 40
14 41
15 28
15 29
15 30
15 31
15 32
15 33
15 34
15 37
15 38
15 39
15 40
15 41
16 28
16 29
16 30
16 31
16 32
16 33
16 34
0
No
0
Yes
10 5
10 6
11 5
11 6
12 5
12 6
12 7
12 8
12 9
13 4
13 5
13 6
13 7
13 8
13 9
13 10
14 4
14 5
14 6
14 7
14 9
15 3
15 4
15 5
15 6
16 2
16 3
16 4
16 5
16 6
17 2
17 3
17 4
17 5
18 2
18 3
18 4
0
Yes
16 35
16 36
16 37
16 38
16 39
16 40
17 31
17 32
17 33
17 34
17 35
17 36
17 37
17 38
17 39
17 40
18 31
18 32
18 33
18 34
18 35
18 36
18 37
18 38
18 39
18 40
19 31
19 32
19 33
19 34
19 35
19 36
19 37
19 38
19 39
19 40
20 31
20 32
20 33
20 34
20 35
20 36
20 37
20 38
20 39
21 32
21 33
21 34
21 35
21 36
21 37
0
No
0
No
0
No
0
Yes
11 45
12 45
13 43
13 44
13 45
14 43
14 44
14 45
14 46
15 43
15 44
15 45
15 46
0
Yes
21 39
22 32
22 33
22 34
22 35
22 36
22 37
22 38
22 39
23 33
23 34
23 35
23 36
23 37
23 38
23 39
23 40
24 33
24 34
24 35
24 36
24 37
24 38
24 39
24 40
24 41
24 42
24 43
24 44
25 35
25 36
25 37
25 38
25 39
25 40
25 41
25 42
25 43
25 44
26 35
26 36
26 37
26 38
26 39
26 40
26 41
26 42
26 43
26 44
27 35
27 36
27 37
27 38
27 39
27 40
27 41
27 42
27 43
28 35
28 36
28 37
28 38
28 39
28 40
28 41
28 42
28 43
29 35
29 36
29 37
29 38
29 39
29 40
29 41
29 42
29 43
30 37
30 38
30 39
30 40
0
Yes
0 31
0 32
0 33
0 34
0 35
0 36
0 37
0 38
0 39
1 31
1 32
1 33
1 34
1 35
1 36
1 37
1 38
1 39
2 31
2 35
2 36
2 37
2 38
2 39
3 31
3 35
3 36
3 37
3 38
3 39
4 31
4 32
4 33
4 34
4 35
4 36
4 37
4 38
4 39
5 30
5 31
5 32
5 33
5 34
5 35
5 36
5 37
5 38
5 39
6 30
6 31
6 32
6 33
6 34
7 31
7 32
7 33
0
Yes
4 40
5 40
5 41
6 39
6 40
6 41
7 39
7 40
7 41
0
Yes
3 10
4 8
4 9
4 10
0
No
0
No
0
Yes
0 19
0 20
0 21
0 22
0 23
1 18
1 19
1 20
1 21
1 22
1 23
2 18
2 19
2 20
2 21
2 22
2 23
3 18
3 19
3 20
3 21
3 22
4 19
4 20
4 21
4 22
5 18
5 19
5 20
5 21
5 22
6 19
6 20
6 21
6 22
6 23
6 24
7 19
7 20
7 21
7 22
7 23
8 16
8 17
8 18
8 19
8 20
8 21
8 22
9 15
9 16
9 17
9 18
9 19
9 20
9 21
9 22
10 15
10 16
10 17
10 18
10 19
10 20
10 21
10 22
11 16
11 17
11 18
11 19
11 20
11 21
11 22
12 17
12 18
12 19
12 20
12 21
12 22
13 19
0
No
0
Yes
6 36
6 37
6 38
7 35
7 36
7 37
7 38
8 34
8 35
8 36
8 37
8 38
8 39
8 40
9 27
9 28
9 34
9 35
9 36
9 37
9 38
10 27
10 28
10 29
10 34
10 35
10 36
10 37
10 38
10 39
10 40
11 24
11 25
11 26
11 27
11 28
11 29
11 30
11 31
11 32
11 33
11 34
11 35
11 36
11 37
11 38
11 45
12 24
12 25
12 26
12 27
12 28
12 29
12 30
12 31
12 32
12 33
12 34
12 35
12 36
12 37
12 38
12 39
12 41
12 45
13 24
13 25
13 26
13 27
13 28
13 29
13 30
13 31
13 32
13 33
13 34
13 35
13 36
13 37
13 38
13 39
13 40
13 41
13 43
13 44
13 45
14 24
14 25
14 26
14 27
14 28
14 29
14 30
14 31
14 32
14 33
14 34
14 35
14 36
14 37
14 38
14 39
14 40
14 41
14 42
14 43
14 44
14 45
15 25
15 26
15 27
15 28
15 29
15 30
15 31
15 32
15 33
15 34
15 35
15 36
15 37
15 38
15 39
15 40
15 41
15 42
15 43
15 44
15 45
16 25
16 26
16 27
16 28
16 29
16 30
16 31
16 32
16 33
16 41
0
Yes
11 23
12 23
13 17
13 21
13 22
13 23
14 17
14 18
14 19
14 20
14 21
14 22
14 23
15 19
15 20
15 21
15 22
15 23
16 19
16 20
16 21
16 22
16 23
16 24
17 19
17 20
17 21
17 22
17 23
17 24
17 25
17 26
18 19
18 20
18 21
18 22
18 23
18 24
18 25
18 26
19 19
19 20
19 21
19 22
19 23
19 24
19 25
19 26
20 21
20 22
20 23
20 24
0
Yes
17 27
17 28
17 29
17 30
18 27
18 28
18 29
18 30
19 27
19 28
19 29
19 30
20 26
20 27
20 28
20 29
20 30
21 21
21 22
21 23
21 24
21 25
21 26
21 27
21 30
22 21
22 22
22 23
22 24
22 25
22 26
22 27
22 28
23 21
23 22
23 23
23 24
23 25
23 26
23 27
23 28
23 29
24 21
24 22
24 23
24 24
24 25
24 26
24 27
24 28
24 29
25 21
25 22
25 23
25 24
25 25
25 26
25 27
25 28
25 29
26 21
26 22
26 23
26 24
26 25
26 26
26 27
26 28
26 29
27 21
27 22
27 23
27 24
27 25
27 26
27 27
27 28
27 29
28 21
28 22
28 23
28 24
28 25
28 26
28 27
28 28
28 29
0
Yes
0 19
0 20
0 21
0 22
0 23
1 18
1 19
1 20
1 21
1 22
1 23
2 18
2 19
2 20
2 21
2 22
2 23
3 18
3 19
3 20
3 21
3 22
4 19
4 20
4 21
4 22
5 8
5 9
5 10
5 11
5 18
5 19
5 20
5 21
5 22
6 5
6 6
6 7
6 8
6 9
6 10
6 11
6 19
6 20
6 21
6 22
6 23
6 24
6 25
7 7
7 8
7 9
7 10
7 11
7 13
7 19
7 20
7 21
7 22
7 23
7 24
7 25
7 26
8 5
8 6
8 7
8 8
8 9
8 10
8 11
8 12
8 13
8 14
8 16
8 17
8 18
8 19
8 20
8 21
8 22
8 23
8 24
8 25
8 26
9 7
9 8
9 9
9 10
9 11
9 12
9 13
9 14
9 15
9 16
9 17
9 18
9 19
9 20
9 21
9 22
9 23
9 24
9 25
9 26
10 6
10 7
10 8
10 9
10 10
10 11
10 15
10 16
10 17
10 18
10 19
10 20
10 21
10 22
10 23
10 24
10 25
11 6
11 7
11 8
11 9
11 10
11 16
11 17
11 18
11 19
11 20
11 21
11 22
12 6
12 7
12 8
12 9
12 17
12 18
12 19
12 20
12 21
13 6
13 7
13 8
13 9
13 19
0
Yes
22 20
23 19
23 20
24 18
24 19
24 20
25 16
25 17
25 18
25 19
25 20
26 15
26 16
26 17
26 18
26 19
26 20
27 16
27 17
27 18
27 19
27 20
28 18
28 19
28 20
29 19
29 20
29 21
29 22
29 23
29 24
29 25
29 26
30 21
30 22
30 23
30 24
30 25
30 26
31 21
31 22
31 23
31 24
31 25
31 26
32 19
32 20
32 21
32 22
32 23
32 24
32 25
32 26
33 19
33 20
33 21
33 22
33 23
33 24
33 25
34 19
34 20
34 21
34 22
34 23
34 24
34 25
0
Yes
0 46
0 47
0 48
0 49
1 47
1 48
1 49
2 47
2 48
2 49
3 47
3 48
3 49
4 47
4 48
4 49
0
Yes
0 24
0 25
0 26
0 27
0 28
0 29
0 30
0 31
0 32
0 33
0 34
0 35
0 36
0 37
0 38
0 39
1 24
1 25
1 26
1 27
1 28
1 29
1 30
1 31
1 32
1 33
1 34
1 35
1 36
1 37
1 38
1 39
2 24
2 25
2 26
2 27
2 30
2 31
2 35
2 36
2 37
2 38
3 25
3 26
3 31
3 35
3 36
3 37
3 38
4 31
4 32
4 33
4 34
4 35
4 36
4 37
4 38
5 30
5 31
5 32
5 33
5 34
5 35
5 36
5 37
5 38
6 30
6 31
6 32
6 33
6 34
7 31
7 32
7 33
0
Yes
0 0
0 1
0 2
0 3
1 0
2 0
0
Yes
16 35
16 36
16 37
16 38
16 39
17 31
17 32
17 33
17 34
17 35
17 36
17 37
17 38
17 39
17 40
18 31
18 32
18 33
18 34
18 35
18 36
18 37
18 38
18 39
18 40
19 31
19 32
19 33
19 34
19 35
19 36
19 37
19 38
19 39
19 40
19 41
19 42
19 43
20 31
20 32
20 33
20 34
20 35
20 36
20 37
20 38
20 39
20 41
20 42
21 31
21 32
21 33
21 34
21 35
21 36
21 37
21 38
21 39
21 41
21 42
22 32
22 33
22 34
22 35
22 36
22 37
22 38
22 39
23 33
23 34
23 35
23 36
23 37
23 38
23 39
23 40
24 33
24 34
24 35
24 36
24 37
24 38
24 39
24 40
24 41
25 35
25 36
25 37
25 38
25 39
25 40
25 41
26 35
26 36
26 37
26 38
26 39
26 40
26 41
27 33
27 35
27 36
27 37
27 38
27 39
27 40
27 41
28 33
28 34
28 35
28 36
28 37
28 38
28 39
28 40
28 41
29 33
29 34
29 35
29 36
29 37
29 38
29 39
29 40
29 41
30 33
30 34
30 35
30 36
30 37
30 38
30 39
30 40
30 41
0
Yes
10 0
10 1
10 3
10 5
11 0
11 1
11 2
11 3
11 5
12 0
12 1
12 2
12 3
12 5
13 0
13 1
13 2
13 3
13 4
13 5
14 0
14 1
14 2
14 3
14 4
14 5
15 0
15 1
15 2
15 3
15 4
15 5
16 0
16 1
16 2
16 3
16 4
16 5
17 0
17 1
17 2
17 3
17 4
17 5
18 0
0
Yes
12 23
13 21
13 22
13 23
14 18
14 19
14 20
14 21
14 22
14 23
15 19
15 20
15 21
15 22
15 23
16 19
16 20
16 21
16 22
16 23
16 24
17 19
17 20
17 21
17 22
17 23
17 24
17 25
18 19
18 20
18 21
18 22
18 23
18 24
18 25
19 21
19 22
19 23
19 24
0
Yes
0 46
0 47
0 48
0 49
1 47
1 48
1 49
2 47
2 48
2 49
3 47
3 48
3 49
4 47
4 48
4 49
5 46
5 47
5 48
5 49
6 46
6 47
6 48
0
Yes
0 0
0 1
0 2
1 0
2 0
0
Yes
22 20
23 19
23 20
24 18
24 19
24 20
25 16
25 17
25 18
25 19
25 20
26 15
26 16
26 17
26 18
26 19
26 20
27 16
27 17
27 18
27 19
27 20
28 18
28 19
28 20
29 19
29 20
29 21
29 22
29 23
29 24
29 25
29 26
29 27
29 28
29 29
29 30
29 31
29 32
30 21
30 22
30 23
30 24
30 25
30 26
30 27
30 28
30 29
30 30
30 31
30 32
31 21
31 22
31 23
31 24
31 25
31 26
31 27
31 28
31 29
31 30
31 31
31 32
31 33
32 19
32 20
32 21
32 22
32 23
32 24
32 25
32 26
32 27
32 28
32 29
32 30
32 31
32 32
32 33
33 18
33 19
33 20
33 21
33 22
33 23
33 24
33 25
33 26
33 27
33 28
33 29
33 30
33 31
33 32
34 18
34 19
34 20
34 21
34 22
34 23
34 24
34 25
34 26
34 27
34 28
34 29
34 30
34 31
34 32
35 17
35 18
35 19
35 20
35 21
35 22
35 23
35 24
35 25
35 26
35 27
35 28
35 29
35 30
35 31
35 32
36 17
36 18
36 19
36 20
36 21
36 22
36 23
36 24
36 27
36 28
36 29
36 30
36 31
36 32
37 18
37 19
37 20
37 21
37 22
38 18
38 19
38 20
39 20
0
Yes
24 42
24 43
24 44
24 48
25 42
25 43
25 44
25 47
25 48
25 49
26 42
26 43
26 44
26 46
26 47
26 48
26 49
27 42
27 43
27 44
27 46
27 47
27 48
27 49
28 42
28 43
28 44
28 45
28 46
28 47
28 48
28 49
29 42
29 43
29 44
29 45
29 46
29 47
29 48
29 49
30 42
30 43
30 44
30 45
30 46
30 47
30 48
30 49
31 39
31 40
31 41
31 42
31 43
31 44
31 45
31 46
31 47
31 48
31 49
32 40
32 41
32 42
32 43
32 44
32 45
32 46
32 47
32 48
32 49
33 40
33 41
33 42
33 43
33 44
33 45
33 46
33 47
33 48
33 49
0
Yes
0 3
0 4
0 5
1 3
1 4
0
Yes
16 35
16 36
16 37
16 38
16 39
17 31
17 32
17 33
17 34
17 35
17 36
17 37
17 38
17 39
17 40
18 31
18 32
18 33
18 34
18 35
18 36
18 37
18 38
18 39
18 40
19 31
19 32
19 33
19 34
19 35
19 36
19 37
19 38
19 39
19 40
20 31
20 32
20 33
20 34
20 35
20 36
20 37
20 38
20 39
21 31
21 32
21 33
21 34
21 35
21 36
21 37
21 38
21 39
22 32
22 33
22 34
22 35
22 36
22 37
22 38
22 39
23 33
23 34
23 35
23 36
23 37
23 38
0
Yes
23 40
24 33
24 34
24 35
24 36
24 37
24 38
24 39
24 40
24 41
25 35
25 36
25 37
25 38
25 39
25 40
25 41
26 35
26 36
26 37
26 38
26 39
26 40
26 41
27 33
27 35
27 36
27 37
27 38
27 39
27 40
27 41
28 33
28 34
28 35
28 36
28 37
28 38
28 39
28 40
28 41
29 33
29 34
29 35
29 36
29 37
29 38
29 39
29 40
29 41
30 34
30 35
30 36
30 37
30 38
30 39
30 40
31 34
31 35
31 36
31 37
31 38
32 34
32 35
32 36
32 37
32 38
33 34
33 35
33 36
33 37
33 38
33 39
34 34
34 35
34 36
34 37
34 38
34 39
34 40
34 41
34 42
34 43
35 34
35 35
35 36
35 37
35 38
35 39
35 40
35 41
35 42
36 34
36 35
36 36
36 37
36 38
36 39
36 40
36 41
36 42
0
Yes
0 40
0 41
0 42
0 43
0 44
0 45
0 46
1 40
1 41
1 42
1 43
1 44
1 45
1 46
2 40
2 41
2 42
2 43
2 44
2 45
2 46
3 39
3 40
3 41
3 42
3 43
3 44
3 45
3 46
4 39
4 40
4 41
4 42
4 43
4 44
4 45
4 46
5 39
5 40
5 41
5 42
5 43
5 44
5 45
5 46
6 39
6 40
6 41
6 42
6 43
0
Yes
0 6
0 7
0 8
1 7
2 7
0
Yes
0 47
0 48
0 49
1 47
1 48
1 49
2 47
2 48
2 49
3 47
3 48
3 49
4 47
4 48
4 49
5 47
0
Yes
0 40
0 41
0 42
0 43
0 44
0 45
0 46
1 40
1 41
1 42
1 43
1 44
1 45
1 46
2 40
2 41
2 42
2 43
2 44
2 45
2 46
3 39
3 40
3 41
3 42
3 43
3 44
3 45
3 46
4 39
4 40
4 41
4 42
4 43
4 44
4 45
4 46
5 39
5 40
5 41
5 42
5 43
5 44
5 45
5 46
6 39
6 40
6 41
0
Yes
23 40
24 33
24 34
24 35
24 36
24 37
24 38
24 39
24 40
24 41
25 35
25 36
25 37
25 38
25 39
25 40
25 41
26 35
26 36
26 37
26 38
26 39
26 40
26 41
27 33
27 35
27 36
27 37
27 38
27 39
27 40
27 41
28 33
28 34
28 35
28 36
28 37
28 38
28 39
28 40
28 41
29 33
29 34
29 35
29 36
29 37
29 38
29 39
29 40
29 41
30 34
30 35
30 36
30 37
30 38
30 39
30 40
31 34
31 35
31 36
31 37
31 38
32 34
32 35
32 36
32 37
32 38
33 34
33 35
33 36
33 37
33 38
33 39
34 34
34 35
34 36
34 37
34 38
34 39
34 40
34 41
35 35
35 36
35 37
35 38
35 39
35 40
35 41
0
Yes
5 49
6 43
6 44
6 45
6 46
6 47
6 48
6 49
7 43
7 46
7 47
7 48
7 49
8 46
8 47
8 48
8 49
9 47
9 49
0
Yes
24 11
25 11
25 12
26 11
26 12
26 13
27 11
28 11
28 12
29 11
30 11
31 4
31 5
31 6
31 7
31 8
31 9
31 10
31 11
31 12
32 4
32 5
32 6
32 7
32 8
32 9
32 10
32 11
32 12
32 13
33 4
33 5
33 6
33 7
33 8
33 9
33 10
33 11
33 12
34 4
34 5
34 6
34 7
34 8
34 9
34 10
35 5
35 6
35 7
35 8
35 9
35 10
35 11
35 12
35 13
36 5
36 6
36 7
36 8
36 9
36 10
36 11
36 12
36 13
37 5
37 6
37 7
37 8
37 9
37 10
37 11
37 12
37 13
0
Yes
11 48
11 49
12 49
13 49
14 46
14 48
14 49
15 46
15 47
15 48
15 49
16 46
16 47
16 48
16 49
17 47
17 48
0
Yes
32 3
33 3
34 0
34 1
34 2
34 3
35 0
35 1
35 2
35 3
36 0
36 1
36 2
36 3
36 4
37 0
37 1
37 2
37 3
37 4
38 1
38 2
38 3
38 4
0
Yes
34 33
34 42
34 43
34 44
34 45
34 46
34 47
34 48
34 49
35 33
35 42
35 43
35 44
35 45
35 46
35 47
35 48
35 49
36 33
36 34
36 35
36 36
36 37
36 38
36 39
36 40
36 41
36 42
36 43
36 44
36 45
36 46
36 47
36 48
36 49
37 28
37 29
37 30
37 31
37 32
37 33
37 34
37 35
37 36
37 37
37 38
37 39
37 40
37 41
37 42
37 43
37 44
37 45
37 46
37 47
37 48
37 49
38 36
38 37
38 38
38 39
38 40
38 41
38 42
38 43
38 44
38 45
38 46
38 47
38 48
38 49
39 36
39 37
39 38
39 39
39 40
39 41
39 42
39 43
39 44
39 45
39 46
39 47
39 48
40 36
40 37
40 38
40 39
40 40
40 41
40 42
40 43
40 44
40 45
40 46
40 47
40 48
41 36
41 37
41 38
41 39
41 40
41 41
41 42
41 43
41 44
41 45
41 46
41 47
41 48
42 36
42 37
42 38
42 39
42 40
42 41
42 42
42 43
42 44
42 45
42 46
42 47
42 48
43 37
0
Yes
0 47
0 48
0 49
1 47
1 48
1 49
2 47
2 48
0
Yes
12 23
13 21
13 22
13 23
14 20
14 21
14 22
14 23
15 20
15 21
15 22
15 23
16 21
16 22
16 23
0
Yes
13 17
14 17
14 18
14 19
15 16
15 17
15 19
16 19
17 19
17 20
17 21
17 22
17 23
18 18
18 19
18 20
18 21
18 22
18 23
19 19
19 20
19 21
19 22
19 23
0
Yes
35 14
35 15
36 14
36 15
37 14
37 15
38 11
38 12
38 13
38 14
38 15
38 16
39 11
39 12
39 13
39 14
39 15
39 16
40 11
40 12
40 13
0
No
0
Yes
0 6
0 7
0 8
1 7
2 7
2 8
3 8
0
Yes
24 42
24 43
24 44
24 48
25 42
25 43
25 44
25 47
25 48
25 49
26 42
26 43
26 44
26 46
26 47
26 48
26 49
27 42
27 43
27 44
27 46
27 47
27 48
27 49
28 42
28 43
28 44
28 45
28 46
28 47
28 48
28 49
29 42
29 43
29 44
29 45
29 46
29 47
29 48
29 49
30 42
30 43
30 44
30 45
30 46
30 47
30 48
30 49
31 40
31 41
31 42
31 43
31 44
31 45
31 46
31 47
31 48
31 49
32 40
32 41
32 42
32 43
32 44
32 45
32 46
32 47
32 48
32 49
33 41
33 42
0
Yes
0 40
0 41
0 42
1 40
1 41
1 42
2 40
2 41
0
Yes
0 43
0 44
0 45
0 46
1 43
1 44
1 45
1 46
2 43
2 44
2 45
2 46
3 42
3 43
3 44
3 45
3 46
0
No
0
Yes
0 0
0 1
0 2
0 3
0 4
1 0
1 3
2 0
0
Yes
35 14
35 15
36 14
36 15
37 14
37 15
38 5
38 6
38 7
38 8
38 9
38 10
38 11
38 12
38 13
38 14
38 15
38 16
39 0
39 1
39 2
39 3
39 4
39 5
39 6
39 7
39 8
39 9
39 10
39 11
39 12
39 13
39 14
39 15
39 16
39 17
40 0
40 1
40 2
40 3
40 4
40 5
40 7
40 8
40 9
40 10
40 11
40 12
40 13
40 15
40 16
40 17
41 0
41 1
41 2
41 3
41 4
41 8
41 9
41 10
41 11
41 12
41 13
41 15
41 17
42 0
42 1
42 2
42 4
42 8
42 9
42 10
42 11
42 12
43 2
43 8
43 9
43 10
43 11
43 12
43 13
44 7
44 8
44 9
44 10
44 11
44 12
44 13
45 5
45 6
45 7
45 8
45 9
45 10
45 12
46 5
46 6
46 7
46 8
46 9
46 10
46 12
47 5
47 6
47 7
47 8
48 5
48 6
48 7
48 8
48 9
48 10
49 5
49 6
49 7
49 8
49 9
0
Yes
3 28
3 29
4 26
4 27
4 28
4 29
5 26
5 27
5 28
5 29
6 28
0
Yes
3 39
3 40
3 41
4 39
4 40
4 41
5 39
5 40
5 41
6 39
6 40
0
Yes
0 5
0 6
0 7
0 8
1 7
2 7
2 8
3 8
3 9
3 10
4 6
4 7
4 8
4 9
4 10
5 8
5 9
5 10
5 11
6 5
6 6
6 7
6 8
6 9
6 10
6 11
7 7
7 8
7 9
7 10
7 11
7 13
8 5
8 6
8 7
8 8
8 9
8 10
8 11
8 12
8 13
8 14
8 16
8 17
8 18
9 7
9 8
9 9
9 10
9 11
9 12
9 13
9 14
9 15
9 16
9 17
9 18
10 0
10 1
10 3
10 5
10 6
10 7
10 8
10 9
10 10
10 11
10 15
10 16
10 17
11 0
11 1
11 2
11 3
11 5
11 6
11 7
11 8
11 9
11 10
12 0
12 1
12 2
12 3
12 5
12 6
12 7
12 8
12 9
13 0
13 1
13 2
13 3
13 4
13 5
13 6
13 7
13 8
13 9
13 10
14 0
14 1
14 2
14 3
14 4
14 5
14 6
14 7
14 9
15 0
15 1
15 2
15 3
15 4
15 5
15 6
16 0
16 1
16 2
16 3
16 4
16 5
16 6
17 0
17 1
17 2
17 3
17 4
17 5
18 0
18 1
18 2
18 3
18 4
0
Yes
0 19
0 20
0 21
0 22
0 23
1 18
1 19
1 20
1 21
1 22
1 23
2 18
2 19
2 20
2 21
2 22
2 23
3 18
3 19
3 20
3 21
3 22
3 23
4 19
4 20
4 21
4 22
4 23
4 24
5 18
5 19
5 20
5 21
5 22
5 23
5 24
6 19
6 20
6 21
6 22
6 23
6 24
7 19
7 20
7 21
7 22
7 23
7 24
8 19
8 20
8 21
8 22
8 23
8 24
9 19
9 20
9 21
9 22
0
Yes
3 47
3 48
3 49
4 42
4 43
4 44
4 45
4 46
4 47
4 48
4 49
5 42
5 43
5 44
5 45
5 46
5 47
6 36
6 37
6 38
6 42
7 35
7 36
7 37
7 38
7 39
7 40
7 41
7 42
8 36
8 37
8 38
8 39
8 40
9 36
9 37
9 38
0
Yes
4 25
5 25
6 25
6 26
7 25
0
Yes
7 27
7 28
7 29
8 25
8 26
8 27
8 28
8 29
9 25
9 26
9 27
9 28
9 29
0
Yes
8 30
8 31
8 32
8 33
8 34
9 24
9 30
9 31
9 32
9 33
9 34
9 35
10 24
10 25
10 26
10 27
10 28
10 29
10 30
10 31
10 32
10 33
10 34
10 35
10 36
11 24
11 25
11 26
11 27
11 28
11 29
11 30
11 31
11 32
11 33
11 34
11 35
11 36
12 24
12 25
12 26
12 27
12 28
12 29
12 30
12 31
12 32
12 33
12 34
12 35
12 36
13 24
13 25
13 26
13 27
13 28
13 29
13 30
13 31
13 32
13 33
13 34
13 35
13 36
14 24
14 25
14 26
14 27
14 28
14 29
14 30
14 31
14 32
14 33
14 34
14 35
14 36
15 24
15 25
15 26
15 27
15 28
15 29
15 30
15 31
15 32
15 33
15 34
15 35
15 36
16 29
16 30
16 31
0
Yes
10 37
10 38
10 39
10 40
11 37
11 38
12 37
12 38
12 39
12 41
13 37
13 38
13 39
13 40
13 41
14 37
14 38
14 39
14 40
14 41
14 42
15 37
15 38
15 39
15 40
15 41
0
No
0
Yes
16 33
16 34
16 35
16 36
16 37
16 38
16 39
16 40
16 41
17 31
17 32
17 33
17 34
17 35
17 36
17 37
17 38
17 39
17 40
18 31
18 32
18 33
18 34
18 35
18 36
18 37
18 38
18 39
18 40
19 31
19 32
19 33
19 34
19 35
19 36
19 37
19 38
19 39
19 40
19 41
19 42
19 43
20 31
20 32
20 33
20 34
20 35
20 36
20 37
20 38
20 39
20 41
20 42
21 31
21 32
21 33
21 34
21 35
21 36
21 37
21 38
21 39
21 41
21 42
22 32
22 33
22 34
22 35
22 36
22 37
22 38
22 39
23 33
23 34
23 35
23 36
23 37
23 38
23 39
23 40
24 33
24 34
24 35
24 36
24 37
24 38
24 39
24 40
24 41
25 35
25 36
25 37
25 38
25 39
25 40
26 35
26 36
26 37
26 38
26 39
26 40
27 33
27 35
27 36
27 37
27 38
27 39
27 40
28 33
28 34
28 35
28 36
28 37
28 38
28 39
28 40
29 31
29 32
29 33
29 34
29 35
29 36
29 37
29 38
29 39
29 40
30 31
30 32
30 33
30 34
30 35
30 36
30 37
30 38
30 39
30 40
31 31
31 32
31 33
31 34
31 35
31 36
31 37
31 38
31 39
0
Yes
19 0
19 1
19 2
19 3
19 4
20 0
20 1
20 2
20 3
20 4
21 0
21 1
21 2
21 3
21 4
22 0
22 1
22 2
22 3
22 4
23 0
23 1
23 2
23 3
23 4
24 0
24 1
0
No
0
Yes
19 10
20 5
20 8
20 9
20 10
21 5
21 8
21 9
21 10
22 5
22 7
22 8
22 9
22 10
22 11
23 5
23 6
23 7
23 8
23 9
23 10
24 4
24 5
24 6
24 7
24 8
24 9
24 10
24 11
25 4
25 5
25 6
25 7
25 8
25 9
25 10
25 11
25 12
26 4
26 5
26 6
26 7
26 8
26 9
26 10
26 11
26 12
26 13
27 4
27 5
27 6
27 7
27 8
27 9
27 10
27 11
28 4
28 5
28 6
28 7
28 8
28 9
28 10
28 11
29 5
29 6
29 7
29 8
29 9
29 10
29 11
0
No
0
Yes
0 19
0 20
0 21
1 18
1 19
1 20
1 21
0
Yes
0 22
0 23
1 22
1 23
2 21
2 22
2 23
3 21
3 22
3 23
0
Yes
19 10
20 5
20 8
20 9
20 10
21 5
21 8
21 9
21 10
22 5
22 7
22 8
22 9
22 10
22 11
23 5
23 6
23 7
23 8
23 9
23 10
24 3
24 4
24 5
24 6
24 7
24 8
24 9
24 10
24 11
25 2
25 3
25 4
25 5
25 6
25 7
25 8
25 9
25 10
25 11
25 12
26 2
26 3
26 4
26 5
26 6
26 7
26 8
26 9
26 10
26 11
26 12
26 13
27 2
27 3
27 4
27 5
27 6
27 7
27 8
27 9
27 10
27 11
28 2
28 3
28 4
28 5
28 6
28 7
28 8
28 9
28 10
28 11
28 12
29 2
29 3
29 4
29 5
29 6
29 7
29 8
29 9
29 10
29 11
30 2
30 3
30 4
30 5
30 6
30 7
30 8
30 9
30 10
30 11
31 2
31 3
31 4
31 5
31 6
31 7
31 8
31 9
31 10
31 11
31 12
32 4
32 5
32 6
32 7
32 8
32 9
32 10
32 11
0
Yes
0 22
0 23
1 22
1 23
2 18
2 19
2 20
2 21
2 22
2 23
3 18
3 19
3 20
3 21
3 22
3 23
4 19
4 20
4 21
4 22
4 23
4 24
4 25
5 19
5 20
5 21
5 22
5 23
5 24
5 25
6 19
6 20
6 21
6 22
6 23
6 24
6 25
7 20
7 21
7 22
7 23
0
Yes
5 49
6 44
6 45
6 46
6 47
6 48
6 49
7 46
7 47
7 48
7 49
8 46
8 47
8 48
8 49
9 47
9 49
0
No
0
Yes
0 47
0 48
0 49
1 47
1 48
1 49
0
Yes
16 24
16 25
16 26
16 27
17 24
17 25
17 26
17 27
17 28
17 29
17 30
18 24
18 25
18 26
18 27
18 28
18 29
18 30
19 24
19 25
19 26
19 27
19 28
19 29
19 30
20 21
20 22
20 23
20 24
20 25
20 26
20 27
20 28
20 29
20 30
21 22
21 23
21 24
21 25
21 26
21 27
22 22
22 23
22 24
22 25
22 26
22 27
0
Yes
22 20
22 21
23 19
23 20
23 21
23 22
23 23
23 24
23 25
24 18
24 19
24 20
24 21
24 22
24 23
24 24
24 25
25 17
25 18
25 19
25 20
25 21
25 22
25 23
25 24
25 25
26 17
26 18
26 19
26 20
26 21
26 22
26 23
26 24
26 25
27 17
27 18
27 19
27 20
27 21
27 22
27 23
27 24
27 25
28 20
0
Yes
0 40
0 41
0 42
0 43
0 44
0 45
0 46
1 40
1 41
1 42
1 43
1 44
1 45
1 46
2 40
2 41
2 42
2 43
2 44
2 45
2 46
2 47
2 48
2 49
3 42
3 43
3 44
3 45
0
Yes
22 28
23 26
23 27
23 28
23 29
24 26
24 27
24 28
24 29
25 26
25 27
25 28
25 29
26 26
26 27
26 28
26 29
26 30
27 26
27 27
27 28
27 29
27 30
28 22
28 23
28 24
28 25
28 26
28 27
28 28
28 29
29 22
29 23
29 24
29 25
29 26
29 27
29 28
29 29
29 30
30 22
30 23
30 24
30 25
30 26
30 27
30 28
30 29
30 30
31 22
31 23
31 24
31 25
31 26
31 27
31 28
31 29
31 30
32 22
32 23
32 24
32 25
32 26
32 27
32 28
32 29
32 30
32 31
33 22
33 23
33 24
33 25
33 26
33 27
33 28
33 29
33 30
33 31
34 22
34 23
34 24
34 25
34 26
34 27
34 28
34 29
34 30
34 31
35 27
35 28
0
Yes
25 0
25 1
26 0
26 1
27 0
27 1
28 0
28 1
29 0
29 1
30 0
30 1
31 0
31 1
32 0
32 1
32 2
33 0
33 1
33 2
33 3
33 4
33 5
33 6
33 7
33 8
33 9
33 10
33 11
33 12
34 0
34 1
34 2
34 3
34 4
34 5
34 6
34 7
34 8
34 9
34 10
35 0
35 1
35 2
35 3
35 4
35 5
35 6
35 7
35 8
35 9
35 10
35 11
35 12
36 0
36 1
36 2
36 3
36 4
36 5
36 6
36 7
36 8
36 9
36 10
36 11
37 0
37 1
37 2
37 3
37 4
37 5
37 6
37 7
37 8
37 9
37 10
37 11
38 0
38 1
38 2
38 3
38 4
38 5
38 6
38 7
38 8
38 9
38 10
38 11
39 0
39 1
39 2
39 3
39 4
39 5
39 6
39 7
39 8
39 9
39 10
39 11
40 0
40 1
40 2
40 3
40 4
40 5
41 0
41 1
41 2
41 3
41 4
42 0
42 1
42 2
42 4
43 0
43 1
43 2
44 0
44 1
44 2
45 0
45 1
45 2
46 0
46 1
46 2
0
Yes
32 32
32 33
32 34
32 35
32 36
32 37
32 38
32 39
33 32
33 33
33 34
33 35
33 36
33 37
33 38
33 39
34 32
34 33
34 34
34 35
34 36
34 37
34 38
34 39
34 40
34 41
35 30
35 31
35 32
35 33
35 34
35 35
35 36
35 37
35 38
35 39
35 40
35 41
36 27
36 28
36 29
36 30
36 31
36 32
36 33
36 34
36 35
36 36
36 37
36 38
36 39
36 40
36 41
37 28
37 29
37 30
37 31
37 32
37 33
37 34
37 35
37 36
37 37
37 38
37 39
37 40
37 41
38 28
38 29
38 30
38 31
38 32
38 33
38 34
38 35
38 36
38 37
38 38
38 39
38 40
38 41
39 29
39 30
39 31
39 32
39 33
39 34
39 35
39 36
39 37
39 38
39 39
39 40
39 41
40 29
40 30
40 31
40 32
40 33
40 34
40 35
40 36
40 37
40 38
40 39
40 40
40 41
41 29
41 30
41 31
41 32
41 33
41 34
41 35
41 36
41 37
41 38
41 39
41 40
41 41
42 29
42 30
42 31
42 32
42 33
43 31
43 32
43 33
0
Yes
33 44
33 45
33 46
33 47
33 48
33 49
34 42
34 43
34 44
34 45
34 46
34 47
34 48
34 49
35 42
35 43
35 44
35 45
35 46
35 47
35 48
35 49
36 42
36 43
36 44
36 45
36 46
36 47
36 48
36 49
37 42
37 43
37 44
37 45
37 46
37 47
37 48
37 49
38 42
38 43
38 44
38 45
38 46
38 47
38 48
38 49
39 42
39 43
39 44
39 45
39 46
39 47
39 48
39 49
40 42
40 43
40 44
40 45
40 46
40 47
40 48
40 49
41 42
41 43
41 44
41 45
41 46
41 47
41 48
41 49
42 37
42 38
42 39
42 40
42 41
42 42
42 43
42 44
42 45
42 46
42 47
42 48
42 49
43 40
43 41
43 42
43 43
43 44
43 45
43 46
43 47
43 48
43 49
44 40
44 41
44 42
44 43
44 44
44 45
44 46
44 47
44 48
44 49
45 40
45 41
45 42
45 43
45 44
45 45
45 46
45 47
45 48
45 49
46 42
46 43
46 44
46 45
46 46
46 47
46 48
46 49
47 42
47 43
47 44
47 45
47 46
47 47
47 48
47 49
48 42
48 43
48 44
48 45
48 46
48 47
48 48
48 49
0
Yes
8 19
8 20
8 21
8 22
8 23
9 19
9 20
9 21
9 22
10 19
10 20
10 21
10 22
11 19
11 20
11 21
11 22
0
No
0
Yes
22 28
23 26
23 27
23 28
23 29
24 26
24 27
24 28
24 29
25 26
25 27
25 28
25 29
26 26
26 27
26 28
26 29
26 30
27 26
27 27
27 28
27 29
27 30
28 25
28 26
28 27
28 28
28 29
29 25
29 26
29 27
29 28
29 29
30 25
30 26
30 27
30 28
30 29
0
Yes
10 23
11 23
12 22
12 23
13 23
0
Yes
10 37
10 38
10 39
10 40
11 37
11 38
12 37
12 38
0
Yes
24 42
24 43
24 44
24 48
25 42
25 43
25 44
25 47
25 48
25 49
26 41
26 42
26 43
26 44
26 46
26 47
26 48
26 49
27 41
27 42
27 43
27 44
27 46
27 47
27 48
27 49
28 41
28 42
28 43
28 44
28 45
28 46
28 47
28 48
28 49
29 41
29 42
29 43
29 44
29 45
29 46
29 47
29 48
29 49
30 41
30 42
30 43
30 44
30 45
30 46
30 47
30 48
30 49
31 41
31 42
31 43
31 44
31 45
31 46
31 47
31 48
31 49
32 40
32 41
32 42
32 43
32 44
32 45
32 46
32 47
32 48
32 49
33 41
33 42
33 43
33 44
33 45
33 46
33 47
33 48
33 49
34 42
34 43
34 44
34 45
34 46
34 47
34 48
34 49
35 42
35 43
35 44
35 45
35 46
35 47
35 48
35 49
36 42
36 43
36 44
36 45
36 46
0
No
0
Yes
28 22
28 23
28 24
29 19
29 20
29 21
29 22
29 23
29 24
30 21
30 22
30 23
30 24
31 21
31 22
31 23
31 24
31 25
31 26
31 27
31 28
31 29
31 30
32 19
32 20
32 21
32 22
32 23
32 24
32 25
32 26
32 27
32 28
32 29
33 18
33 19
33 20
33 21
33 22
33 23
33 24
33 25
33 26
33 27
33 28
33 29
34 18
34 19
34 20
34 21
34 22
34 23
34 24
34 25
34 26
34 27
34 28
34 29
35 18
35 19
35 20
35 21
35 22
35 23
35 24
35 25
35 26
35 27
35 28
36 18
36 19
36 20
36 21
36 22
36 23
36 24
37 18
37 19
37 20
37 21
37 22
0
Yes
35 13
35 14
35 15
36 13
36 14
36 15
37 12
37 13
37 14
37 15
38 12
38 13
38 14
38 15
38 16
39 12
39 13
39 14
39 15
39 16
39 17
40 7
40 8
40 9
40 10
40 11
40 12
40 13
40 15
40 16
40 17
41 8
41 9
41 10
41 11
41 12
41 13
41 15
41 17
42 8
42 9
42 10
42 11
42 12
43 8
43 9
43 10
43 11
43 12
43 13
44 7
44 8
44 9
44 10
44 11
44 12
44 13
45 5
45 6
45 7
45 8
45 9
45 10
45 12
46 5
46 6
46 7
46 8
46 9
46 10
46 12
47 6
47 7
47 8
0
Yes
36 48
36 49
37 42
37 43
37 44
37 45
37 46
37 47
37 48
37 49
38 42
38 43
38 44
38 45
38 46
38 47
38 48
38 49
39 42
39 43
39 44
39 45
39 46
39 47
39 48
39 49
40 42
40 43
40 44
40 45
40 46
40 47
40 48
40 49
41 42
41 43
41 44
41 45
41 46
41 47
41 48
41 49
42 40
42 41
42 42
42 43
42 44
42 45
42 46
42 47
42 48
42 49
43 40
43 41
43 42
43 43
43 44
43 45
43 46
43 47
43 48
43 49
44 40
44 41
44 42
44 43
44 44
44 45
44 46
44 47
44 48
44 49
45 40
45 41
45 42
45 43
45 44
45 45
45 46
45 47
45 48
45 49
46 42
46 43
46 44
46 45
46 46
46 47
46 48
46 49
47 42
47 43
47 44
47 45
47 46
47 47
47 48
47 49
48 42
48 43
48 44
48 45
48 46
48 47
48 48
48 49
49 42
49 43
49 44
49 45
49 46
49 47
49 48
49 49
0
No
0
No
0
No
0
Yes
22 20
22 21
23 19
23 20
23 21
23 22
23 23
23 24
23 25
23 26
23 27
24 18
24 19
24 20
24 21
24 22
24 23
24 24
24 25
24 26
24 27
25 16
25 17
25 18
25 19
25 20
25 21
25 22
25 23
25 24
25 25
25 26
25 27
26 16
26 17
26 18
26 19
26 20
26 21
26 22
26 23
26 24
26 25
26 26
27 16
27 17
27 18
27 19
27 20
27 21
27 22
27 23
27 24
27 25
27 26
28 18
28 19
28 20
0
Yes
3 39
3 40
4 39
4 40
4 41
4 42
4 43
4 44
4 45
5 39
5 40
5 41
5 42
5 43
5 44
5 45
6 36
6 37
6 38
6 39
6 40
6 41
6 42
6 43
7 36
7 37
7 38
7 39
7 40
7 41
7 42
7 43
8 36
8 37
8 38
8 39
8 40
0
Yes
11 45
11 48
11 49
12 39
12 41
12 45
12 49
13 37
13 38
13 39
13 40
13 41
13 43
13 44
13 45
13 49
14 37
14 38
14 39
14 40
14 41
14 42
14 43
14 44
14 45
14 46
14 48
14 49
15 37
15 38
15 39
15 40
15 41
15 42
15 43
15 44
15 45
15 46
15 47
15 48
15 49
16 35
16 36
16 37
16 38
16 39
16 40
16 41
16 45
16 46
16 47
16 48
16 49
17 35
17 36
17 37
17 38
17 39
17 40
17 46
17 47
17 48
17 49
18 35
18 36
18 37
18 38
18 39
18 40
18 46
18 47
18 48
18 49
19 35
19 36
19 37
19 38
19 39
19 40
19 41
19 42
19 43
19 47
19 49
20 39
20 41
20 42
21 41
21 42
0
Yes
0 24
0 25
0 26
0 27
0 28
0 29
0 30
0 31
0 32
0 33
0 34
0 35
0 36
1 24
1 25
1 26
1 27
1 28
1 29
1 30
1 31
1 32
1 33
1 34
1 35
1 36
2 24
2 25
2 26
2 27
2 28
2 29
2 30
2 31
2 32
2 33
2 34
2 35
2 36
3 25
3 26
3 30
3 31
3 32
3 33
3 34
3 35
3 36
4 30
4 31
4 32
4 33
4 34
4 35
4 36
5 30
5 31
5 32
5 33
5 34
5 35
5 36
0
Yes
6 30
6 31
6 32
6 33
6 34
7 30
7 31
7 32
7 33
7 34
8 30
8 31
8 32
8 33
8 34
9 30
9 31
9 32
9 33
0
No
0
Yes
0 0
0 1
0 2
0 3
0 4
0 5
0 6
0 7
0 8
1 0
1 3
1 4
2 0
2 3
0
Yes
0 19
0 20
0 21
0 22
0 23
1 18
1 19
1 20
1 21
1 22
1 23
2 18
2 19
2 20
2 21
2 22
2 23
3 18
3 19
3 20
3 21
3 22
3 23
4 19
4 20
0
Yes
1 7
2 7
2 8
3 8
3 9
3 10
4 6
4 7
4 8
4 9
4 10
5 8
5 9
5 10
5 11
6 5
6 6
6 7
6 8
6 9
6 10
6 11
7 7
7 8
7 9
7 10
7 11
7 13
8 5
8 6
8 7
8 8
8 9
8 10
8 11
8 12
8 13
8 14
9 7
9 8
9 9
9 10
9 11
9 12
9 13
9 14
9 15
10 3
10 5
10 6
10 7
10 8
10 9
10 10
10 11
11 1
11 2
11 3
11 5
11 6
11 7
11 8
11 9
11 10
12 1
12 2
12 3
12 5
12 6
12 7
12 8
12 9
13 1
13 2
13 3
13 4
13 5
13 6
13 7
13 8
13 9
13 10
14 1
14 2
14 3
14 4
14 5
14 6
14 7
14 9
15 1
15 2
15 3
15 4
15 5
15 6
0
Yes
4 22
4 23
4 24
4 25
5 18
5 19
5 20
5 21
5 22
5 23
5 24
5 25
6 19
6 20
6 21
6 22
6 23
6 24
6 25
6 26
7 19
7 20
7 21
7 22
7 23
7 24
7 25
8 16
8 17
8 18
8 24
9 16
9 17
9 18
9 24
10 15
10 16
10 17
10 18
10 23
10 24
10 25
10 26
10 27
10 28
10 29
10 30
11 16
11 17
11 18
11 23
11 24
11 25
11 26
11 27
11 28
11 29
11 30
12 17
12 18
12 19
12 20
12 21
12 22
12 23
12 24
12 25
12 26
12 27
12 28
12 29
13 17
13 18
13 19
13 20
13 21
13 22
13 23
13 24
13 25
13 26
13 27
13 28
13 29
14 17
14 18
14 19
14 20
14 21
14 22
14 23
14 24
14 25
14 26
14 27
14 28
14 29
15 19
15 20
15 21
15 22
15 23
15 24
15 25
15 26
15 27
15 28
15 29
16 19
16 20
16 21
16 22
16 23
17 19
17 20
17 21
17 22
17 23
0
Yes
1 7
2 7
2 8
3 8
3 9
3 10
4 6
4 7
4 8
4 9
4 10
5 8
5 9
5 10
5 11
6 5
6 6
6 7
6 8
6 9
6 10
6 11
7 7
7 8
7 9
7 10
7 11
7 13
8 5
8 6
8 7
8 8
8 9
8 10
8 11
8 12
8 13
8 14
9 7
9 8
9 9
9 10
9 11
9 12
9 13
9 14
10 3
10 5
10 6
10 7
10 8
10 9
10 10
10 11
11 1
11 2
11 3
11 5
11 6
11 7
11 8
11 9
11 10
12 1
12 2
12 3
12 5
12 6
12 7
12 8
12 9
13 2
13 3
13 4
13 5
13 6
13 7
13 8
13 9
13 10
14 2
14 3
14 4
14 5
14 6
14 7
14 9
15 2
15 3
15 4
15 5
15 6
0
Yes
6 35
7 35
8 35
9 35
9 36
9 37
9 38
10 31
10 32
10 33
10 34
10 35
10 36
11 31
11 32
11 33
11 34
11 35
11 36
12 31
12 32
12 33
12 34
12 35
12 36
13 31
13 32
13 33
13 34
13 35
13 36
14 31
14 32
14 33
14 34
14 35
14 36
15 35
0
Yes
10 0
10 1
11 0
12 0
13 0
14 0
14 1
15 0
15 1
16 0
16 1
16 2
16 3
16 4
16 5
16 6
17 0
17 1
17 2
17 3
17 4
17 5
18 0
18 1
18 2
18 3
18 4
19 0
19 1
19 2
19 3
19 4
20 0
20 1
20 2
20 3
20 4
21 0
21 1
21 2
21 3
21 4
22 0
22 1
22 2
22 3
22 4
23 0
23 1
23 2
23 3
24 0
24 1
0
Yes
6 35
7 35
8 35
9 35
9 36
9 37
9 38
10 33
10 34
10 35
10 36
11 33
11 34
11 35
11 36
12 34
12 35
12 36
0
Yes
10 31
10 32
11 31
11 32
12 31
12 32
13 30
13 31
13 32
13 33
13 34
13 35
13 36
14 30
14 31
14 32
14 33
14 34
14 35
14 36
15 30
15 31
15 32
15 33
15 34
15 35
16 29
16 30
16 31
16 32
16 33
16 34
17 31
17 32
17 33
17 34
18 31
18 32
18 33
18 34
19 31
19 32
19 33
19 34
20 31
0
Yes
0 37
0 38
0 39
1 37
1 38
1 39
2 37
0
No
0
Yes
20 33
20 34
20 35
20 36
20 37
21 30
21 31
21 32
21 33
21 34
21 35
21 36
21 37
21 38
21 39
22 32
22 33
22 34
22 35
22 36
22 37
22 38
22 39
23 33
23 34
23 35
23 36
23 37
23 38
23 39
24 33
24 34
24 35
24 36
24 37
24 38
24 39
25 35
25 36
25 37
25 38
25 39
26 35
26 36
0
Yes
10 0
10 1
11 0
12 0
13 0
14 0
14 1
15 0
15 1
16 0
16 1
16 2
16 3
16 4
16 5
16 6
17 0
17 1
17 2
17 3
17 4
17 5
18 0
18 1
18 2
18 3
18 4
19 0
19 1
19 2
19 3
19 4
20 0
20 1
20 2
20 3
20 4
21 0
21 1
21 2
21 3
21 4
0
Yes
19 10
20 5
20 8
20 9
20 10
21 5
21 8
21 9
21 10
22 2
22 3
22 4
22 5
22 7
22 8
22 9
22 10
22 11
23 2
23 3
23 4
23 5
23 6
23 7
23 8
23 9
23 10
24 2
24 3
24 4
24 5
24 6
24 7
24 8
24 9
24 10
24 11
25 2
25 3
25 4
25 5
25 6
25 7
25 8
25 9
25 10
25 11
25 12
26 2
26 3
26 4
26 5
26 6
26 7
26 8
26 9
26 10
26 11
26 12
26 13
27 2
27 3
27 4
27 5
27 6
27 7
27 8
27 9
27 10
27 11
28 2
28 3
28 4
28 5
28 6
28 7
28 8
28 9
28 10
28 11
29 2
29 3
29 4
29 5
29 6
29 7
29 8
29 9
29 10
29 11
0
Yes
22 0
22 1
23 0
23 1
24 0
24 1
25 0
25 1
26 0
26 1
27 0
27 1
28 0
28 1
29 0
29 1
30 0
30 1
30 2
30 3
30 4
30 5
30 6
31 0
31 1
31 2
31 3
31 4
31 5
32 0
32 1
32 2
32 3
32 4
32 5
33 0
33 1
33 2
33 3
33 4
33 5
34 0
34 1
34 2
34 3
34 4
34 5
35 0
35 1
35 2
35 3
35 4
35 5
0
Yes
0 19
0 20
0 21
0 22
1 18
1 19
1 20
1 21
1 22
2 18
2 19
2 20
2 21
2 22
3 18
3 19
3 20
3 21
0
Yes
0 0
0 1
0 2
0 3
0 4
1 0
1 3
2 0
0
Yes
22 28
23 28
23 29
24 28
24 29
25 28
25 29
26 28
26 29
26 30
27 27
27 28
27 29
27 30
28 22
28 23
28 24
28 25
28 26
28 27
28 28
28 29
29 22
29 23
29 24
29 25
29 26
29 27
29 28
29 29
29 30
29 31
29 32
29 33
30 22
30 23
30 24
30 25
30 26
30 27
30 28
30 29
30 30
30 31
30 32
31 22
31 23
31 24
31 25
31 26
31 27
31 28
31 29
31 30
31 31
31 32
32 22
32 23
32 24
32 25
32 26
32 27
32 28
32 29
32 30
32 31
32 32
33 22
33 23
33 24
33 25
33 26
33 27
33 28
33 29
33 30
33 31
33 32
0
Yes
3 28
4 26
4 27
4 28
4 29
5 27
5 28
5 29
6 27
6 28
0
Yes
6 30
6 31
6 32
7 29
7 30
7 31
7 32
8 29
8 30
8 31
0
Yes
22 28
23 28
23 29
24 28
24 29
25 28
25 29
26 28
26 29
26 30
27 27
27 28
27 29
27 30
28 25
28 26
28 27
28 28
28 29
29 25
29 26
29 27
29 28
29 29
29 30
30 25
30 26
30 27
30 28
30 29
30 30
31 28
0
Yes
0 19
0 20
0 21
1 18
1 19
1 20
1 21
2 18
2 19
2 20
2 21
0
Yes
23 40
24 40
24 41
24 42
24 43
24 44
25 40
25 41
25 42
25 43
25 44
26 38
26 39
26 40
26 41
26 42
26 43
26 44
27 35
27 36
27 37
27 38
27 39
27 40
27 41
27 42
27 43
27 44
28 35
28 36
28 37
28 38
28 39
28 40
28 41
28 42
28 43
28 44
28 45
29 35
29 36
29 37
29 38
29 39
29 40
29 41
29 42
29 43
29 44
30 35
30 36
30 37
30 38
30 39
30 40
30 41
30 42
30 43
30 44
31 35
31 36
31 37
31 38
31 39
31 40
31 41
31 42
31 43
31 44
32 35
32 36
32 37
32 38
32 39
32 40
32 41
32 42
32 43
32 44
0
Yes
24 48
25 47
25 48
25 49
26 46
26 47
26 48
26 49
27 46
27 47
27 48
27 49
28 46
28 47
28 48
28 49
29 46
29 47
29 48
29 49
30 46
30 47
30 48
30 49
31 46
31 47
31 48
31 49
32 47
32 48
0
Yes
0 0
0 1
0 2
0 3
0 4
1 0
1 3
2 0
0
Yes
27 33
28 33
28 34
29 31
29 32
29 33
29 34
30 31
30 32
30 33
30 34
31 30
31 31
31 32
31 33
31 34
32 27
32 28
32 29
32 30
32 31
32 32
32 33
32 34
33 27
33 28
33 29
33 30
33 31
33 32
33 33
33 34
33 35
33 36
33 37
33 38
34 27
34 28
34 29
34 30
34 31
34 32
34 33
34 34
34 35
34 36
34 37
35 27
35 28
35 29
35 30
35 31
35 32
35 33
35 34
35 35
35 36
35 37
36 27
36 28
36 29
36 30
36 31
36 32
36 33
36 34
36 35
36 36
36 37
37 28
37 29
37 30
37 31
37 32
37 33
37 34
37 35
37 36
37 37
0
Yes
30 7
30 8
30 9
30 10
30 11
31 7
31 8
31 9
31 10
31 11
31 12
32 6
32 7
32 8
32 9
32 10
32 11
32 12
32 13
33 6
33 7
33 8
33 9
33 10
33 11
33 12
34 6
34 7
34 8
34 9
34 10
35 6
35 7
35 8
35 9
35 10
35 11
35 12
35 13
35 14
36 1
36 2
36 3
36 4
36 5
36 6
36 7
36 8
36 9
36 10
36 11
36 12
36 13
36 14
37 1
37 2
37 3
37 4
37 5
37 6
37 7
37 8
37 9
37 10
37 11
37 12
37 13
37 14
38 1
38 2
38 3
38 4
38 5
38 6
38 7
38 8
38 9
38 10
38 11
38 12
38 13
38 14
39 1
39 2
39 3
39 4
39 5
39 6
39 7
39 8
39 9
39 10
39 11
39 12
39 13
39 14
40 1
40 2
40 3
40 4
40 5
40 7
40 8
40 9
40 10
40 11
40 12
40 13
41 8
41 9
41 10
41 11
41 12
41 13
0
Yes
30 45
31 45
32 45
33 39
33 40
33 41
33 42
33 43
33 44
33 45
33 46
33 47
33 48
33 49
34 39
34 40
34 41
34 42
34 43
34 44
34 45
34 46
34 47
34 48
34 49
35 38
35 39
35 40
35 41
35 42
35 43
35 44
35 45
35 46
35 47
35 48
35 49
36 38
36 39
36 40
36 41
36 42
36 43
36 44
36 45
36 46
36 47
36 48
36 49
37 38
37 39
37 40
37 41
37 42
37 43
37 44
37 45
37 46
37 47
37 48
37 49
38 38
38 39
38 40
38 41
38 42
38 43
38 44
38 45
38 46
38 47
38 48
38 49
39 38
39 39
39 40
39 41
39 42
39 43
39 44
39 45
39 46
39 47
39 48
39 49
40 38
40 39
40 40
40 41
40 42
40 43
40 44
40 45
40 46
40 47
40 48
40 49
41 38
41 39
41 40
41 41
41 42
41 43
41 44
41 45
41 46
41 47
41 48
41 49
42 39
42 40
42 41
42 42
42 43
42 44
42 45
42 46
42 47
42 48
42 49
0
No
0
Yes
36 0
37 0
38 0
39 0
40 0
41 0
41 1
41 2
41 3
41 4
42 0
42 1
42 2
42 4
42 8
42 9
42 10
43 0
43 1
43 2
43 8
43 9
43 10
44 0
44 1
44 2
44 3
44 7
44 8
44 9
44 10
45 0
45 1
45 2
45 3
45 4
45 5
45 6
45 7
45 8
45 9
45 10
46 0
46 1
46 2
46 3
46 4
46 5
46 6
46 7
46 8
46 9
47 0
47 1
47 2
47 3
47 4
47 5
47 6
47 7
47 8
48 0
48 1
48 2
48 3
48 4
48 5
48 6
48 7
48 8
49 0
49 1
49 2
49 3
49 4
49 5
49 6
49 7
49 8
0
Yes
0 19
0 20
0 21
0 22
0 23
1 18
1 19
1 20
1 21
1 22
1 23
2 18
2 19
2 20
2 21
2 22
2 23
3 18
3 19
3 20
3 21
3 22
3 23
4 19
4 20
0
Yes
38 28
38 29
38 30
38 31
38 32
38 33
38 34
38 35
38 36
38 37
39 29
39 30
39 31
39 32
39 33
39 34
39 35
39 36
39 37
40 29
40 30
40 31
40 32
40 33
40 34
40 35
40 36
40 37
41 28
41 29
41 30
41 31
41 32
41 33
41 34
41 35
41 36
41 37
42 26
42 27
42 28
42 29
42 30
42 31
42 32
42 33
43 28
43 29
43 30
43 31
43 32
43 33
44 27
44 28
44 29
44 30
44 31
45 26
45 27
45 28
45 29
45 30
45 31
45 32
46 25
46 26
46 27
46 28
46 29
46 30
46 31
47 25
47 26
47 27
47 28
47 29
47 30
47 31
48 25
48 26
48 27
48 28
48 29
48 30
48 31
49 25
49 26
49 27
49 28
49 29
49 30
0
No
0
Yes
6 33
6 34
6 35
7 33
7 34
7 35
8 33
8 34
8 35
9 30
9 31
9 32
9 33
9 34
9 35
10 33
10 34
10 35
11 33
11 34
11 35
0
Yes
16 25
16 26
16 27
16 28
17 24
17 25
17 26
17 27
17 28
17 29
18 21
18 22
18 23
18 24
18 25
18 26
18 27
18 28
18 29
19 21
19 22
19 23
19 24
19 25
19 26
19 27
19 28
19 29
20 21
20 22
20 23
20 24
20 25
20 26
20 27
20 28
20 29
21 21
21 22
21 23
21 24
21 25
21 26
21 27
22 25
0
Yes
28 22
28 23
28 24
29 19
29 20
29 21
29 22
29 23
29 24
30 21
30 22
30 23
30 24
31 21
31 22
31 23
31 24
31 25
31 26
32 19
32 20
32 21
32 22
32 23
32 24
32 25
32 26
33 18
33 19
33 20
33 21
33 22
33 23
33 24
33 25
33 26
34 18
34 19
34 20
34 21
34 22
34 23
34 24
34 25
34 26
35 18
35 19
35 20
35 21
35 22
35 23
35 24
35 25
35 26
36 19
36 20
36 21
36 22
36 23
36 24
0
Yes
30 45
31 45
32 45
33 39
33 40
33 41
33 42
33 43
33 44
33 45
33 46
33 47
33 48
33 49
34 39
34 40
34 41
34 42
34 43
34 44
34 45
34 46
34 47
34 48
34 49
35 38
35 39
35 40
35 41
35 42
35 43
35 44
35 45
35 46
35 47
35 48
35 49
36 38
36 39
36 40
36 41
36 42
36 43
36 44
36 45
36 46
36 47
36 48
36 49
37 38
37 39
37 40
37 41
37 42
37 43
37 44
37 45
37 46
37 47
37 48
37 49
38 38
38 39
38 40
38 41
38 42
38 43
38 44
38 45
38 46
38 47
38 48
38 49
39 38
39 39
39 40
39 41
39 42
39 43
39 44
39 45
39 46
39 47
39 48
39 49
40 38
40 39
40 40
40 41
40 42
40 43
40 44
40 45
40 46
40 47
40 48
40 49
41 38
41 39
41 40
41 41
41 42
41 43
41 44
41 45
41 46
41 47
41 48
41 49
42 38
42 39
42 40
42 41
42 42
42 43
42 44
42 45
42 46
42 47
42 48
42 49
43 40
43 41
43 42
43 43
43 44
43 45
43 46
43 47
43 48
43 49
44 40
44 41
44 42
44 43
44 44
44 45
44 46
44 47
44 48
44 49
45 41
45 42
45 43
45 44
45 45
45 46
45 47
45 48
45 49
0
Yes
10 0
10 1
11 0
12 0
13 0
14 0
14 1
15 0
15 1
16 0
16 1
16 2
16 3
16 4
17 0
17 1
17 2
17 3
17 4
18 0
18 1
18 2
18 3
18 4
19 0
19 1
19 2
19 3
19 4
20 0
20 1
20 2
20 3
0
Yes
27 33
28 33
28 34
29 31
29 32
29 33
29 34
30 31
30 32
30 33
30 34
31 30
31 31
31 32
31 33
31 34
32 27
32 28
32 29
32 30
32 31
32 32
32 33
32 34
33 27
33 28
33 29
33 30
33 31
33 32
33 33
33 34
33 35
33 36
33 37
34 27
34 28
34 29
34 30
34 31
34 32
34 33
34 34
34 35
34 36
34 37
35 27
35 28
35 29
35 30
35 31
35 32
35 33
35 34
35 35
35 36
35 37
36 27
36 28
36 29
36 30
36 31
36 32
36 33
36 34
36 35
36 36
36 37
37 28
37 29
37 30
37 31
37 32
37 33
37 34
37 35
37 36
37 37
0
No
0
No
0
Yes
18 30
19 30
20 30
20 33
20 34
20 35
20 36
21 30
21 31
21 32
21 33
21 34
21 35
21 36
22 32
22 33
22 34
22 35
22 36
0
Yes
20 37
21 37
21 38
21 39
22 37
22 38
22 39
23 35
23 36
23 37
23 38
23 39
24 35
24 36
24 37
24 38
24 39
25 36
25 37
25 38
0
Yes
0 0
0 1
0 2
0 3
1 0
2 0
0
Yes
23 40
24 40
24 41
24 42
24 43
24 44
25 40
25 41
25 42
25 43
25 44
26 35
26 36
26 37
26 38
26 39
26 40
26 41
26 42
26 43
26 44
27 35
27 36
27 37
27 38
27 39
27 40
27 41
27 42
27 43
27 44
28 36
28 37
28 38
28 39
28 40
28 41
28 42
28 43
28 44
29 36
29 37
29 38
29 39
29 40
29 41
29 42
29 43
29 44
30 36
30 37
30 38
30 39
30 40
30 41
30 42
30 43
30 44
0
Yes
0 24
0 25
0 26
0 27
0 28
0 29
0 30
0 31
0 32
1 24
1 25
1 26
1 27
1 28
1 29
1 30
1 31
2 24
2 25
2 26
2 27
2 28
2 29
2 30
2 31
3 24
3 25
3 26
3 27
3 28
3 29
3 30
3 31
4 26
4 27
4 28
4 29
4 30
4 31
0
No
0
Yes
0 33
0 34
0 35
1 33
1 34
1 35
2 33
2 34
2 35
0
No
0
Yes
0 36
0 37
0 38
0 39
1 36
1 37
1 38
1 39
2 36
2 37
2 38
2 39
3 32
3 33
3 34
3 35
3 36
3 37
3 38
4 32
4 33
4 34
4 35
4 36
4 37
4 38
5 33
5 34
5 35
5 36
5 37
0
Yes
0 0
0 1
0 2
0 3
0 4
1 0
2 0
0
Yes
9 36
9 37
9 38
10 36
10 37
10 38
10 39
10 40
11 36
11 37
11 38
11 45
12 34
12 35
12 36
12 37
12 38
12 39
12 41
12 45
12 49
13 37
13 38
13 39
13 40
13 41
13 43
13 44
13 45
13 49
14 37
14 38
14 39
14 40
14 41
14 42
14 43
14 44
14 45
14 46
14 48
14 49
15 37
15 38
15 39
15 40
15 41
15 42
15 43
15 44
15 45
15 46
15 47
15 48
15 49
16 36
16 37
16 38
16 39
16 40
16 41
16 45
16 46
16 47
16 48
16 49
17 35
17 36
17 37
17 38
17 39
17 40
18 35
18 36
18 37
18 38
18 39
18 40
19 35
19 36
19 37
19 38
19 39
19 40
19 41
19 42
19 43
20 39
20 41
20 42
21 41
21 42
0
Yes
24 48
25 47
25 48
25 49
26 46
26 47
26 48
26 49
27 46
27 47
27 48
27 49
28 45
28 46
28 47
28 48
28 49
29 45
29 46
29 47
29 48
29 49
30 45
30 46
30 47
30 48
30 49
31 41
31 42
31 43
31 44
31 45
31 46
31 47
31 48
31 49
32 41
32 42
32 43
32 44
32 45
32 46
32 47
32 48
32 49
33 41
33 42
33 43
33 44
33 45
33 46
33 47
33 48
33 49
34 41
34 42
34 43
34 44
34 45
34 46
34 47
34 48
34 49
35 41
35 42
35 43
35 44
35 45
35 46
35 47
35 48
35 49
36 41
36 42
36 43
36 44
36 45
36 46
36 47
36 48
36 49
37 41
37 42
37 43
37 44
37 45
37 46
37 47
37 48
37 49
38 41
38 42
38 43
38 44
38 45
38 46
38 47
38 48
38 49
0
Yes
19 10
20 5
20 8
20 9
20 10
21 3
21 4
21 5
21 8
21 9
21 10
22 3
22 4
22 5
22 7
22 8
22 9
22 10
22 11
23 3
23 4
23 5
23 6
23 7
23 8
23 9
23 10
24 3
24 4
24 5
24 6
24 7
24 8
24 9
24 10
24 11
25 3
25 4
25 5
25 6
25 7
25 8
25 9
25 10
25 11
25 12
26 3
26 4
26 5
26 6
26 7
26 8
26 9
26 10
26 11
26 12
27 3
27 4
27 5
27 6
27 7
27 8
27 9
27 10
27 11
28 5
28 6
28 7
28 8
28 9
28 10
28 11
0
Yes
27 33
28 33
28 34
29 31
29 32
29 33
29 34
29 35
30 31
30 32
30 33
30 34
30 35
31 30
31 31
31 32
31 33
31 34
31 35
31 36
31 37
31 38
31 39
32 29
32 30
32 31
32 32
32 33
32 34
32 35
32 36
32 37
32 38
32 39
33 29
33 30
33 31
33 32
33 33
33 34
33 35
33 36
33 37
33 38
33 39
34 29
34 30
34 31
34 32
34 33
34 34
34 35
34 36
34 37
34 38
34 39
35 29
35 30
35 31
35 32
35 33
35 34
35 35
35 36
35 37
35 38
35 39
36 29
36 30
36 31
36 32
36 33
36 34
36 35
36 36
36 37
36 38
36 39
0
Yes
31 40
32 40
33 40
34 40
35 40
36 40
37 29
37 30
37 31
37 32
37 33
37 34
37 35
37 36
37 37
37 38
37 39
37 40
38 29
38 30
38 31
38 32
38 33
38 34
38 35
38 36
38 37
38 38
38 39
38 40
39 29
39 30
39 31
39 32
39 33
39 34
39 35
39 36
39 37
39 38
39 39
39 40
39 41
39 42
39 43
39 44
39 45
39 46
39 47
39 48
39 49
40 29
40 30
40 31
40 32
40 33
40 34
40 35
40 36
40 37
40 38
40 39
40 40
40 41
40 42
40 43
40 44
40 45
40 46
40 47
40 48
40 49
41 29
41 30
41 31
41 32
41 33
41 34
41 35
41 36
41 37
41 38
41 39
41 40
41 41
41 42
41 43
41 44
41 45
41 46
41 47
41 48
41 49
42 36
42 37
42 38
42 39
42 40
42 41
42 42
42 43
42 44
42 45
42 46
42 47
42 48
42 49
43 37
43 40
43 41
43 42
43 43
43 44
43 45
43 46
43 47
43 48
43 49
44 39
44 40
44 41
44 42
44 43
44 44
44 45
44 46
44 47
44 48
44 49
45 40
45 41
45 42
45 43
45 44
45 45
45 46
45 47
45 48
45 49
0
Yes
0 33
0 34
0 35
0 36
0 37
0 38
0 39
0 40
0 41
0 42
0 43
0 44
0 45
0 46
0 47
0 48
0 49
1 33
1 34
1 35
1 36
1 37
1 38
1 39
1 40
1 41
1 42
1 43
1 44
1 45
1 46
1 47
1 48
1 49
2 32
2 33
2 34
2 35
2 36
2 37
2 38
2 39
2 40
2 41
2 42
2 43
2 44
2 45
2 46
2 47
2 48
2 49
3 32
3 33
3 34
3 35
3 36
3 37
3 38
3 42
3 43
3 44
3 45
3 46
3 47
3 48
3 49
4 32
4 33
4 34
4 35
4 36
4 37
4 38
4 46
4 47
5 27
5 28
5 29
5 30
5 31
5 32
5 33
5 34
5 35
5 36
5 37
6 27
6 28
6 33
6 34
6 35
7 27
7 28
7 33
7 34
7 35
8 26
8 27
8 28
8 33
8 34
8 35
9 26
9 27
9 28
9 29
9 30
9 31
9 32
9 33
9 34
9 35
10 33
10 34
10 35
11 33
11 34
0
Yes
16 25
16 26
16 27
16 28
17 24
17 25
17 26
17 27
17 28
17 29
18 22
18 23
18 24
18 25
18 26
18 27
18 28
18 29
19 22
19 23
19 24
19 25
19 26
19 27
19 28
19 29
20 22
20 23
20 24
20 25
20 26
20 27
20 28
20 29
21 25
0
Yes
0 0
0 1
0 2
0 3
0 4
0 5
0 6
0 7
0 8
1 0
1 3
1 4
1 7
2 0
2 3
2 7
2 8
3 8
3 9
3 10
4 6
4 7
4 8
4 9
4 10
5 8
5 9
5 10
5 11
6 5
6 6
6 7
6 8
6 9
6 10
6 11
7 7
7 8
7 9
7 10
7 11
7 13
8 5
8 6
8 7
8 8
8 9
8 10
8 11
8 12
8 13
8 14
9 7
9 8
9 9
9 10
9 11
9 12
9 13
9 14
10 3
10 5
10 6
10 7
10 8
10 9
10 10
10 11
11 2
11 3
11 5
11 6
11 7
11 8
11 9
11 10
12 1
12 2
12 3
12 5
12 6
12 7
12 8
12 9
13 2
13 3
13 4
13 5
13 6
13 7
13 8
13 9
14 2
14 3
14 4
14 5
14 6
14 7
15 3
15 4
15 5
15 6
16 5
16 6
0
Yes
24 48
25 47
25 48
25 49
26 46
26 47
26 48
26 49
27 46
27 47
27 48
27 49
28 45
28 46
28 47
28 48
28 49
29 45
29 46
29 47
29 48
29 49
30 45
30 46
30 47
30 48
30 49
31 42
31 43
31 44
31 45
31 46
31 47
31 48
31 49
32 42
32 43
32 44
32 45
32 46
32 47
32 48
32 49
33 42
33 43
33 44
33 45
33 46
33 47
33 48
33 49
34 42
34 43
34 44
34 45
34 46
34 47
34 48
34 49
35 42
35 43
35 44
35 45
35 46
35 47
35 48
35 49
36 42
36 43
36 44
36 45
36 46
36 47
36 48
36 49
37 45
37 46
37 47
37 48
37 49
0
No
0
Yes
0 19
0 20
1 19
1 20
0
No
0
Yes
0 21
0 22
0 23
0 24
0 25
0 26
0 27
0 28
0 29
0 30
0 31
0 32
0 33
0 34
0 35
0 36
0 37
0 38
0 39
0 40
1 18
1 21
1 22
1 23
1 24
1 25
1 26
1 27
1 28
1 29
1 30
1 31
1 32
1 33
1 34
1 35
1 36
1 37
1 38
1 39
1 40
2 18
2 19
2 20
2 21
2 22
2 23
2 24
2 25
2 26
2 27
2 28
2 29
2 30
2 31
2 32
2 33
2 34
2 35
2 36
2 37
2 38
2 39
2 40
3 18
3 19
3 20
3 21
3 22
3 23
3 24
3 25
3 26
3 27
3 28
3 29
3 30
3 31
3 32
3 33
3 34
3 35
3 36
3 37
3 38
4 19
4 20
4 26
4 27
4 28
4 29
4 30
4 31
4 32
4 33
4 34
4 35
4 36
4 37
4 38
5 27
5 28
5 29
5 30
5 31
5 32
5 33
5 34
5 35
5 36
5 37
6 27
6 28
6 33
6 34
6 35
7 27
7 28
7 33
7 34
8 26
8 27
8 28
9 26
9 27
9 28
9 29
9 30
0
Yes
18 18
18 19
18 20
18 21
19 19
19 20
19 21
20 20
20 21
21 21
21 22
21 23
21 27
22 20
22 21
22 22
22 23
22 24
22 25
22 26
22 27
22 28
23 19
23 20
23 21
23 22
23 23
23 24
23 25
23 26
23 27
23 28
23 29
24 18
24 19
24 20
24 21
24 22
24 23
24 24
24 25
24 26
24 27
24 28
24 29
25 16
25 17
25 18
25 19
25 20
25 21
25 22
25 23
25 24
25 25
25 26
25 27
25 28
25 29
26 15
26 16
26 17
26 18
26 19
26 20
26 21
26 22
26 23
26 24
26 25
26 26
26 27
26 28
26 29
26 30
27 16
27 17
27 18
27 19
27 20
27 21
27 22
27 23
27 24
27 25
27 26
27 27
27 28
27 29
27 30
28 18
28 19
28 20
28 25
28 26
28 27
28 28
28 29
29 25
29 26
29 27
29 28
29 29
29 30
30 26
30 27
30 28
30 29
30 30
31 27
31 28
31 29
31 30
32 27
0
Yes
0 21
0 22
0 23
0 24
0 25
0 26
0 27
0 28
0 29
0 30
1 18
1 21
1 22
1 23
1 24
1 25
1 26
1 27
1 28
1 29
1 30
2 18
2 19
2 20
2 21
2 22
2 23
2 24
2 25
2 26
2 27
2 28
2 29
2 30
3 18
3 19
3 20
3 21
3 22
3 23
3 24
3 25
3 26
3 27
3 28
3 29
3 30
4 19
4 20
4 21
4 22
4 23
4 24
4 25
4 26
4 27
4 28
4 29
4 30
5 18
5 19
5 20
5 21
5 22
5 23
5 24
5 25
5 26
5 27
5 28
5 29
5 30
6 19
6 20
6 21
6 22
6 23
6 24
6 25
6 26
6 27
6 28
7 19
7 20
7 21
7 22
7 23
7 24
7 25
7 26
7 27
7 28
8 19
8 20
8 21
8 22
8 23
8 24
8 25
8 26
8 27
8 28
9 19
9 20
9 21
9 22
9 23
9 24
0
Yes
0 31
0 32
0 33
0 34
0 35
0 36
0 37
0 38
0 39
0 40
0 41
0 42
1 31
1 32
1 33
1 34
1 35
1 36
1 37
1 38
1 39
1 40
1 41
1 42
2 31
2 32
2 33
2 34
2 35
2 36
2 37
2 38
2 39
2 40
2 41
2 42
3 31
3 32
3 33
3 34
3 35
3 36
3 37
3 38
4 31
4 32
4 33
4 34
4 35
4 36
4 37
4 38
5 31
5 32
5 33
5 34
5 35
5 36
5 37
6 33
6 34
6 35
7 33
7 34
7 35
8 33
8 34
8 35
9 32
9 33
9 34
9 35
0
Yes
0 21
0 22
0 23
0 24
0 25
0 26
0 27
1 18
1 21
1 22
1 23
1 24
1 25
1 26
1 27
2 18
2 19
2 20
2 21
2 22
2 23
2 24
2 25
2 26
2 27
3 18
3 19
3 20
3 21
3 22
3 23
3 24
3 25
3 26
3 27
4 19
4 20
4 21
4 22
4 23
4 24
4 25
4 26
4 27
5 19
5 20
5 21
5 22
5 23
5 24
5 25
5 26
5 27
0
No
0
Yes
0 28
0 29
0 30
1 28
1 29
1 30
2 28
2 29
2 30
3 28
3 29
3 30
4 28
4 29
4 30
5 28
5 29
5 30
6 25
6 26
6 27
6 28
6 29
6 30
7 25
7 26
7 27
7 28
7 29
7 30
8 25
8 26
8 27
8 28
8 29
8 30
0
Yes
0 43
0 44
0 45
0 46
0 47
0 48
0 49
1 43
1 44
1 45
1 46
1 47
1 48
1 49
2 43
2 44
2 45
2 46
2 47
2 48
2 49
3 42
3 43
3 44
3 45
3 46
3 47
3 48
3 49
4 46
4 47
0
Yes
6 19
6 20
6 21
6 22
6 23
6 24
7 19
7 20
7 21
7 22
7 23
7 24
8 16
8 17
8 18
8 19
8 20
8 21
8 22
8 23
8 24
9 15
9 16
9 17
9 18
9 19
9 20
9 21
9 22
9 23
9 24
9 25
9 26
9 27
9 28
9 29
9 30
10 15
10 16
10 17
10 18
10 19
10 20
10 21
10 22
10 23
10 24
10 25
10 26
10 27
10 28
10 29
10 30
11 16
11 17
11 18
11 19
11 20
11 21
11 22
11 23
11 24
11 25
11 26
11 27
11 28
11 29
11 30
12 17
12 18
12 19
12 20
12 21
12 22
12 23
12 24
12 25
12 26
12 27
12 28
12 29
12 30
13 17
13 18
13 19
13 20
13 21
13 22
13 23
13 24
13 25
13 26
13 27
13 28
13 29
13 30
14 17
14 18
14 19
14 20
14 21
14 22
14 23
14 24
14 25
14 26
14 27
14 28
14 29
15 16
15 17
15 19
15 20
15 21
15 22
15 23
15 24
15 25
15 26
15 27
15 28
15 29
16 19
16 20
16 21
16 22
16 23
16 24
16 25
16 26
16 27
16 28
16 29
17 19
17 20
17 21
17 22
17 23
17 24
17 25
17 26
17 27
17 28
17 29
0
Yes
6 31
7 31
7 32
8 31
9 31
9 36
9 37
9 38
10 31
10 32
10 33
10 34
10 35
10 36
10 37
10 38
10 39
10 40
11 31
11 32
11 33
11 34
11 35
11 36
11 37
11 38
12 31
12 32
12 33
12 34
12 35
12 36
12 37
12 38
12 39
13 31
13 32
13 33
13 34
13 35
13 36
13 37
13 38
13 39
13 40
14 31
14 32
14 33
14 34
14 35
14 36
14 37
14 38
14 39
14 40
15 30
15 31
15 32
15 33
15 34
15 35
15 36
15 37
15 38
15 39
15 40
16 30
16 31
16 32
16 33
16 34
16 35
16 36
16 37
16 38
16 39
16 40
17 30
17 31
17 32
17 33
17 34
17 35
17 36
17 37
17 38
17 39
18 31
18 32
18 33
18 34
18 35
18 36
18 37
18 38
18 39
19 31
19 32
19 33
19 34
19 35
19 36
19 37
19 38
19 39
0
Yes
0 43
0 44
0 45
0 46
1 43
1 44
1 45
1 46
2 43
2 44
2 45
0
Yes
0 47
0 48
0 49
1 47
1 48
1 49
2 47
2 48
2 49
3 46
3 47
3 48
3 49
4 46
4 47
4 48
4 49
0
Yes
0 28
0 29
0 30
1 28
1 29
1 30
2 28
2 29
2 30
3 28
3 29
3 30
4 28
4 29
4 30
5 28
5 29
5 30
6 26
6 27
6 28
6 29
6 30
7 26
7 27
7 28
7 29
7 30
8 28
0
Yes
0 0
0 1
0 2
0 3
0 4
0 5
0 6
0 7
0 8
1 0
1 3
1 4
1 7
2 0
2 3
2 7
2 8
3 8
3 9
3 10
4 6
4 7
4 8
4 9
4 10
5 8
5 9
5 10
6 5
6 6
6 7
6 8
6 9
6 10
7 7
7 8
7 9
7 10
8 7
8 8
8 9
